2025-11-07 21:34:19,019 - INFO - ORB: mapped legacy pl_percent=0.5 to target_pct (explicit target_pct not provided)
2025-11-07 21:34:19,045 - INFO - Starting backtest (close-only execution) for NIFTY
2025-11-07 21:34:21,350 - INFO - Loaded 112651 data points for NIFTY
2025-11-07 21:34:44,916 - INFO - ORB range finalized at 2025-09-01 09:29:00: HIGH=24532.75 LOW=24432.7
2025-11-07 21:34:44,952 - INFO - Bull pivot (touch) at 2025-09-01 09:33:00: close 24535.3 > range_high 24532.75 and low 24528.5 <= range_high
2025-11-07 21:34:44,957 - INFO - LONG entry signal at 2025-09-01 09:34:00 crossing pivot_high=24532.75 SL=24508.21725 (entry_price=24532.75, pct_stop=0.1)
2025-11-07 21:34:44,959 - INFO - Signal #1: buy at 2025-09-01 09:30:00 close=24540.9 (pending=yes)
2025-11-07 21:34:44,967 - INFO - Processing signal 'buy' at 2025-09-01 09:30:00 price=24540.9 option_data_present=True
2025-11-07 21:34:44,967 - INFO - Opened LONG position at 24540.9 on 2025-09-01 09:30:00
2025-11-07 21:34:44,967 - INFO - process_signal returned: None
2025-11-07 21:34:45,131 - INFO - LONG pct trail move: stop 24508.21725 -> 24511.2293 at 2025-09-01 09:54:00
2025-11-07 21:34:45,152 - INFO - LONG pct trail move: stop 24511.2293 -> 24511.6285 at 2025-09-01 09:55:00
2025-11-07 21:34:45,377 - INFO - LONG stop EXIT (early check) at 2025-09-01 10:21:00 stop=24511.6285
2025-11-07 21:34:45,382 - INFO - Range retouched at 2025-09-01 10:22:00; re-arming breakout logic.
2025-11-07 21:34:45,395 - INFO - Signal #2: sell at 2025-09-01 10:20:00 close=24512.15 (pending=yes)
2025-11-07 21:34:45,396 - INFO - Processing signal 'sell' at 2025-09-01 10:20:00 price=24512.15 option_data_present=True
2025-11-07 21:34:45,396 - INFO - PL% threshold reached (-24.73%), auto-closing long position
2025-11-07 21:34:45,396 - INFO - Closed LONG position: P&L=-1391.25
2025-11-07 21:34:45,396 - INFO - process_signal returned: {'trade_id': 0, 'entry_datetime': Timestamp('2025-09-01 09:30:00'), 'exit_datetime': Timestamp('2025-09-01 10:20:00'), 'entry_price': 24532.75, 'exit_price': 24512.15, 'entry_option_price': np.float64(75.0), 'exit_option_price': np.float64(56.45), 'position_type': 'long', 'action': 'closed', 'position_state': 'closed', 'profit_loss': np.float64(-1391.2499999999998), 'lot_size': 75, 'range_high': 24532.75, 'range_low': 24432.7, 'open_range_completed': True, 'pivot_time': Timestamp('2025-09-01 09:29:00'), 'pivot_high': 24532.75, 'pivot_low': 24432.7, 'pivot_direction': None, 'entry_taken': True, 'daily_trade_taken': True, 'trades_taken_today': 1, 'max_trades_per_day': 3, 'in_position': False, 'stop_loss': 24511.6285, 'stop_loss_pct': 0.1, 'trailing_stop_pct': 0.2, 'trailing_anchor': 24560.75, 'target_pct': 0.5, 'target_price': 24655.413749999996, 'target_locked': False, 'in_entry_window': False, 'require_range_retouch': False, 'require_boundary_touch': True, 'option_symbol': 'NIFTY2590224550CE', 'option_type': 'OTM', 'strike_price': np.float64(24550.0), 'option_price': np.float64(56.45), 'instrument_token': np.int64(12526850)}
2025-11-07 21:34:45,398 - INFO - Saved trade: 0, P&L=-1391.25
2025-11-07 21:34:45,597 - INFO - Bull pivot (touch) at 2025-09-01 10:45:00: close 24537.25 > range_high 24532.75 and low 24527.3 <= range_high
2025-11-07 21:34:45,603 - INFO - LONG entry signal at 2025-09-01 10:46:00 crossing pivot_high=24532.75 SL=24508.21725 (entry_price=24532.75, pct_stop=0.1)
2025-11-07 21:34:45,624 - INFO - Signal #3: buy at 2025-09-01 10:45:00 close=24538.75 (pending=yes)
2025-11-07 21:34:45,625 - INFO - Processing signal 'buy' at 2025-09-01 10:45:00 price=24538.75 option_data_present=True
2025-11-07 21:34:45,625 - INFO - Opened LONG position at 24538.75 on 2025-09-01 10:45:00
2025-11-07 21:34:45,625 - INFO - process_signal returned: None
2025-11-07 21:34:46,566 - INFO - LONG pct trail move: stop 24508.21725 -> 24509.383 at 2025-09-01 12:25:00
2025-11-07 21:34:46,590 - INFO - LONG pct trail move: stop 24509.383 -> 24513.6744 at 2025-09-01 12:25:00
2025-11-07 21:34:46,602 - INFO - LONG pct trail move: stop 24513.6744 -> 24516.219299999997 at 2025-09-01 12:27:00
2025-11-07 21:34:46,609 - INFO - LONG pct trail move: stop 24516.219299999997 -> 24523.355 at 2025-09-01 12:28:00
2025-11-07 21:34:46,616 - INFO - LONG pct trail move: stop 24523.355 -> 24524.9019 at 2025-09-01 12:29:00
2025-11-07 21:34:46,642 - INFO - LONG pct trail move: stop 24524.9019 -> 24525.201299999997 at 2025-09-01 12:30:00
2025-11-07 21:34:47,093 - INFO - LONG pct trail move: stop 24525.201299999997 -> 24526.6484 at 2025-09-01 12:39:00
2025-11-07 21:34:47,369 - INFO - LONG pct trail move: stop 24526.6484 -> 24529.1434 at 2025-09-01 13:04:00
2025-11-07 21:34:47,400 - INFO - LONG pct trail move: stop 24529.1434 -> 24532.6364 at 2025-09-01 13:05:00
2025-11-07 21:34:47,414 - INFO - LONG pct trail move: stop 24532.6364 -> 24539.6723 at 2025-09-01 13:07:00
2025-11-07 21:34:47,420 - INFO - LONG pct trail move: stop 24539.6723 -> 24539.822 at 2025-09-01 13:08:00
2025-11-07 21:34:47,426 - INFO - LONG pct trail move: stop 24539.822 -> 24542.1174 at 2025-09-01 13:09:00
2025-11-07 21:34:47,456 - INFO - LONG pct trail move: stop 24542.1174 -> 24542.7661 at 2025-09-01 13:10:00
2025-11-07 21:34:47,510 - INFO - LONG pct trail move: stop 24542.7661 -> 24543.9637 at 2025-09-01 13:15:00
2025-11-07 21:34:47,517 - INFO - LONG pct trail move: stop 24543.9637 -> 24544.911799999998 at 2025-09-01 13:16:00
2025-11-07 21:34:47,573 - INFO - LONG pct trail move: stop 24544.911799999998 -> 24546.458700000003 at 2025-09-01 13:21:00
2025-11-07 21:34:47,680 - INFO - LONG pct trail move: stop 24546.458700000003 -> 24548.6044 at 2025-09-01 13:30:00
2025-11-07 21:34:47,686 - INFO - LONG pct trail move: stop 24548.6044 -> 24552.0475 at 2025-09-01 13:31:00
2025-11-07 21:34:47,693 - INFO - LONG pct trail move: stop 24552.0475 -> 24554.293 at 2025-09-01 13:32:00
2025-11-07 21:34:47,699 - INFO - LONG pct trail move: stop 24554.293 -> 24556.9876 at 2025-09-01 13:33:00
2025-11-07 21:34:47,919 - INFO - LONG pct trail move: stop 24556.9876 -> 24557.0375 at 2025-09-01 13:52:00
2025-11-07 21:34:48,040 - INFO - LONG pct trail move: stop 24557.0375 -> 24557.786 at 2025-09-01 14:04:00
2025-11-07 21:34:48,042 - INFO - LONG pct trail move: stop 24557.786 -> 24558.0854 at 2025-09-01 14:05:00
2025-11-07 21:34:48,070 - INFO - LONG pct trail move: stop 24558.0854 -> 24560.4806 at 2025-09-01 14:05:00
2025-11-07 21:34:48,094 - INFO - LONG pct trail move: stop 24560.4806 -> 24565.1213 at 2025-09-01 14:09:00
2025-11-07 21:34:48,122 - INFO - LONG pct trail move: stop 24565.1213 -> 24566.3189 at 2025-09-01 14:10:00
2025-11-07 21:34:48,128 - INFO - LONG pct trail move: stop 24566.3189 -> 24566.6183 at 2025-09-01 14:11:00
2025-11-07 21:34:48,134 - INFO - LONG pct trail move: stop 24566.6183 -> 24567.2171 at 2025-09-01 14:12:00
2025-11-07 21:34:48,140 - INFO - LONG pct trail move: stop 24567.2171 -> 24567.3668 at 2025-09-01 14:13:00
2025-11-07 21:34:48,146 - INFO - LONG pct trail move: stop 24567.3668 -> 24571.0095 at 2025-09-01 14:14:00
2025-11-07 21:34:48,453 - INFO - LONG pct trail move: stop 24571.0095 -> 24571.259 at 2025-09-01 14:41:00
2025-11-07 21:34:48,459 - INFO - LONG pct trail move: stop 24571.259 -> 24573.754 at 2025-09-01 14:42:00
2025-11-07 21:34:48,620 - INFO - LONG pct trail move: stop 24573.754 -> 24574.203100000002 at 2025-09-01 14:56:00
2025-11-07 21:34:48,996 - INFO - LONG pct trail move: stop 24574.203100000002 -> 24581.239 at 2025-09-01 14:57:00
2025-11-07 21:34:49,003 - INFO - LONG pct trail move: stop 24581.239 -> 24584.1332 at 2025-09-01 14:58:00
2025-11-07 21:34:49,009 - INFO - LONG pct trail move: stop 24584.1332 -> 24584.4825 at 2025-09-01 14:59:00
2025-11-07 21:34:49,047 - INFO - LONG pct trail move: stop 24584.4825 -> 24585.630200000003 at 2025-09-01 15:00:00
2025-11-07 21:34:49,075 - INFO - Closed LONG position: P&L=2497.50
2025-11-07 21:34:49,080 - INFO - Saved trade: 1, P&L=2497.5
2025-11-07 21:34:49,410 - INFO - New trading day detected: 2025-09-02. Resetting ORB state.
2025-11-07 21:34:49,413 - INFO - New trading day detected: 2025-09-01. Resetting ORB state.
2025-11-07 21:35:04,784 - INFO - New trading day detected: 2025-09-02. Resetting ORB state.
2025-11-07 21:35:07,897 - INFO - ORB range finalized at 2025-09-02 09:29:00: HIGH=24685.3 LOW=24632.2
2025-11-07 21:35:08,011 - INFO - Bull pivot (touch) at 2025-09-02 09:37:00: close 24688.35 > range_high 24685.3 and low 24681.35 <= range_high
2025-11-07 21:35:08,017 - INFO - LONG entry signal at 2025-09-02 09:38:00 crossing pivot_high=24685.3 SL=24660.6147 (entry_price=24685.3, pct_stop=0.1)
2025-11-07 21:35:08,025 - INFO - Signal #4: buy at 2025-09-02 09:35:00 close=24687.55 (pending=yes)
2025-11-07 21:35:08,026 - INFO - Processing signal 'buy' at 2025-09-02 09:35:00 price=24687.55 option_data_present=True
2025-11-07 21:35:08,026 - INFO - Opened LONG position at 24687.55 on 2025-09-02 09:35:00
2025-11-07 21:35:08,026 - INFO - process_signal returned: None
2025-11-07 21:35:08,204 - INFO - LONG pct trail move: stop 24660.6147 -> 24669.6119 at 2025-09-02 09:52:00
2025-11-07 21:35:08,336 - INFO - LONG pct trail move: stop 24669.6119 -> 24678.544 at 2025-09-02 09:57:00
2025-11-07 21:35:08,343 - INFO - LONG pct trail move: stop 24678.544 -> 24679.142799999998 at 2025-09-02 09:58:00
2025-11-07 21:35:08,387 - INFO - LONG pct trail move: stop 24679.142799999998 -> 24679.691700000003 at 2025-09-02 10:00:00
2025-11-07 21:35:08,394 - INFO - LONG pct trail move: stop 24679.691700000003 -> 24684.2326 at 2025-09-02 10:01:00
2025-11-07 21:35:08,400 - INFO - LONG pct trail move: stop 24684.2326 -> 24690.3703 at 2025-09-02 10:02:00
2025-11-07 21:35:08,406 - INFO - LONG pct trail move: stop 24690.3703 -> 24692.2166 at 2025-09-02 10:03:00
2025-11-07 21:35:08,412 - INFO - LONG pct trail move: stop 24692.2166 -> 24696.5579 at 2025-09-02 10:04:00
2025-11-07 21:35:08,414 - INFO - LONG pct trail move: stop 24696.5579 -> 24696.7575 at 2025-09-02 10:05:00
2025-11-07 21:35:08,455 - INFO - LONG pct trail move: stop 24696.7575 -> 24697.655700000003 at 2025-09-02 10:05:00
2025-11-07 21:35:09,343 - INFO - LONG pct trail move: stop 24697.655700000003 -> 24698.953100000002 at 2025-09-02 11:10:00
2025-11-07 21:35:09,350 - INFO - LONG pct trail move: stop 24698.953100000002 -> 24699.5519 at 2025-09-02 11:11:00
2025-11-07 21:35:10,466 - INFO - LONG pct trail move: stop 24699.5519 -> 24699.8513 at 2025-09-02 12:34:00
2025-11-07 21:35:10,529 - INFO - LONG pct trail move: stop 24699.8513 -> 24701.5978 at 2025-09-02 12:38:00
2025-11-07 21:35:10,535 - INFO - LONG pct trail move: stop 24701.5978 -> 24705.1407 at 2025-09-02 12:39:00
2025-11-07 21:35:11,096 - INFO - LONG stop EXIT (early check) at 2025-09-02 13:18:00 stop=24705.1407
2025-11-07 21:35:11,104 - INFO - Signal #5: sell at 2025-09-02 13:15:00 close=24707.3 (pending=yes)
2025-11-07 21:35:11,104 - INFO - Processing signal 'sell' at 2025-09-02 13:15:00 price=24707.3 option_data_present=True
2025-11-07 21:35:11,104 - INFO - Closed LONG position: P&L=0.00
2025-11-07 21:35:11,104 - INFO - Opened SHORT position at 24707.3 on 2025-09-02 13:15:00
2025-11-07 21:35:11,104 - INFO - process_signal returned: {'trade_id': 2, 'entry_datetime': Timestamp('2025-09-02 09:35:00'), 'exit_datetime': Timestamp('2025-09-02 13:15:00'), 'entry_price': 24685.3, 'exit_price': 24707.3, 'entry_option_price': np.float64(34.3), 'exit_option_price': np.float64(34.3), 'position_type': 'long', 'action': 'closed', 'position_state': 'closed', 'profit_loss': np.float64(0.0), 'lot_size': 75, 'range_high': 24685.3, 'range_low': 24632.2, 'open_range_completed': True, 'pivot_time': Timestamp('2025-09-02 09:37:00'), 'pivot_high': 24685.3, 'pivot_low': 24632.2, 'pivot_direction': 'bull', 'entry_taken': True, 'daily_trade_taken': True, 'trades_taken_today': 1, 'max_trades_per_day': 3, 'in_position': False, 'stop_loss': 24705.1407, 'stop_loss_pct': 0.1, 'trailing_stop_pct': 0.2, 'trailing_anchor': 24754.65, 'target_pct': 0.5, 'target_price': 24808.726499999997, 'target_locked': False, 'in_entry_window': False, 'require_range_retouch': True, 'require_boundary_touch': True, 'option_symbol': 'NIFTY2590224700CE', 'option_type': 'ATM', 'strike_price': np.float64(24700.0), 'option_price': np.float64(34.3), 'instrument_token': np.int64(12528386)}
2025-11-07 21:35:11,108 - INFO - Saved trade: 2, P&L=0
2025-11-07 21:35:11,251 - INFO - Range retouched at 2025-09-02 13:29:00; re-arming breakout logic.
2025-11-07 21:35:11,301 - INFO - Bull pivot (touch) at 2025-09-02 13:30:00: close 24690.6 > range_high 24685.3 and low 24681.75 <= range_high
2025-11-07 21:35:11,307 - INFO - LONG entry signal at 2025-09-02 13:31:00 crossing pivot_high=24685.3 SL=24660.6147 (entry_price=24685.3, pct_stop=0.1)
2025-11-07 21:35:11,327 - INFO - Signal #6: buy at 2025-09-02 13:30:00 close=24697.0 (pending=yes)
2025-11-07 21:35:11,328 - INFO - Processing signal 'buy' at 2025-09-02 13:30:00 price=24697.0 option_data_present=True
2025-11-07 21:35:11,328 - INFO - Opened LONG position at 24697.0 on 2025-09-02 13:30:00
2025-11-07 21:35:11,328 - INFO - process_signal returned: None
2025-11-07 21:35:11,468 - INFO - LONG stop EXIT (early check) at 2025-09-02 13:42:00 stop=24660.6147
2025-11-07 21:35:11,474 - INFO - Range retouched at 2025-09-02 13:43:00; re-arming breakout logic.
2025-11-07 21:35:11,485 - INFO - Signal #7: sell at 2025-09-02 13:40:00 close=24655.05 (pending=yes)
2025-11-07 21:35:11,485 - INFO - Processing signal 'sell' at 2025-09-02 13:40:00 price=24655.05 option_data_present=True
2025-11-07 21:35:11,485 - INFO - PL% threshold reached (-23.32%), auto-closing long position
2025-11-07 21:35:11,485 - INFO - Closed LONG position: P&L=-600.00
2025-11-07 21:35:11,485 - INFO - process_signal returned: {'trade_id': 3, 'entry_datetime': Timestamp('2025-09-02 13:30:00'), 'exit_datetime': Timestamp('2025-09-02 13:40:00'), 'entry_price': 24685.3, 'exit_price': 24655.05, 'entry_option_price': np.float64(34.3), 'exit_option_price': np.float64(26.3), 'position_type': 'long', 'action': 'closed', 'position_state': 'closed', 'profit_loss': np.float64(-599.9999999999998), 'lot_size': 75, 'range_high': 24685.3, 'range_low': 24632.2, 'open_range_completed': True, 'pivot_time': Timestamp('2025-09-02 09:29:00'), 'pivot_high': 24685.3, 'pivot_low': 24632.2, 'pivot_direction': None, 'entry_taken': True, 'daily_trade_taken': True, 'trades_taken_today': 2, 'max_trades_per_day': 3, 'in_position': False, 'stop_loss': 24660.6147, 'stop_loss_pct': 0.1, 'trailing_stop_pct': 0.2, 'trailing_anchor': 24705.55, 'target_pct': 0.5, 'target_price': 24808.726499999997, 'target_locked': False, 'in_entry_window': False, 'require_range_retouch': False, 'require_boundary_touch': True, 'option_symbol': 'NIFTY2590224700CE', 'option_type': 'ATM', 'strike_price': np.float64(24700.0), 'option_price': np.float64(26.3), 'instrument_token': np.int64(12528386)}
2025-11-07 21:35:11,489 - INFO - Saved trade: 3, P&L=-600.0
2025-11-07 21:35:11,707 - INFO - Bear pivot (touch) at 2025-09-02 13:54:00: close 24627.7 < range_low 24632.2 and high 24644.15 >= range_low
2025-11-07 21:35:11,708 - INFO - SHORT entry signal at 2025-09-02 13:55:00 crossing pivot_low=24632.2 SL=24656.832199999997 (entry_price=24632.2, pct_stop=0.1)
2025-11-07 21:35:11,708 - INFO - Signal #8: sell at 2025-09-02 13:50:00 close=24627.7 (pending=no)
2025-11-07 21:35:11,712 - INFO - Processing signal 'sell' at 2025-09-02 13:50:00 price=24627.7 option_data_present=True
2025-11-07 21:35:11,712 - INFO - Opened SHORT position at 24627.7 on 2025-09-02 13:50:00
2025-11-07 21:35:11,712 - INFO - process_signal returned: None
2025-11-07 21:35:11,765 - INFO - SHORT pct trail move: stop 24656.832199999997 -> 24650.1519 at 2025-09-02 13:55:00
2025-11-07 21:35:11,772 - INFO - SHORT pct trail move: stop 24650.1519 -> 24642.837300000003 at 2025-09-02 13:56:00
2025-11-07 21:35:11,790 - INFO - SHORT pct trail move: stop 24642.837300000003 -> 24632.717099999998 at 2025-09-02 13:59:00
2025-11-07 21:35:11,843 - INFO - SHORT pct trail move: stop 24632.717099999998 -> 24629.059800000003 at 2025-09-02 14:00:00
2025-11-07 21:35:11,857 - INFO - SHORT pct trail move: stop 24629.059800000003 -> 24626.4045 at 2025-09-02 14:02:00
2025-11-07 21:35:12,597 - INFO - SHORT pct trail move: stop 24626.4045 -> 24608.619 at 2025-09-02 14:03:00
2025-11-07 21:35:12,604 - INFO - SHORT pct trail move: stop 24608.619 -> 24604.5108 at 2025-09-02 14:04:00
2025-11-07 21:35:12,664 - INFO - SHORT pct trail move: stop 24604.5108 -> 24594.591 at 2025-09-02 14:06:00
2025-11-07 21:35:12,671 - INFO - SHORT pct trail move: stop 24594.591 -> 24586.725300000002 at 2025-09-02 14:07:00
2025-11-07 21:35:12,736 - INFO - SHORT stop EXIT (early check) at 2025-09-02 14:10:00 stop=24586.725300000002
2025-11-07 21:35:12,763 - INFO - Signal #9: buy at 2025-09-02 14:10:00 close=24561.3 (pending=yes)
2025-11-07 21:35:12,764 - INFO - Processing signal 'buy' at 2025-09-02 14:10:00 price=24561.3 option_data_present=True
2025-11-07 21:35:12,764 - INFO - PL% threshold reached (-100.00%), auto-closing short position
2025-11-07 21:35:12,764 - INFO - Closed SHORT position: P&L=3142.50
2025-11-07 21:35:12,764 - INFO - process_signal returned: {'trade_id': 4, 'entry_datetime': Timestamp('2025-09-02 13:50:00'), 'exit_datetime': Timestamp('2025-09-02 14:10:00'), 'entry_price': 24632.2, 'exit_price': 24561.3, 'entry_option_price': np.float64(41.9), 'exit_option_price': np.float64(83.8), 'position_type': 'short', 'action': 'closed', 'position_state': 'closed', 'profit_loss': np.float64(3142.5), 'lot_size': 75, 'range_high': 24685.3, 'range_low': 24632.2, 'open_range_completed': True, 'pivot_time': Timestamp('2025-09-02 13:54:00'), 'pivot_high': 24685.3, 'pivot_low': 24632.2, 'pivot_direction': 'bear', 'entry_taken': True, 'daily_trade_taken': True, 'trades_taken_today': 3, 'max_trades_per_day': 3, 'in_position': False, 'stop_loss': 24586.725300000002, 'stop_loss_pct': 0.1, 'trailing_stop_pct': 0.2, 'trailing_anchor': 24537.65, 'target_pct': 0.5, 'target_price': 24509.039, 'target_locked': False, 'in_entry_window': False, 'require_range_retouch': True, 'require_boundary_touch': True, 'option_symbol': 'NIFTY2590224650PE', 'option_type': 'ITM', 'strike_price': np.float64(24650.0), 'option_price': np.float64(83.8), 'instrument_token': np.int64(12528130)}
2025-11-07 21:35:12,768 - INFO - Saved trade: 4, P&L=3142.5
2025-11-07 21:35:14,114 - INFO - New trading day detected: 2025-09-03. Resetting ORB state.
2025-11-07 21:35:14,117 - INFO - New trading day detected: 2025-09-02. Resetting ORB state.
2025-11-07 21:35:30,172 - INFO - New trading day detected: 2025-09-03. Resetting ORB state.
2025-11-07 21:35:33,007 - INFO - ORB range finalized at 2025-09-03 09:29:00: HIGH=24616.5 LOW=24533.3
2025-11-07 21:35:35,858 - INFO - Bull pivot (touch) at 2025-09-03 12:11:00: close 24621.05 > range_high 24616.5 and low 24610.5 <= range_high
2025-11-07 21:35:35,936 - INFO - LONG entry signal at 2025-09-03 12:12:00 crossing pivot_high=24616.5 SL=24591.8835 (entry_price=24616.5, pct_stop=0.1)
2025-11-07 21:35:35,950 - INFO - Signal #10: buy at 2025-09-03 12:10:00 close=24630.55 (pending=yes)
2025-11-07 21:35:35,951 - INFO - Processing signal 'buy' at 2025-09-03 12:10:00 price=24630.55 option_data_present=True
2025-11-07 21:35:35,951 - INFO - Opened LONG position at 24630.55 on 2025-09-03 12:10:00
2025-11-07 21:35:35,951 - INFO - process_signal returned: None
2025-11-07 21:35:36,110 - INFO - LONG pct trail move: stop 24591.8835 -> 24593.5144 at 2025-09-03 12:21:00
2025-11-07 21:35:36,116 - INFO - LONG pct trail move: stop 24593.5144 -> 24599.1032 at 2025-09-03 12:22:00
2025-11-07 21:35:36,471 - INFO - LONG pct trail move: stop 24599.1032 -> 24599.4026 at 2025-09-03 12:41:00
2025-11-07 21:35:36,762 - INFO - LONG stop EXIT (early check) at 2025-09-03 12:57:00 stop=24599.4026
2025-11-07 21:35:36,769 - INFO - Range retouched at 2025-09-03 12:58:00; re-arming breakout logic.
2025-11-07 21:35:36,778 - INFO - Signal #11: sell at 2025-09-03 12:55:00 close=24599.25 (pending=yes)
2025-11-07 21:35:36,779 - INFO - Processing signal 'sell' at 2025-09-03 12:55:00 price=24599.25 option_data_present=True
2025-11-07 21:35:36,779 - INFO - PL% threshold reached (-10.47%), auto-closing long position
2025-11-07 21:35:36,779 - INFO - Closed LONG position: P&L=-952.50
2025-11-07 21:35:36,779 - INFO - process_signal returned: {'trade_id': 5, 'entry_datetime': Timestamp('2025-09-03 12:10:00'), 'exit_datetime': Timestamp('2025-09-03 12:55:00'), 'entry_price': 24616.5, 'exit_price': 24599.25, 'entry_option_price': np.float64(121.25), 'exit_option_price': np.float64(108.55), 'position_type': 'long', 'action': 'closed', 'position_state': 'closed', 'profit_loss': np.float64(-952.5000000000002), 'lot_size': 75, 'range_high': 24616.5, 'range_low': 24533.3, 'open_range_completed': True, 'pivot_time': Timestamp('2025-09-03 09:29:00'), 'pivot_high': 24616.5, 'pivot_low': 24533.3, 'pivot_direction': None, 'entry_taken': True, 'daily_trade_taken': True, 'trades_taken_today': 1, 'max_trades_per_day': 3, 'in_position': False, 'stop_loss': 24599.4026, 'stop_loss_pct': 0.1, 'trailing_stop_pct': 0.2, 'trailing_anchor': 24648.7, 'target_pct': 0.5, 'target_price': 24739.582499999997, 'target_locked': False, 'in_entry_window': False, 'require_range_retouch': False, 'require_boundary_touch': True, 'option_symbol': 'NIFTY2590924650CE', 'option_type': 'OTM', 'strike_price': np.float64(24650.0), 'option_price': np.float64(108.55), 'instrument_token': np.int64(10386434)}
2025-11-07 21:35:36,782 - INFO - Saved trade: 5, P&L=-952.5
2025-11-07 21:35:37,231 - INFO - Bull pivot (touch) at 2025-09-03 13:20:00: close 24617.05 > range_high 24616.5 and low 24615.0 <= range_high
2025-11-07 21:35:37,237 - INFO - LONG entry signal at 2025-09-03 13:21:00 crossing pivot_high=24616.5 SL=24591.8835 (entry_price=24616.5, pct_stop=0.1)
2025-11-07 21:35:37,258 - INFO - Signal #12: buy at 2025-09-03 13:20:00 close=24612.0 (pending=yes)
2025-11-07 21:35:37,259 - INFO - Processing signal 'buy' at 2025-09-03 13:20:00 price=24612.0 option_data_present=True
2025-11-07 21:35:37,259 - INFO - Opened LONG position at 24612.0 on 2025-09-03 13:20:00
2025-11-07 21:35:37,259 - INFO - process_signal returned: None
2025-11-07 21:35:37,823 - INFO - LONG pct trail move: stop 24591.8835 -> 24593.4146 at 2025-09-03 13:50:00
2025-11-07 21:35:37,830 - INFO - LONG pct trail move: stop 24593.4146 -> 24595.111200000003 at 2025-09-03 13:51:00
2025-11-07 21:35:37,844 - INFO - LONG pct trail move: stop 24595.111200000003 -> 24598.9036 at 2025-09-03 13:53:00
2025-11-07 21:35:37,931 - INFO - LONG pct trail move: stop 24598.9036 -> 24600.0014 at 2025-09-03 13:56:00
2025-11-07 21:35:37,938 - INFO - LONG pct trail move: stop 24600.0014 -> 24600.350700000003 at 2025-09-03 13:57:00
2025-11-07 21:35:37,944 - INFO - LONG pct trail move: stop 24600.350700000003 -> 24604.4425 at 2025-09-03 13:58:00
2025-11-07 21:35:37,950 - INFO - LONG pct trail move: stop 24604.4425 -> 24605.2409 at 2025-09-03 13:59:00
2025-11-07 21:35:38,020 - INFO - LONG pct trail move: stop 24605.2409 -> 24605.7399 at 2025-09-03 14:00:00
2025-11-07 21:35:38,135 - INFO - LONG pct trail move: stop 24605.7399 -> 24610.181 at 2025-09-03 14:07:00
2025-11-07 21:35:38,141 - INFO - LONG pct trail move: stop 24610.181 -> 24610.4804 at 2025-09-03 14:08:00
2025-11-07 21:35:38,148 - INFO - LONG pct trail move: stop 24610.4804 -> 24614.073200000003 at 2025-09-03 14:09:00
2025-11-07 21:35:38,214 - INFO - LONG pct trail move: stop 24614.073200000003 -> 24624.0033 at 2025-09-03 14:10:00
2025-11-07 21:35:38,561 - INFO - LONG pct trail move: stop 24624.0033 -> 24624.7019 at 2025-09-03 14:30:00
2025-11-07 21:35:38,944 - INFO - LONG pct trail move: stop 24624.7019 -> 24628.793700000002 at 2025-09-03 14:31:00
2025-11-07 21:35:38,949 - INFO - LONG pct trail move: stop 24628.793700000002 -> 24630.190899999998 at 2025-09-03 14:32:00
2025-11-07 21:35:39,024 - INFO - LONG pct trail move: stop 24630.190899999998 -> 24630.64 at 2025-09-03 14:35:00
2025-11-07 21:35:39,313 - INFO - LONG pct trail move: stop 24630.64 -> 24635.729799999997 at 2025-09-03 14:53:00
2025-11-07 21:35:39,319 - INFO - LONG pct trail move: stop 24635.729799999997 -> 24635.8296 at 2025-09-03 14:54:00
2025-11-07 21:35:39,485 - INFO - LONG pct trail move: stop 24635.8296 -> 24639.7218 at 2025-09-03 15:00:00
2025-11-07 21:35:39,492 - INFO - LONG pct trail move: stop 24639.7218 -> 24640.969299999997 at 2025-09-03 15:01:00
2025-11-07 21:35:39,499 - INFO - LONG pct trail move: stop 24640.969299999997 -> 24646.757700000002 at 2025-09-03 15:02:00
2025-11-07 21:35:39,506 - INFO - LONG pct trail move: stop 24646.757700000002 -> 24653.743700000003 at 2025-09-03 15:03:00
2025-11-07 21:35:39,512 - INFO - LONG pct trail move: stop 24653.743700000003 -> 24653.8934 at 2025-09-03 15:04:00
2025-11-07 21:35:39,514 - INFO - LONG pct trail move: stop 24653.8934 -> 24654.192799999997 at 2025-09-03 15:05:00
2025-11-07 21:35:39,514 - INFO - Closed LONG position: P&L=2403.75
2025-11-07 21:35:39,518 - INFO - Saved trade: 6, P&L=2403.75
2025-11-07 21:35:39,588 - INFO - LONG pct trail move: stop 24654.192799999997 -> 24656.8375 at 2025-09-03 15:05:00
2025-11-07 21:35:39,595 - INFO - LONG pct trail move: stop 24656.8375 -> 24658.8335 at 2025-09-03 15:06:00
2025-11-07 21:35:39,601 - INFO - LONG pct trail move: stop 24658.8335 -> 24660.9293 at 2025-09-03 15:07:00
2025-11-07 21:35:39,613 - INFO - LONG pct trail move: stop 24660.9293 -> 24664.921299999998 at 2025-09-03 15:09:00
2025-11-07 21:35:39,615 - INFO - LONG pct trail move: stop 24664.921299999998 -> 24667.6159 at 2025-09-03 15:10:00
2025-11-07 21:35:39,688 - INFO - LONG pct trail move: stop 24667.6159 -> 24674.8015 at 2025-09-03 15:10:00
2025-11-07 21:35:40,123 - INFO - LONG pct trail move: stop 24674.8015 -> 24681.2386 at 2025-09-03 15:11:00
2025-11-07 21:35:40,130 - INFO - LONG pct trail move: stop 24681.2386 -> 24682.6857 at 2025-09-03 15:12:00
2025-11-07 21:35:40,138 - INFO - LONG pct trail move: stop 24682.6857 -> 24687.1268 at 2025-09-03 15:13:00
2025-11-07 21:35:40,520 - INFO - New trading day detected: 2025-09-04. Resetting ORB state.
2025-11-07 21:35:40,522 - INFO - New trading day detected: 2025-09-03. Resetting ORB state.
2025-11-07 21:35:58,421 - INFO - New trading day detected: 2025-09-04. Resetting ORB state.
2025-11-07 21:36:00,592 - INFO - ORB range finalized at 2025-09-04 09:29:00: HIGH=24980.75 LOW=24848.15
2025-11-07 21:36:01,511 - INFO - Bear pivot (touch) at 2025-09-04 10:13:00: close 24843.65 < range_low 24848.15 and high 24849.0 >= range_low
2025-11-07 21:36:01,518 - INFO - SHORT entry signal at 2025-09-04 10:14:00 crossing pivot_low=24848.15 SL=24872.99815 (entry_price=24848.15, pct_stop=0.1)
2025-11-07 21:36:01,520 - INFO - Signal #13: sell at 2025-09-04 10:10:00 close=24835.7 (pending=yes)
2025-11-07 21:36:01,522 - INFO - Processing signal 'sell' at 2025-09-04 10:10:00 price=24835.7 option_data_present=True
2025-11-07 21:36:01,522 - INFO - Opened SHORT position at 24835.7 on 2025-09-04 10:10:00
2025-11-07 21:36:01,522 - INFO - process_signal returned: None
2025-11-07 21:36:01,715 - INFO - SHORT stop EXIT (early check) at 2025-09-04 10:22:00 stop=24872.99815
2025-11-07 21:36:01,721 - INFO - Range retouched at 2025-09-04 10:23:00; re-arming breakout logic.
2025-11-07 21:36:01,729 - INFO - Signal #14: buy at 2025-09-04 10:20:00 close=24873.75 (pending=yes)
2025-11-07 21:36:01,729 - INFO - Processing signal 'buy' at 2025-09-04 10:20:00 price=24873.75 option_data_present=True
2025-11-07 21:36:01,730 - INFO - Closed SHORT position: P&L=0.00
2025-11-07 21:36:01,730 - INFO - Opened LONG position at 24873.75 on 2025-09-04 10:20:00
2025-11-07 21:36:01,730 - INFO - process_signal returned: {'trade_id': 7, 'entry_datetime': Timestamp('2025-09-04 10:10:00'), 'exit_datetime': Timestamp('2025-09-04 10:20:00'), 'entry_price': 24848.15, 'exit_price': 24873.75, 'entry_option_price': np.float64(96.1), 'exit_option_price': np.float64(96.1), 'position_type': 'short', 'action': 'closed', 'position_state': 'closed', 'profit_loss': np.float64(0.0), 'lot_size': 75, 'range_high': 24980.75, 'range_low': 24848.15, 'open_range_completed': True, 'pivot_time': Timestamp('2025-09-04 09:29:00'), 'pivot_high': 24980.75, 'pivot_low': 24848.15, 'pivot_direction': None, 'entry_taken': True, 'daily_trade_taken': True, 'trades_taken_today': 1, 'max_trades_per_day': 3, 'in_position': False, 'stop_loss': 24872.99815, 'stop_loss_pct': 0.1, 'trailing_stop_pct': 0.2, 'trailing_anchor': 24830.2, 'target_pct': 0.5, 'target_price': 24723.90925, 'target_locked': False, 'in_entry_window': False, 'require_range_retouch': False, 'require_boundary_touch': True, 'option_symbol': 'NIFTY2590924850PE', 'option_type': 'ATM', 'strike_price': np.float64(24850.0), 'option_price': np.float64(96.1), 'instrument_token': np.int64(10389506)}
2025-11-07 21:36:01,733 - INFO - Saved trade: 7, P&L=0
2025-11-07 21:36:01,828 - INFO - Bear pivot (touch) at 2025-09-04 10:28:00: close 24846.65 < range_low 24848.15 and high 24853.95 >= range_low
2025-11-07 21:36:01,835 - INFO - SHORT entry signal at 2025-09-04 10:29:00 crossing pivot_low=24848.15 SL=24872.99815 (entry_price=24848.15, pct_stop=0.1)
2025-11-07 21:36:01,837 - INFO - Signal #15: sell at 2025-09-04 10:25:00 close=24846.55 (pending=yes)
2025-11-07 21:36:01,838 - INFO - Processing signal 'sell' at 2025-09-04 10:25:00 price=24846.55 option_data_present=True
2025-11-07 21:36:01,838 - INFO - Opened SHORT position at 24846.55 on 2025-09-04 10:25:00
2025-11-07 21:36:01,838 - INFO - process_signal returned: None
2025-11-07 21:36:02,701 - INFO - SHORT pct trail move: stop 24872.99815 -> 24871.4937 at 2025-09-04 10:40:00
2025-11-07 21:36:02,707 - INFO - SHORT pct trail move: stop 24871.4937 -> 24858.1671 at 2025-09-04 10:41:00
2025-11-07 21:36:02,713 - INFO - SHORT pct trail move: stop 24858.1671 -> 24854.3595 at 2025-09-04 10:42:00
2025-11-07 21:36:03,574 - INFO - SHORT pct trail move: stop 24854.3595 -> 24853.708199999997 at 2025-09-04 11:22:00
2025-11-07 21:36:03,581 - INFO - SHORT pct trail move: stop 24853.708199999997 -> 24853.608 at 2025-09-04 11:23:00
2025-11-07 21:36:03,588 - INFO - SHORT pct trail move: stop 24853.608 -> 24849.1491 at 2025-09-04 11:24:00
2025-11-07 21:36:04,660 - INFO - SHORT pct trail move: stop 24849.1491 -> 24848.1972 at 2025-09-04 12:11:00
2025-11-07 21:36:04,666 - INFO - SHORT pct trail move: stop 24848.1972 -> 24841.7844 at 2025-09-04 12:12:00
2025-11-07 21:36:04,673 - INFO - SHORT pct trail move: stop 24841.7844 -> 24837.676199999998 at 2025-09-04 12:13:00
2025-11-07 21:36:04,787 - INFO - SHORT pct trail move: stop 24837.676199999998 -> 24834.670199999997 at 2025-09-04 12:18:00
2025-11-07 21:36:04,793 - INFO - SHORT pct trail move: stop 24834.670199999997 -> 24830.8626 at 2025-09-04 12:19:00
2025-11-07 21:36:04,880 - INFO - SHORT pct trail move: stop 24830.8626 -> 24830.712300000003 at 2025-09-04 12:20:00
2025-11-07 21:36:04,887 - INFO - SHORT pct trail move: stop 24830.712300000003 -> 24824.7003 at 2025-09-04 12:21:00
2025-11-07 21:36:04,968 - INFO - SHORT pct trail move: stop 24824.7003 -> 24821.7444 at 2025-09-04 12:22:00
2025-11-07 21:36:04,974 - INFO - SHORT pct trail move: stop 24821.7444 -> 24818.1873 at 2025-09-04 12:23:00
2025-11-07 21:36:05,065 - INFO - SHORT pct trail move: stop 24818.1873 -> 24817.2354 at 2025-09-04 12:25:00
2025-11-07 21:36:05,423 - INFO - SHORT stop EXIT (early check) at 2025-09-04 12:44:00 stop=24817.2354
2025-11-07 21:36:05,425 - INFO - Signal #16: buy at 2025-09-04 12:40:00 close=24819.35 (pending=yes)
2025-11-07 21:36:05,426 - INFO - Processing signal 'buy' at 2025-09-04 12:40:00 price=24819.35 option_data_present=True
2025-11-07 21:36:05,426 - INFO - PL% threshold reached (-10.41%), auto-closing short position
2025-11-07 21:36:05,426 - INFO - Closed SHORT position: P&L=750.00
2025-11-07 21:36:05,426 - INFO - process_signal returned: {'trade_id': 8, 'entry_datetime': Timestamp('2025-09-04 10:25:00'), 'exit_datetime': Timestamp('2025-09-04 12:40:00'), 'entry_price': 24848.15, 'exit_price': 24819.35, 'entry_option_price': np.float64(96.1), 'exit_option_price': np.float64(106.1), 'position_type': 'short', 'action': 'closed', 'position_state': 'closed', 'profit_loss': np.float64(750.0), 'lot_size': 75, 'range_high': 24980.75, 'range_low': 24848.15, 'open_range_completed': True, 'pivot_time': Timestamp('2025-09-04 10:28:00'), 'pivot_high': 24980.75, 'pivot_low': 24848.15, 'pivot_direction': 'bear', 'entry_taken': True, 'daily_trade_taken': True, 'trades_taken_today': 2, 'max_trades_per_day': 3, 'in_position': False, 'stop_loss': 24817.2354, 'stop_loss_pct': 0.1, 'trailing_stop_pct': 0.2, 'trailing_anchor': 24767.7, 'target_pct': 0.5, 'target_price': 24723.90925, 'target_locked': False, 'in_entry_window': False, 'require_range_retouch': True, 'require_boundary_touch': True, 'option_symbol': 'NIFTY2590924850PE', 'option_type': 'ITM', 'strike_price': np.float64(24850.0), 'option_price': np.float64(106.1), 'instrument_token': np.int64(10389506)}
2025-11-07 21:36:05,430 - INFO - Saved trade: 8, P&L=750.0
2025-11-07 21:36:10,268 - INFO - New trading day detected: 2025-09-05. Resetting ORB state.
2025-11-07 21:36:10,271 - INFO - New trading day detected: 2025-09-04. Resetting ORB state.
2025-11-07 21:36:33,537 - INFO - New trading day detected: 2025-09-05. Resetting ORB state.
2025-11-07 21:36:36,689 - INFO - ORB range finalized at 2025-09-05 09:29:00: HIGH=24831.65 LOW=24781.05
2025-11-07 21:36:37,023 - INFO - Bear pivot (touch) at 2025-09-05 09:40:00: close 24780.2 < range_low 24781.05 and high 24782.9 >= range_low
2025-11-07 21:36:37,030 - INFO - SHORT entry signal at 2025-09-05 09:41:00 crossing pivot_low=24781.05 SL=24805.831049999997 (entry_price=24781.05, pct_stop=0.1)
2025-11-07 21:36:37,050 - INFO - Signal #17: sell at 2025-09-05 09:40:00 close=24778.85 (pending=yes)
2025-11-07 21:36:37,051 - INFO - Processing signal 'sell' at 2025-09-05 09:40:00 price=24778.85 option_data_present=True
2025-11-07 21:36:37,051 - INFO - Opened SHORT position at 24778.85 on 2025-09-05 09:40:00
2025-11-07 21:36:37,051 - INFO - process_signal returned: None
2025-11-07 21:36:38,091 - INFO - SHORT pct trail move: stop 24805.831049999997 -> 24805.6122 at 2025-09-05 10:08:00
2025-11-07 21:36:38,097 - INFO - SHORT pct trail move: stop 24805.6122 -> 24803.3076 at 2025-09-05 10:09:00
2025-11-07 21:36:38,192 - INFO - SHORT pct trail move: stop 24803.3076 -> 24775.101300000002 at 2025-09-05 10:10:00
2025-11-07 21:36:38,654 - INFO - SHORT pct trail move: stop 24775.101300000002 -> 24762.0753 at 2025-09-05 10:11:00
2025-11-07 21:36:38,660 - INFO - SHORT pct trail move: stop 24762.0753 -> 24734.219699999998 at 2025-09-05 10:12:00
2025-11-07 21:36:38,667 - INFO - SHORT pct trail move: stop 24734.219699999998 -> 24728.2077 at 2025-09-05 10:13:00
2025-11-07 21:36:38,674 - INFO - SHORT pct trail move: stop 24728.2077 -> 24724.6506 at 2025-09-05 10:14:00
2025-11-07 21:36:39,222 - INFO - SHORT target reached: stop 24724.6506 -> 24657.14475 at 2025-09-05 10:15:00
2025-11-07 21:36:39,222 - INFO - SHORT stop EXIT (post adjust) at 2025-09-05 10:15:00 stop=24657.14475
2025-11-07 21:36:39,248 - INFO - Signal #18: buy at 2025-09-05 10:15:00 close=24650.45 (pending=yes)
2025-11-07 21:36:39,401 - INFO - Processing signal 'buy' at 2025-09-05 10:15:00 price=24650.45 option_data_present=True
2025-11-07 21:36:39,401 - INFO - PL% threshold reached (-103.84%), auto-closing short position
2025-11-07 21:36:39,401 - INFO - Closed SHORT position: P&L=6900.00
2025-11-07 21:36:39,401 - INFO - process_signal returned: {'trade_id': 9, 'entry_datetime': Timestamp('2025-09-05 09:40:00'), 'exit_datetime': Timestamp('2025-09-05 10:15:00'), 'entry_price': 24781.05, 'exit_price': 24650.45, 'entry_option_price': np.float64(88.6), 'exit_option_price': np.float64(180.6), 'position_type': 'short', 'action': 'closed', 'position_state': 'closed', 'profit_loss': np.float64(6900.0), 'lot_size': 75, 'range_high': 24831.65, 'range_low': 24781.05, 'open_range_completed': True, 'pivot_time': Timestamp('2025-09-05 09:40:00'), 'pivot_high': 24831.65, 'pivot_low': 24781.05, 'pivot_direction': 'bear', 'entry_taken': True, 'daily_trade_taken': True, 'trades_taken_today': 1, 'max_trades_per_day': 3, 'in_position': False, 'stop_loss': 24657.14475, 'stop_loss_pct': 0.1, 'trailing_stop_pct': 0.2, 'trailing_anchor': 24652.05, 'target_pct': 0.5, 'target_price': 24657.14475, 'target_locked': True, 'in_entry_window': False, 'require_range_retouch': True, 'require_boundary_touch': True, 'option_symbol': 'NIFTY2590924800PE', 'option_type': 'ITM', 'strike_price': np.float64(24800.0), 'option_price': np.float64(180.6), 'instrument_token': np.int64(10388994)}
2025-11-07 21:36:39,406 - INFO - Saved trade: 9, P&L=6900.0
2025-11-07 21:36:46,227 - INFO - Range retouched at 2025-09-05 14:00:00; re-arming breakout logic.
2025-11-07 21:36:46,236 - INFO - Bear pivot (touch) at 2025-09-05 14:01:00: close 24780.2 < range_low 24781.05 and high 24790.75 >= range_low
2025-11-07 21:36:46,244 - INFO - SHORT entry signal at 2025-09-05 14:02:00 crossing pivot_low=24781.05 SL=24805.831049999997 (entry_price=24781.05, pct_stop=0.1)
2025-11-07 21:36:46,265 - INFO - Signal #19: sell at 2025-09-05 14:00:00 close=24773.7 (pending=yes)
2025-11-07 21:36:46,267 - INFO - Processing signal 'sell' at 2025-09-05 14:00:00 price=24773.7 option_data_present=True
2025-11-07 21:36:46,267 - INFO - Opened SHORT position at 24773.7 on 2025-09-05 14:00:00
2025-11-07 21:36:46,267 - INFO - process_signal returned: None
2025-11-07 21:36:46,443 - INFO - SHORT pct trail move: stop 24805.831049999997 -> 24800.1513 at 2025-09-05 14:08:00
2025-11-07 21:36:46,637 - INFO - SHORT pct trail move: stop 24800.1513 -> 24796.0932 at 2025-09-05 14:11:00
2025-11-07 21:36:46,648 - INFO - SHORT pct trail move: stop 24796.0932 -> 24795.8928 at 2025-09-05 14:12:00
2025-11-07 21:36:46,667 - INFO - SHORT pct trail move: stop 24795.8928 -> 24794.840699999997 at 2025-09-05 14:14:00
2025-11-07 21:36:46,816 - INFO - SHORT pct trail move: stop 24794.840699999997 -> 24791.2335 at 2025-09-05 14:15:00
2025-11-07 21:36:47,787 - INFO - SHORT pct trail move: stop 24791.2335 -> 24782.466 at 2025-09-05 14:35:00
2025-11-07 21:36:47,794 - INFO - SHORT pct trail move: stop 24782.466 -> 24778.959 at 2025-09-05 14:36:00
2025-11-07 21:36:47,812 - INFO - SHORT pct trail move: stop 24778.959 -> 24772.345800000003 at 2025-09-05 14:39:00
2025-11-07 21:36:47,905 - INFO - SHORT pct trail move: stop 24772.345800000003 -> 24770.1915 at 2025-09-05 14:40:00
2025-11-07 21:36:48,409 - INFO - Closed SHORT position: P&L=0.00
2025-11-07 21:36:48,412 - INFO - Saved trade: 10, P&L=0
2025-11-07 21:36:49,115 - INFO - Backtest finished: signals=19 trades=11
2025-11-07 21:36:49,116 - INFO - BACKTEST SUMMARY:
2025-11-07 21:36:49,116 - INFO - Total Trades: 11
2025-11-07 21:36:49,116 - INFO - Total P&L: 12750.00
2025-11-07 21:36:49,116 - INFO - Winning Trades: 5
2025-11-07 21:36:49,117 - INFO - Losing Trades: 3
2025-11-07 21:36:49,117 - INFO - Win Rate: 45.45%
2025-11-07 21:44:25,629 - INFO - ORB: mapped legacy pl_percent=0.5 to target_pct (explicit target_pct not provided)
2025-11-07 21:44:25,655 - INFO - Starting backtest (close-only execution) for NIFTY
2025-11-07 21:44:25,656 - ERROR - Failed to write TV placeholder
Traceback (most recent call last):
  File "d:\NSLearn\copy_trader\client\ns_engine\main_new_plot.py", line 348, in _write_tv_placeholder
    self.tv_chart.write_placeholder()
    ~~~~~~~~~~~~~~~~~~~~~~~~~~~~~~~^^
  File "d:\NSLearn\copy_trader\client\ns_engine\charts\ns_tvchart.py", line 40, in write_placeholder
    with open(html_path, 'w', encoding='utf-8') as f:
         ~~~~^^^^^^^^^^^^^^^^^^^^^^^^^^^^^^^^^^
FileNotFoundError: [Errno 2] No such file or directory: 'd:\\NSLearn\\copy_trader\\client\\csv\\output\\nifty_orb_prices_5_tv.html'
2025-11-07 21:44:27,818 - INFO - Loaded 112651 data points for NIFTY
2025-11-07 21:44:45,350 - INFO - ORB range finalized at 2025-09-01 09:29:00: HIGH=24532.75 LOW=24432.7
2025-11-07 21:44:45,388 - INFO - Bull pivot (touch) at 2025-09-01 09:33:00: close 24535.3 > range_high 24532.75 and low 24528.5 <= range_high
2025-11-07 21:44:45,395 - INFO - LONG entry signal at 2025-09-01 09:34:00 crossing pivot_high=24532.75 SL=24508.21725 (entry_price=24532.75, pct_stop=0.1)
2025-11-07 21:44:45,396 - INFO - Signal #1: buy at 2025-09-01 09:30:00 close=24540.9 (pending=yes)
2025-11-07 21:44:45,398 - INFO - Processing signal 'buy' at 2025-09-01 09:30:00 price=24540.9 option_data_present=True
2025-11-07 21:44:45,398 - INFO - Opened LONG position at 24540.9 on 2025-09-01 09:30:00
2025-11-07 21:44:45,398 - INFO - process_signal returned: None
2025-11-07 21:44:45,580 - INFO - LONG pct trail move: stop 24508.21725 -> 24511.2293 at 2025-09-01 09:54:00
2025-11-07 21:44:45,600 - INFO - LONG pct trail move: stop 24511.2293 -> 24511.6285 at 2025-09-01 09:55:00
2025-11-07 21:44:45,830 - INFO - LONG stop EXIT (early check) at 2025-09-01 10:21:00 stop=24511.6285
2025-11-07 21:44:45,836 - INFO - Range retouched at 2025-09-01 10:22:00; re-arming breakout logic.
2025-11-07 21:44:45,850 - INFO - Signal #2: sell at 2025-09-01 10:20:00 close=24512.15 (pending=yes)
2025-11-07 21:44:45,851 - INFO - Processing signal 'sell' at 2025-09-01 10:20:00 price=24512.15 option_data_present=True
2025-11-07 21:44:45,851 - INFO - PL% threshold reached (-24.73%), auto-closing long position
2025-11-07 21:44:45,851 - INFO - Closed LONG position: P&L=-1391.25
2025-11-07 21:44:45,851 - INFO - process_signal returned: {'trade_id': 0, 'entry_datetime': Timestamp('2025-09-01 09:30:00'), 'exit_datetime': Timestamp('2025-09-01 10:20:00'), 'entry_price': 24532.75, 'exit_price': 24512.15, 'entry_option_price': np.float64(75.0), 'exit_option_price': np.float64(56.45), 'position_type': 'long', 'action': 'closed', 'position_state': 'closed', 'profit_loss': np.float64(-1391.2499999999998), 'lot_size': 75, 'range_high': 24532.75, 'range_low': 24432.7, 'open_range_completed': True, 'pivot_time': Timestamp('2025-09-01 09:29:00'), 'pivot_high': 24532.75, 'pivot_low': 24432.7, 'pivot_direction': None, 'entry_taken': True, 'daily_trade_taken': True, 'trades_taken_today': 1, 'max_trades_per_day': 3, 'in_position': False, 'stop_loss': 24511.6285, 'stop_loss_pct': 0.1, 'trailing_stop_pct': 0.2, 'trailing_anchor': 24560.75, 'target_pct': 0.5, 'target_price': 24655.413749999996, 'target_locked': False, 'in_entry_window': False, 'require_range_retouch': False, 'require_boundary_touch': True, 'option_symbol': 'NIFTY2590224550CE', 'option_type': 'OTM', 'strike_price': np.float64(24550.0), 'option_price': np.float64(56.45), 'instrument_token': np.int64(12526850)}
2025-11-07 21:44:45,854 - ERROR - Trade processing failed
Traceback (most recent call last):
  File "d:\NSLearn\copy_trader\client\ns_engine\main_new_plot.py", line 562, in _process_trade_for_signal
    self.update_trade_data(candle_dt, price, trade_data)
    ~~~~~~~~~~~~~~~~~~~~~~^^^^^^^^^^^^^^^^^^^^^^^^^^^^^^
  File "d:\NSLearn\copy_trader\client\ns_engine\main_new_plot.py", line 654, in update_trade_data
    self.journal.save_trade(trade_data, {'symbol': self.cfg.symbol, 'instrument_type': self.cfg.instrument_type})
    ~~~~~~~~~~~~~~~~~~~~~~~^^^^^^^^^^^^^^^^^^^^^^^^^^^^^^^^^^^^^^^^^^^^^^^^^^^^^^^^^^^^^^^^^^^^^^^^^^^^^^^^^^^^^^
  File "d:\NSLearn\copy_trader\client\ns_engine\main_new_plot.py", line 202, in save_trade
    df.to_csv(self.trades_csv, index=False)
    ~~~~~~~~~^^^^^^^^^^^^^^^^^^^^^^^^^^^^^^
  File "C:\Users\narasimharao.allaka\AppData\Roaming\Python\Python313\site-packages\pandas\util\_decorators.py", line 333, in wrapper
    return func(*args, **kwargs)
  File "C:\Users\narasimharao.allaka\AppData\Roaming\Python\Python313\site-packages\pandas\core\generic.py", line 3986, in to_csv
    return DataFrameRenderer(formatter).to_csv(
           ~~~~~~~~~~~~~~~~~~~~~~~~~~~~~~~~~~~^
        path_or_buf,
        ^^^^^^^^^^^^
    ...<14 lines>...
        storage_options=storage_options,
        ^^^^^^^^^^^^^^^^^^^^^^^^^^^^^^^^
    )
    ^
  File "C:\Users\narasimharao.allaka\AppData\Roaming\Python\Python313\site-packages\pandas\io\formats\format.py", line 1014, in to_csv
    csv_formatter.save()
    ~~~~~~~~~~~~~~~~~~^^
  File "C:\Users\narasimharao.allaka\AppData\Roaming\Python\Python313\site-packages\pandas\io\formats\csvs.py", line 251, in save
    with get_handle(
         ~~~~~~~~~~^
        self.filepath_or_buffer,
        ^^^^^^^^^^^^^^^^^^^^^^^^
    ...<4 lines>...
        storage_options=self.storage_options,
        ^^^^^^^^^^^^^^^^^^^^^^^^^^^^^^^^^^^^^
    ) as handles:
    ^
  File "C:\Users\narasimharao.allaka\AppData\Roaming\Python\Python313\site-packages\pandas\io\common.py", line 749, in get_handle
    check_parent_directory(str(handle))
    ~~~~~~~~~~~~~~~~~~~~~~^^^^^^^^^^^^^
  File "C:\Users\narasimharao.allaka\AppData\Roaming\Python\Python313\site-packages\pandas\io\common.py", line 616, in check_parent_directory
    raise OSError(rf"Cannot save file into a non-existent directory: '{parent}'")
OSError: Cannot save file into a non-existent directory: 'd:\NSLearn\copy_trader\client\csv\output'
2025-11-07 21:44:46,066 - INFO - Bull pivot (touch) at 2025-09-01 10:45:00: close 24537.25 > range_high 24532.75 and low 24527.3 <= range_high
2025-11-07 21:44:46,073 - INFO - LONG entry signal at 2025-09-01 10:46:00 crossing pivot_high=24532.75 SL=24508.21725 (entry_price=24532.75, pct_stop=0.1)
2025-11-07 21:44:46,093 - INFO - Signal #3: buy at 2025-09-01 10:45:00 close=24538.75 (pending=yes)
2025-11-07 21:44:46,094 - INFO - Processing signal 'buy' at 2025-09-01 10:45:00 price=24538.75 option_data_present=True
2025-11-07 21:44:46,095 - INFO - Opened LONG position at 24538.75 on 2025-09-01 10:45:00
2025-11-07 21:44:46,095 - INFO - process_signal returned: None
2025-11-07 21:44:47,056 - INFO - LONG pct trail move: stop 24508.21725 -> 24509.383 at 2025-09-01 12:25:00
2025-11-07 21:44:47,080 - INFO - LONG pct trail move: stop 24509.383 -> 24513.6744 at 2025-09-01 12:25:00
2025-11-07 21:44:47,094 - INFO - LONG pct trail move: stop 24513.6744 -> 24516.219299999997 at 2025-09-01 12:27:00
2025-11-07 21:44:47,100 - INFO - LONG pct trail move: stop 24516.219299999997 -> 24523.355 at 2025-09-01 12:28:00
2025-11-07 21:44:47,106 - INFO - LONG pct trail move: stop 24523.355 -> 24524.9019 at 2025-09-01 12:29:00
2025-11-07 21:44:47,133 - INFO - LONG pct trail move: stop 24524.9019 -> 24525.201299999997 at 2025-09-01 12:30:00
2025-11-07 21:44:47,574 - INFO - LONG pct trail move: stop 24525.201299999997 -> 24526.6484 at 2025-09-01 12:39:00
2025-11-07 21:44:47,834 - INFO - LONG pct trail move: stop 24526.6484 -> 24529.1434 at 2025-09-01 13:04:00
2025-11-07 21:44:47,861 - INFO - LONG pct trail move: stop 24529.1434 -> 24532.6364 at 2025-09-01 13:05:00
2025-11-07 21:44:47,875 - INFO - LONG pct trail move: stop 24532.6364 -> 24539.6723 at 2025-09-01 13:07:00
2025-11-07 21:44:47,882 - INFO - LONG pct trail move: stop 24539.6723 -> 24539.822 at 2025-09-01 13:08:00
2025-11-07 21:44:47,888 - INFO - LONG pct trail move: stop 24539.822 -> 24542.1174 at 2025-09-01 13:09:00
2025-11-07 21:44:47,916 - INFO - LONG pct trail move: stop 24542.1174 -> 24542.7661 at 2025-09-01 13:10:00
2025-11-07 21:44:47,971 - INFO - LONG pct trail move: stop 24542.7661 -> 24543.9637 at 2025-09-01 13:15:00
2025-11-07 21:44:47,977 - INFO - LONG pct trail move: stop 24543.9637 -> 24544.911799999998 at 2025-09-01 13:16:00
2025-11-07 21:44:48,031 - INFO - LONG pct trail move: stop 24544.911799999998 -> 24546.458700000003 at 2025-09-01 13:21:00
2025-11-07 21:44:48,133 - INFO - LONG pct trail move: stop 24546.458700000003 -> 24548.6044 at 2025-09-01 13:30:00
2025-11-07 21:44:48,139 - INFO - LONG pct trail move: stop 24548.6044 -> 24552.0475 at 2025-09-01 13:31:00
2025-11-07 21:44:48,146 - INFO - LONG pct trail move: stop 24552.0475 -> 24554.293 at 2025-09-01 13:32:00
2025-11-07 21:44:48,152 - INFO - LONG pct trail move: stop 24554.293 -> 24556.9876 at 2025-09-01 13:33:00
2025-11-07 21:44:48,371 - INFO - LONG pct trail move: stop 24556.9876 -> 24557.0375 at 2025-09-01 13:52:00
2025-11-07 21:44:48,494 - INFO - LONG pct trail move: stop 24557.0375 -> 24557.786 at 2025-09-01 14:04:00
2025-11-07 21:44:48,496 - INFO - LONG pct trail move: stop 24557.786 -> 24558.0854 at 2025-09-01 14:05:00
2025-11-07 21:44:48,526 - INFO - LONG pct trail move: stop 24558.0854 -> 24560.4806 at 2025-09-01 14:05:00
2025-11-07 21:44:48,550 - INFO - LONG pct trail move: stop 24560.4806 -> 24565.1213 at 2025-09-01 14:09:00
2025-11-07 21:44:48,583 - INFO - LONG pct trail move: stop 24565.1213 -> 24566.3189 at 2025-09-01 14:10:00
2025-11-07 21:44:48,589 - INFO - LONG pct trail move: stop 24566.3189 -> 24566.6183 at 2025-09-01 14:11:00
2025-11-07 21:44:48,596 - INFO - LONG pct trail move: stop 24566.6183 -> 24567.2171 at 2025-09-01 14:12:00
2025-11-07 21:44:48,603 - INFO - LONG pct trail move: stop 24567.2171 -> 24567.3668 at 2025-09-01 14:13:00
2025-11-07 21:44:48,609 - INFO - LONG pct trail move: stop 24567.3668 -> 24571.0095 at 2025-09-01 14:14:00
2025-11-07 21:44:48,943 - INFO - LONG pct trail move: stop 24571.0095 -> 24571.259 at 2025-09-01 14:41:00
2025-11-07 21:44:48,950 - INFO - LONG pct trail move: stop 24571.259 -> 24573.754 at 2025-09-01 14:42:00
2025-11-07 21:44:49,119 - INFO - LONG pct trail move: stop 24573.754 -> 24574.203100000002 at 2025-09-01 14:56:00
2025-11-07 21:44:49,493 - INFO - LONG pct trail move: stop 24574.203100000002 -> 24581.239 at 2025-09-01 14:57:00
2025-11-07 21:44:49,499 - INFO - LONG pct trail move: stop 24581.239 -> 24584.1332 at 2025-09-01 14:58:00
2025-11-07 21:44:49,505 - INFO - LONG pct trail move: stop 24584.1332 -> 24584.4825 at 2025-09-01 14:59:00
2025-11-07 21:44:49,538 - INFO - LONG pct trail move: stop 24584.4825 -> 24585.630200000003 at 2025-09-01 15:00:00
2025-11-07 21:44:49,567 - INFO - Closed LONG position: P&L=2497.50
2025-11-07 21:44:49,568 - ERROR - Failed to enforce session constraints
Traceback (most recent call last):
  File "d:\NSLearn\copy_trader\client\ns_engine\main_new_plot.py", line 777, in close_trade_on_endtime
    self.update_trade_data(candle_dt, price, trade_data)
    ~~~~~~~~~~~~~~~~~~~~~~^^^^^^^^^^^^^^^^^^^^^^^^^^^^^^
  File "d:\NSLearn\copy_trader\client\ns_engine\main_new_plot.py", line 654, in update_trade_data
    self.journal.save_trade(trade_data, {'symbol': self.cfg.symbol, 'instrument_type': self.cfg.instrument_type})
    ~~~~~~~~~~~~~~~~~~~~~~~^^^^^^^^^^^^^^^^^^^^^^^^^^^^^^^^^^^^^^^^^^^^^^^^^^^^^^^^^^^^^^^^^^^^^^^^^^^^^^^^^^^^^^
  File "d:\NSLearn\copy_trader\client\ns_engine\main_new_plot.py", line 202, in save_trade
    df.to_csv(self.trades_csv, index=False)
    ~~~~~~~~~^^^^^^^^^^^^^^^^^^^^^^^^^^^^^^
  File "C:\Users\narasimharao.allaka\AppData\Roaming\Python\Python313\site-packages\pandas\util\_decorators.py", line 333, in wrapper
    return func(*args, **kwargs)
  File "C:\Users\narasimharao.allaka\AppData\Roaming\Python\Python313\site-packages\pandas\core\generic.py", line 3986, in to_csv
    return DataFrameRenderer(formatter).to_csv(
           ~~~~~~~~~~~~~~~~~~~~~~~~~~~~~~~~~~~^
        path_or_buf,
        ^^^^^^^^^^^^
    ...<14 lines>...
        storage_options=storage_options,
        ^^^^^^^^^^^^^^^^^^^^^^^^^^^^^^^^
    )
    ^
  File "C:\Users\narasimharao.allaka\AppData\Roaming\Python\Python313\site-packages\pandas\io\formats\format.py", line 1014, in to_csv
    csv_formatter.save()
    ~~~~~~~~~~~~~~~~~~^^
  File "C:\Users\narasimharao.allaka\AppData\Roaming\Python\Python313\site-packages\pandas\io\formats\csvs.py", line 251, in save
    with get_handle(
         ~~~~~~~~~~^
        self.filepath_or_buffer,
        ^^^^^^^^^^^^^^^^^^^^^^^^
    ...<4 lines>...
        storage_options=self.storage_options,
        ^^^^^^^^^^^^^^^^^^^^^^^^^^^^^^^^^^^^^
    ) as handles:
    ^
  File "C:\Users\narasimharao.allaka\AppData\Roaming\Python\Python313\site-packages\pandas\io\common.py", line 749, in get_handle
    check_parent_directory(str(handle))
    ~~~~~~~~~~~~~~~~~~~~~~^^^^^^^^^^^^^
  File "C:\Users\narasimharao.allaka\AppData\Roaming\Python\Python313\site-packages\pandas\io\common.py", line 616, in check_parent_directory
    raise OSError(rf"Cannot save file into a non-existent directory: '{parent}'")
OSError: Cannot save file into a non-existent directory: 'd:\NSLearn\copy_trader\client\csv\output'
2025-11-07 21:44:49,886 - INFO - New trading day detected: 2025-09-02. Resetting ORB state.
2025-11-07 21:44:49,889 - INFO - New trading day detected: 2025-09-01. Resetting ORB state.
2025-11-07 21:45:05,072 - INFO - New trading day detected: 2025-09-02. Resetting ORB state.
2025-11-07 21:45:08,183 - INFO - ORB range finalized at 2025-09-02 09:29:00: HIGH=24685.3 LOW=24632.2
2025-11-07 21:45:08,292 - INFO - Bull pivot (touch) at 2025-09-02 09:37:00: close 24688.35 > range_high 24685.3 and low 24681.35 <= range_high
2025-11-07 21:45:08,299 - INFO - LONG entry signal at 2025-09-02 09:38:00 crossing pivot_high=24685.3 SL=24660.6147 (entry_price=24685.3, pct_stop=0.1)
2025-11-07 21:45:08,306 - INFO - Signal #4: buy at 2025-09-02 09:35:00 close=24687.55 (pending=yes)
2025-11-07 21:45:08,308 - INFO - Processing signal 'buy' at 2025-09-02 09:35:00 price=24687.55 option_data_present=True
2025-11-07 21:45:08,308 - INFO - Opened LONG position at 24687.55 on 2025-09-02 09:35:00
2025-11-07 21:45:08,308 - INFO - process_signal returned: None
2025-11-07 21:45:08,493 - INFO - LONG pct trail move: stop 24660.6147 -> 24669.6119 at 2025-09-02 09:52:00
2025-11-07 21:45:08,621 - INFO - LONG pct trail move: stop 24669.6119 -> 24678.544 at 2025-09-02 09:57:00
2025-11-07 21:45:08,627 - INFO - LONG pct trail move: stop 24678.544 -> 24679.142799999998 at 2025-09-02 09:58:00
2025-11-07 21:45:08,671 - INFO - LONG pct trail move: stop 24679.142799999998 -> 24679.691700000003 at 2025-09-02 10:00:00
2025-11-07 21:45:08,678 - INFO - LONG pct trail move: stop 24679.691700000003 -> 24684.2326 at 2025-09-02 10:01:00
2025-11-07 21:45:08,685 - INFO - LONG pct trail move: stop 24684.2326 -> 24690.3703 at 2025-09-02 10:02:00
2025-11-07 21:45:08,692 - INFO - LONG pct trail move: stop 24690.3703 -> 24692.2166 at 2025-09-02 10:03:00
2025-11-07 21:45:08,698 - INFO - LONG pct trail move: stop 24692.2166 -> 24696.5579 at 2025-09-02 10:04:00
2025-11-07 21:45:08,700 - INFO - LONG pct trail move: stop 24696.5579 -> 24696.7575 at 2025-09-02 10:05:00
2025-11-07 21:45:08,740 - INFO - LONG pct trail move: stop 24696.7575 -> 24697.655700000003 at 2025-09-02 10:05:00
2025-11-07 21:45:09,589 - INFO - LONG pct trail move: stop 24697.655700000003 -> 24698.953100000002 at 2025-09-02 11:10:00
2025-11-07 21:45:09,596 - INFO - LONG pct trail move: stop 24698.953100000002 -> 24699.5519 at 2025-09-02 11:11:00
2025-11-07 21:45:10,700 - INFO - LONG pct trail move: stop 24699.5519 -> 24699.8513 at 2025-09-02 12:34:00
2025-11-07 21:45:10,765 - INFO - LONG pct trail move: stop 24699.8513 -> 24701.5978 at 2025-09-02 12:38:00
2025-11-07 21:45:10,771 - INFO - LONG pct trail move: stop 24701.5978 -> 24705.1407 at 2025-09-02 12:39:00
2025-11-07 21:45:11,332 - INFO - LONG stop EXIT (early check) at 2025-09-02 13:18:00 stop=24705.1407
2025-11-07 21:45:11,339 - INFO - Signal #5: sell at 2025-09-02 13:15:00 close=24707.3 (pending=yes)
2025-11-07 21:45:11,340 - INFO - Processing signal 'sell' at 2025-09-02 13:15:00 price=24707.3 option_data_present=True
2025-11-07 21:45:11,340 - INFO - Closed LONG position: P&L=0.00
2025-11-07 21:45:11,340 - INFO - Opened SHORT position at 24707.3 on 2025-09-02 13:15:00
2025-11-07 21:45:11,340 - INFO - process_signal returned: {'trade_id': 2, 'entry_datetime': Timestamp('2025-09-02 09:35:00'), 'exit_datetime': Timestamp('2025-09-02 13:15:00'), 'entry_price': 24685.3, 'exit_price': 24707.3, 'entry_option_price': np.float64(34.3), 'exit_option_price': np.float64(34.3), 'position_type': 'long', 'action': 'closed', 'position_state': 'closed', 'profit_loss': np.float64(0.0), 'lot_size': 75, 'range_high': 24685.3, 'range_low': 24632.2, 'open_range_completed': True, 'pivot_time': Timestamp('2025-09-02 09:37:00'), 'pivot_high': 24685.3, 'pivot_low': 24632.2, 'pivot_direction': 'bull', 'entry_taken': True, 'daily_trade_taken': True, 'trades_taken_today': 1, 'max_trades_per_day': 3, 'in_position': False, 'stop_loss': 24705.1407, 'stop_loss_pct': 0.1, 'trailing_stop_pct': 0.2, 'trailing_anchor': 24754.65, 'target_pct': 0.5, 'target_price': 24808.726499999997, 'target_locked': False, 'in_entry_window': False, 'require_range_retouch': True, 'require_boundary_touch': True, 'option_symbol': 'NIFTY2590224700CE', 'option_type': 'ATM', 'strike_price': np.float64(24700.0), 'option_price': np.float64(34.3), 'instrument_token': np.int64(12528386)}
2025-11-07 21:45:11,342 - ERROR - Trade processing failed
Traceback (most recent call last):
  File "d:\NSLearn\copy_trader\client\ns_engine\main_new_plot.py", line 562, in _process_trade_for_signal
    self.update_trade_data(candle_dt, price, trade_data)
    ~~~~~~~~~~~~~~~~~~~~~~^^^^^^^^^^^^^^^^^^^^^^^^^^^^^^
  File "d:\NSLearn\copy_trader\client\ns_engine\main_new_plot.py", line 654, in update_trade_data
    self.journal.save_trade(trade_data, {'symbol': self.cfg.symbol, 'instrument_type': self.cfg.instrument_type})
    ~~~~~~~~~~~~~~~~~~~~~~~^^^^^^^^^^^^^^^^^^^^^^^^^^^^^^^^^^^^^^^^^^^^^^^^^^^^^^^^^^^^^^^^^^^^^^^^^^^^^^^^^^^^^^
  File "d:\NSLearn\copy_trader\client\ns_engine\main_new_plot.py", line 202, in save_trade
    df.to_csv(self.trades_csv, index=False)
    ~~~~~~~~~^^^^^^^^^^^^^^^^^^^^^^^^^^^^^^
  File "C:\Users\narasimharao.allaka\AppData\Roaming\Python\Python313\site-packages\pandas\util\_decorators.py", line 333, in wrapper
    return func(*args, **kwargs)
  File "C:\Users\narasimharao.allaka\AppData\Roaming\Python\Python313\site-packages\pandas\core\generic.py", line 3986, in to_csv
    return DataFrameRenderer(formatter).to_csv(
           ~~~~~~~~~~~~~~~~~~~~~~~~~~~~~~~~~~~^
        path_or_buf,
        ^^^^^^^^^^^^
    ...<14 lines>...
        storage_options=storage_options,
        ^^^^^^^^^^^^^^^^^^^^^^^^^^^^^^^^
    )
    ^
  File "C:\Users\narasimharao.allaka\AppData\Roaming\Python\Python313\site-packages\pandas\io\formats\format.py", line 1014, in to_csv
    csv_formatter.save()
    ~~~~~~~~~~~~~~~~~~^^
  File "C:\Users\narasimharao.allaka\AppData\Roaming\Python\Python313\site-packages\pandas\io\formats\csvs.py", line 251, in save
    with get_handle(
         ~~~~~~~~~~^
        self.filepath_or_buffer,
        ^^^^^^^^^^^^^^^^^^^^^^^^
    ...<4 lines>...
        storage_options=self.storage_options,
        ^^^^^^^^^^^^^^^^^^^^^^^^^^^^^^^^^^^^^
    ) as handles:
    ^
  File "C:\Users\narasimharao.allaka\AppData\Roaming\Python\Python313\site-packages\pandas\io\common.py", line 749, in get_handle
    check_parent_directory(str(handle))
    ~~~~~~~~~~~~~~~~~~~~~~^^^^^^^^^^^^^
  File "C:\Users\narasimharao.allaka\AppData\Roaming\Python\Python313\site-packages\pandas\io\common.py", line 616, in check_parent_directory
    raise OSError(rf"Cannot save file into a non-existent directory: '{parent}'")
OSError: Cannot save file into a non-existent directory: 'd:\NSLearn\copy_trader\client\csv\output'
2025-11-07 21:45:11,485 - INFO - Range retouched at 2025-09-02 13:29:00; re-arming breakout logic.
2025-11-07 21:45:11,532 - INFO - Bull pivot (touch) at 2025-09-02 13:30:00: close 24690.6 > range_high 24685.3 and low 24681.75 <= range_high
2025-11-07 21:45:11,538 - INFO - LONG entry signal at 2025-09-02 13:31:00 crossing pivot_high=24685.3 SL=24660.6147 (entry_price=24685.3, pct_stop=0.1)
2025-11-07 21:45:11,559 - INFO - Signal #6: buy at 2025-09-02 13:30:00 close=24697.0 (pending=yes)
2025-11-07 21:45:11,560 - INFO - Processing signal 'buy' at 2025-09-02 13:30:00 price=24697.0 option_data_present=True
2025-11-07 21:45:11,560 - INFO - Closed SHORT position: P&L=0.00
2025-11-07 21:45:11,560 - INFO - Opened LONG position at 24697.0 on 2025-09-02 13:30:00
2025-11-07 21:45:11,560 - INFO - process_signal returned: {'trade_id': 3, 'entry_datetime': Timestamp('2025-09-02 13:15:00'), 'exit_datetime': Timestamp('2025-09-02 13:30:00'), 'entry_price': 24685.3, 'exit_price': 24697.0, 'entry_option_price': np.float64(34.3), 'exit_option_price': np.float64(34.3), 'position_type': 'short', 'action': 'closed', 'position_state': 'closed', 'profit_loss': np.float64(0.0), 'lot_size': 75, 'range_high': 24685.3, 'range_low': 24632.2, 'open_range_completed': True, 'pivot_time': Timestamp('2025-09-02 13:30:00'), 'pivot_high': 24685.3, 'pivot_low': 24632.2, 'pivot_direction': 'bull', 'entry_taken': True, 'daily_trade_taken': True, 'trades_taken_today': 2, 'max_trades_per_day': 3, 'in_position': True, 'stop_loss': 24660.6147, 'stop_loss_pct': 0.1, 'trailing_stop_pct': 0.2, 'trailing_anchor': 24705.55, 'target_pct': 0.5, 'target_price': 24808.726499999997, 'target_locked': False, 'in_entry_window': False, 'require_range_retouch': True, 'require_boundary_touch': True, 'option_symbol': 'NIFTY2590224700CE', 'option_type': 'ATM', 'strike_price': np.float64(24700.0), 'option_price': np.float64(34.3), 'instrument_token': np.int64(12528386)}
2025-11-07 21:45:11,561 - ERROR - Trade processing failed
Traceback (most recent call last):
  File "d:\NSLearn\copy_trader\client\ns_engine\main_new_plot.py", line 562, in _process_trade_for_signal
    self.update_trade_data(candle_dt, price, trade_data)
    ~~~~~~~~~~~~~~~~~~~~~~^^^^^^^^^^^^^^^^^^^^^^^^^^^^^^
  File "d:\NSLearn\copy_trader\client\ns_engine\main_new_plot.py", line 654, in update_trade_data
    self.journal.save_trade(trade_data, {'symbol': self.cfg.symbol, 'instrument_type': self.cfg.instrument_type})
    ~~~~~~~~~~~~~~~~~~~~~~~^^^^^^^^^^^^^^^^^^^^^^^^^^^^^^^^^^^^^^^^^^^^^^^^^^^^^^^^^^^^^^^^^^^^^^^^^^^^^^^^^^^^^^
  File "d:\NSLearn\copy_trader\client\ns_engine\main_new_plot.py", line 202, in save_trade
    df.to_csv(self.trades_csv, index=False)
    ~~~~~~~~~^^^^^^^^^^^^^^^^^^^^^^^^^^^^^^
  File "C:\Users\narasimharao.allaka\AppData\Roaming\Python\Python313\site-packages\pandas\util\_decorators.py", line 333, in wrapper
    return func(*args, **kwargs)
  File "C:\Users\narasimharao.allaka\AppData\Roaming\Python\Python313\site-packages\pandas\core\generic.py", line 3986, in to_csv
    return DataFrameRenderer(formatter).to_csv(
           ~~~~~~~~~~~~~~~~~~~~~~~~~~~~~~~~~~~^
        path_or_buf,
        ^^^^^^^^^^^^
    ...<14 lines>...
        storage_options=storage_options,
        ^^^^^^^^^^^^^^^^^^^^^^^^^^^^^^^^
    )
    ^
  File "C:\Users\narasimharao.allaka\AppData\Roaming\Python\Python313\site-packages\pandas\io\formats\format.py", line 1014, in to_csv
    csv_formatter.save()
    ~~~~~~~~~~~~~~~~~~^^
  File "C:\Users\narasimharao.allaka\AppData\Roaming\Python\Python313\site-packages\pandas\io\formats\csvs.py", line 251, in save
    with get_handle(
         ~~~~~~~~~~^
        self.filepath_or_buffer,
        ^^^^^^^^^^^^^^^^^^^^^^^^
    ...<4 lines>...
        storage_options=self.storage_options,
        ^^^^^^^^^^^^^^^^^^^^^^^^^^^^^^^^^^^^^
    ) as handles:
    ^
  File "C:\Users\narasimharao.allaka\AppData\Roaming\Python\Python313\site-packages\pandas\io\common.py", line 749, in get_handle
    check_parent_directory(str(handle))
    ~~~~~~~~~~~~~~~~~~~~~~^^^^^^^^^^^^^
  File "C:\Users\narasimharao.allaka\AppData\Roaming\Python\Python313\site-packages\pandas\io\common.py", line 616, in check_parent_directory
    raise OSError(rf"Cannot save file into a non-existent directory: '{parent}'")
OSError: Cannot save file into a non-existent directory: 'd:\NSLearn\copy_trader\client\csv\output'
2025-11-07 21:45:11,695 - INFO - LONG stop EXIT (early check) at 2025-09-02 13:42:00 stop=24660.6147
2025-11-07 21:45:11,701 - INFO - Range retouched at 2025-09-02 13:43:00; re-arming breakout logic.
2025-11-07 21:45:11,709 - INFO - Signal #7: sell at 2025-09-02 13:40:00 close=24655.05 (pending=yes)
2025-11-07 21:45:11,709 - INFO - Processing signal 'sell' at 2025-09-02 13:40:00 price=24655.05 option_data_present=True
2025-11-07 21:45:11,710 - INFO - PL% threshold reached (-23.32%), auto-closing long position
2025-11-07 21:45:11,710 - INFO - Closed LONG position: P&L=-600.00
2025-11-07 21:45:11,710 - INFO - process_signal returned: {'trade_id': 4, 'entry_datetime': Timestamp('2025-09-02 13:30:00'), 'exit_datetime': Timestamp('2025-09-02 13:40:00'), 'entry_price': 24685.3, 'exit_price': 24655.05, 'entry_option_price': np.float64(34.3), 'exit_option_price': np.float64(26.3), 'position_type': 'long', 'action': 'closed', 'position_state': 'closed', 'profit_loss': np.float64(-599.9999999999998), 'lot_size': 75, 'range_high': 24685.3, 'range_low': 24632.2, 'open_range_completed': True, 'pivot_time': Timestamp('2025-09-02 09:29:00'), 'pivot_high': 24685.3, 'pivot_low': 24632.2, 'pivot_direction': None, 'entry_taken': True, 'daily_trade_taken': True, 'trades_taken_today': 2, 'max_trades_per_day': 3, 'in_position': False, 'stop_loss': 24660.6147, 'stop_loss_pct': 0.1, 'trailing_stop_pct': 0.2, 'trailing_anchor': 24705.55, 'target_pct': 0.5, 'target_price': 24808.726499999997, 'target_locked': False, 'in_entry_window': False, 'require_range_retouch': False, 'require_boundary_touch': True, 'option_symbol': 'NIFTY2590224700CE', 'option_type': 'ATM', 'strike_price': np.float64(24700.0), 'option_price': np.float64(26.3), 'instrument_token': np.int64(12528386)}
2025-11-07 21:45:11,711 - ERROR - Trade processing failed
Traceback (most recent call last):
  File "d:\NSLearn\copy_trader\client\ns_engine\main_new_plot.py", line 562, in _process_trade_for_signal
    self.update_trade_data(candle_dt, price, trade_data)
    ~~~~~~~~~~~~~~~~~~~~~~^^^^^^^^^^^^^^^^^^^^^^^^^^^^^^
  File "d:\NSLearn\copy_trader\client\ns_engine\main_new_plot.py", line 654, in update_trade_data
    self.journal.save_trade(trade_data, {'symbol': self.cfg.symbol, 'instrument_type': self.cfg.instrument_type})
    ~~~~~~~~~~~~~~~~~~~~~~~^^^^^^^^^^^^^^^^^^^^^^^^^^^^^^^^^^^^^^^^^^^^^^^^^^^^^^^^^^^^^^^^^^^^^^^^^^^^^^^^^^^^^^
  File "d:\NSLearn\copy_trader\client\ns_engine\main_new_plot.py", line 202, in save_trade
    df.to_csv(self.trades_csv, index=False)
    ~~~~~~~~~^^^^^^^^^^^^^^^^^^^^^^^^^^^^^^
  File "C:\Users\narasimharao.allaka\AppData\Roaming\Python\Python313\site-packages\pandas\util\_decorators.py", line 333, in wrapper
    return func(*args, **kwargs)
  File "C:\Users\narasimharao.allaka\AppData\Roaming\Python\Python313\site-packages\pandas\core\generic.py", line 3986, in to_csv
    return DataFrameRenderer(formatter).to_csv(
           ~~~~~~~~~~~~~~~~~~~~~~~~~~~~~~~~~~~^
        path_or_buf,
        ^^^^^^^^^^^^
    ...<14 lines>...
        storage_options=storage_options,
        ^^^^^^^^^^^^^^^^^^^^^^^^^^^^^^^^
    )
    ^
  File "C:\Users\narasimharao.allaka\AppData\Roaming\Python\Python313\site-packages\pandas\io\formats\format.py", line 1014, in to_csv
    csv_formatter.save()
    ~~~~~~~~~~~~~~~~~~^^
  File "C:\Users\narasimharao.allaka\AppData\Roaming\Python\Python313\site-packages\pandas\io\formats\csvs.py", line 251, in save
    with get_handle(
         ~~~~~~~~~~^
        self.filepath_or_buffer,
        ^^^^^^^^^^^^^^^^^^^^^^^^
    ...<4 lines>...
        storage_options=self.storage_options,
        ^^^^^^^^^^^^^^^^^^^^^^^^^^^^^^^^^^^^^
    ) as handles:
    ^
  File "C:\Users\narasimharao.allaka\AppData\Roaming\Python\Python313\site-packages\pandas\io\common.py", line 749, in get_handle
    check_parent_directory(str(handle))
    ~~~~~~~~~~~~~~~~~~~~~~^^^^^^^^^^^^^
  File "C:\Users\narasimharao.allaka\AppData\Roaming\Python\Python313\site-packages\pandas\io\common.py", line 616, in check_parent_directory
    raise OSError(rf"Cannot save file into a non-existent directory: '{parent}'")
OSError: Cannot save file into a non-existent directory: 'd:\NSLearn\copy_trader\client\csv\output'
2025-11-07 21:45:11,921 - INFO - Bear pivot (touch) at 2025-09-02 13:54:00: close 24627.7 < range_low 24632.2 and high 24644.15 >= range_low
2025-11-07 21:45:11,922 - INFO - SHORT entry signal at 2025-09-02 13:55:00 crossing pivot_low=24632.2 SL=24656.832199999997 (entry_price=24632.2, pct_stop=0.1)
2025-11-07 21:45:11,923 - INFO - Signal #8: sell at 2025-09-02 13:50:00 close=24627.7 (pending=no)
2025-11-07 21:45:11,927 - INFO - Processing signal 'sell' at 2025-09-02 13:50:00 price=24627.7 option_data_present=True
2025-11-07 21:45:11,927 - INFO - Opened SHORT position at 24627.7 on 2025-09-02 13:50:00
2025-11-07 21:45:11,927 - INFO - process_signal returned: None
2025-11-07 21:45:11,979 - INFO - SHORT pct trail move: stop 24656.832199999997 -> 24650.1519 at 2025-09-02 13:55:00
2025-11-07 21:45:11,985 - INFO - SHORT pct trail move: stop 24650.1519 -> 24642.837300000003 at 2025-09-02 13:56:00
2025-11-07 21:45:12,003 - INFO - SHORT pct trail move: stop 24642.837300000003 -> 24632.717099999998 at 2025-09-02 13:59:00
2025-11-07 21:45:12,050 - INFO - SHORT pct trail move: stop 24632.717099999998 -> 24629.059800000003 at 2025-09-02 14:00:00
2025-11-07 21:45:12,063 - INFO - SHORT pct trail move: stop 24629.059800000003 -> 24626.4045 at 2025-09-02 14:02:00
2025-11-07 21:45:12,865 - INFO - SHORT pct trail move: stop 24626.4045 -> 24608.619 at 2025-09-02 14:03:00
2025-11-07 21:45:12,871 - INFO - SHORT pct trail move: stop 24608.619 -> 24604.5108 at 2025-09-02 14:04:00
2025-11-07 21:45:12,927 - INFO - SHORT pct trail move: stop 24604.5108 -> 24594.591 at 2025-09-02 14:06:00
2025-11-07 21:45:12,933 - INFO - SHORT pct trail move: stop 24594.591 -> 24586.725300000002 at 2025-09-02 14:07:00
2025-11-07 21:45:12,997 - INFO - SHORT stop EXIT (early check) at 2025-09-02 14:10:00 stop=24586.725300000002
2025-11-07 21:45:13,024 - INFO - Signal #9: buy at 2025-09-02 14:10:00 close=24561.3 (pending=yes)
2025-11-07 21:45:13,024 - INFO - Processing signal 'buy' at 2025-09-02 14:10:00 price=24561.3 option_data_present=True
2025-11-07 21:45:13,024 - INFO - PL% threshold reached (-100.00%), auto-closing short position
2025-11-07 21:45:13,024 - INFO - Closed SHORT position: P&L=3142.50
2025-11-07 21:45:13,025 - INFO - process_signal returned: {'trade_id': 5, 'entry_datetime': Timestamp('2025-09-02 13:50:00'), 'exit_datetime': Timestamp('2025-09-02 14:10:00'), 'entry_price': 24632.2, 'exit_price': 24561.3, 'entry_option_price': np.float64(41.9), 'exit_option_price': np.float64(83.8), 'position_type': 'short', 'action': 'closed', 'position_state': 'closed', 'profit_loss': np.float64(3142.5), 'lot_size': 75, 'range_high': 24685.3, 'range_low': 24632.2, 'open_range_completed': True, 'pivot_time': Timestamp('2025-09-02 13:54:00'), 'pivot_high': 24685.3, 'pivot_low': 24632.2, 'pivot_direction': 'bear', 'entry_taken': True, 'daily_trade_taken': True, 'trades_taken_today': 3, 'max_trades_per_day': 3, 'in_position': False, 'stop_loss': 24586.725300000002, 'stop_loss_pct': 0.1, 'trailing_stop_pct': 0.2, 'trailing_anchor': 24537.65, 'target_pct': 0.5, 'target_price': 24509.039, 'target_locked': False, 'in_entry_window': False, 'require_range_retouch': True, 'require_boundary_touch': True, 'option_symbol': 'NIFTY2590224650PE', 'option_type': 'ITM', 'strike_price': np.float64(24650.0), 'option_price': np.float64(83.8), 'instrument_token': np.int64(12528130)}
2025-11-07 21:45:13,026 - ERROR - Trade processing failed
Traceback (most recent call last):
  File "d:\NSLearn\copy_trader\client\ns_engine\main_new_plot.py", line 562, in _process_trade_for_signal
    self.update_trade_data(candle_dt, price, trade_data)
    ~~~~~~~~~~~~~~~~~~~~~~^^^^^^^^^^^^^^^^^^^^^^^^^^^^^^
  File "d:\NSLearn\copy_trader\client\ns_engine\main_new_plot.py", line 654, in update_trade_data
    self.journal.save_trade(trade_data, {'symbol': self.cfg.symbol, 'instrument_type': self.cfg.instrument_type})
    ~~~~~~~~~~~~~~~~~~~~~~~^^^^^^^^^^^^^^^^^^^^^^^^^^^^^^^^^^^^^^^^^^^^^^^^^^^^^^^^^^^^^^^^^^^^^^^^^^^^^^^^^^^^^^
  File "d:\NSLearn\copy_trader\client\ns_engine\main_new_plot.py", line 202, in save_trade
    df.to_csv(self.trades_csv, index=False)
    ~~~~~~~~~^^^^^^^^^^^^^^^^^^^^^^^^^^^^^^
  File "C:\Users\narasimharao.allaka\AppData\Roaming\Python\Python313\site-packages\pandas\util\_decorators.py", line 333, in wrapper
    return func(*args, **kwargs)
  File "C:\Users\narasimharao.allaka\AppData\Roaming\Python\Python313\site-packages\pandas\core\generic.py", line 3986, in to_csv
    return DataFrameRenderer(formatter).to_csv(
           ~~~~~~~~~~~~~~~~~~~~~~~~~~~~~~~~~~~^
        path_or_buf,
        ^^^^^^^^^^^^
    ...<14 lines>...
        storage_options=storage_options,
        ^^^^^^^^^^^^^^^^^^^^^^^^^^^^^^^^
    )
    ^
  File "C:\Users\narasimharao.allaka\AppData\Roaming\Python\Python313\site-packages\pandas\io\formats\format.py", line 1014, in to_csv
    csv_formatter.save()
    ~~~~~~~~~~~~~~~~~~^^
  File "C:\Users\narasimharao.allaka\AppData\Roaming\Python\Python313\site-packages\pandas\io\formats\csvs.py", line 251, in save
    with get_handle(
         ~~~~~~~~~~^
        self.filepath_or_buffer,
        ^^^^^^^^^^^^^^^^^^^^^^^^
    ...<4 lines>...
        storage_options=self.storage_options,
        ^^^^^^^^^^^^^^^^^^^^^^^^^^^^^^^^^^^^^
    ) as handles:
    ^
  File "C:\Users\narasimharao.allaka\AppData\Roaming\Python\Python313\site-packages\pandas\io\common.py", line 749, in get_handle
    check_parent_directory(str(handle))
    ~~~~~~~~~~~~~~~~~~~~~~^^^^^^^^^^^^^
  File "C:\Users\narasimharao.allaka\AppData\Roaming\Python\Python313\site-packages\pandas\io\common.py", line 616, in check_parent_directory
    raise OSError(rf"Cannot save file into a non-existent directory: '{parent}'")
OSError: Cannot save file into a non-existent directory: 'd:\NSLearn\copy_trader\client\csv\output'
2025-11-07 21:45:14,280 - INFO - New trading day detected: 2025-09-03. Resetting ORB state.
2025-11-07 21:45:14,283 - INFO - New trading day detected: 2025-09-02. Resetting ORB state.
2025-11-07 21:45:30,311 - INFO - New trading day detected: 2025-09-03. Resetting ORB state.
2025-11-07 21:45:33,173 - INFO - ORB range finalized at 2025-09-03 09:29:00: HIGH=24616.5 LOW=24533.3
2025-11-07 21:45:35,947 - INFO - Bull pivot (touch) at 2025-09-03 12:11:00: close 24621.05 > range_high 24616.5 and low 24610.5 <= range_high
2025-11-07 21:45:36,022 - INFO - LONG entry signal at 2025-09-03 12:12:00 crossing pivot_high=24616.5 SL=24591.8835 (entry_price=24616.5, pct_stop=0.1)
2025-11-07 21:45:36,036 - INFO - Signal #10: buy at 2025-09-03 12:10:00 close=24630.55 (pending=yes)
2025-11-07 21:45:36,037 - INFO - Processing signal 'buy' at 2025-09-03 12:10:00 price=24630.55 option_data_present=True
2025-11-07 21:45:36,037 - INFO - Opened LONG position at 24630.55 on 2025-09-03 12:10:00
2025-11-07 21:45:36,037 - INFO - process_signal returned: None
2025-11-07 21:45:36,187 - INFO - LONG pct trail move: stop 24591.8835 -> 24593.5144 at 2025-09-03 12:21:00
2025-11-07 21:45:36,195 - INFO - LONG pct trail move: stop 24593.5144 -> 24599.1032 at 2025-09-03 12:22:00
2025-11-07 21:45:36,532 - INFO - LONG pct trail move: stop 24599.1032 -> 24599.4026 at 2025-09-03 12:41:00
2025-11-07 21:45:36,798 - INFO - LONG stop EXIT (early check) at 2025-09-03 12:57:00 stop=24599.4026
2025-11-07 21:45:36,805 - INFO - Range retouched at 2025-09-03 12:58:00; re-arming breakout logic.
2025-11-07 21:45:36,813 - INFO - Signal #11: sell at 2025-09-03 12:55:00 close=24599.25 (pending=yes)
2025-11-07 21:45:36,814 - INFO - Processing signal 'sell' at 2025-09-03 12:55:00 price=24599.25 option_data_present=True
2025-11-07 21:45:36,814 - INFO - PL% threshold reached (-10.47%), auto-closing long position
2025-11-07 21:45:36,814 - INFO - Closed LONG position: P&L=-952.50
2025-11-07 21:45:36,814 - INFO - process_signal returned: {'trade_id': 6, 'entry_datetime': Timestamp('2025-09-03 12:10:00'), 'exit_datetime': Timestamp('2025-09-03 12:55:00'), 'entry_price': 24616.5, 'exit_price': 24599.25, 'entry_option_price': np.float64(121.25), 'exit_option_price': np.float64(108.55), 'position_type': 'long', 'action': 'closed', 'position_state': 'closed', 'profit_loss': np.float64(-952.5000000000002), 'lot_size': 75, 'range_high': 24616.5, 'range_low': 24533.3, 'open_range_completed': True, 'pivot_time': Timestamp('2025-09-03 09:29:00'), 'pivot_high': 24616.5, 'pivot_low': 24533.3, 'pivot_direction': None, 'entry_taken': True, 'daily_trade_taken': True, 'trades_taken_today': 1, 'max_trades_per_day': 3, 'in_position': False, 'stop_loss': 24599.4026, 'stop_loss_pct': 0.1, 'trailing_stop_pct': 0.2, 'trailing_anchor': 24648.7, 'target_pct': 0.5, 'target_price': 24739.582499999997, 'target_locked': False, 'in_entry_window': False, 'require_range_retouch': False, 'require_boundary_touch': True, 'option_symbol': 'NIFTY2590924650CE', 'option_type': 'OTM', 'strike_price': np.float64(24650.0), 'option_price': np.float64(108.55), 'instrument_token': np.int64(10386434)}
2025-11-07 21:45:36,815 - ERROR - Trade processing failed
Traceback (most recent call last):
  File "d:\NSLearn\copy_trader\client\ns_engine\main_new_plot.py", line 562, in _process_trade_for_signal
    self.update_trade_data(candle_dt, price, trade_data)
    ~~~~~~~~~~~~~~~~~~~~~~^^^^^^^^^^^^^^^^^^^^^^^^^^^^^^
  File "d:\NSLearn\copy_trader\client\ns_engine\main_new_plot.py", line 654, in update_trade_data
    self.journal.save_trade(trade_data, {'symbol': self.cfg.symbol, 'instrument_type': self.cfg.instrument_type})
    ~~~~~~~~~~~~~~~~~~~~~~~^^^^^^^^^^^^^^^^^^^^^^^^^^^^^^^^^^^^^^^^^^^^^^^^^^^^^^^^^^^^^^^^^^^^^^^^^^^^^^^^^^^^^^
  File "d:\NSLearn\copy_trader\client\ns_engine\main_new_plot.py", line 202, in save_trade
    df.to_csv(self.trades_csv, index=False)
    ~~~~~~~~~^^^^^^^^^^^^^^^^^^^^^^^^^^^^^^
  File "C:\Users\narasimharao.allaka\AppData\Roaming\Python\Python313\site-packages\pandas\util\_decorators.py", line 333, in wrapper
    return func(*args, **kwargs)
  File "C:\Users\narasimharao.allaka\AppData\Roaming\Python\Python313\site-packages\pandas\core\generic.py", line 3986, in to_csv
    return DataFrameRenderer(formatter).to_csv(
           ~~~~~~~~~~~~~~~~~~~~~~~~~~~~~~~~~~~^
        path_or_buf,
        ^^^^^^^^^^^^
    ...<14 lines>...
        storage_options=storage_options,
        ^^^^^^^^^^^^^^^^^^^^^^^^^^^^^^^^
    )
    ^
  File "C:\Users\narasimharao.allaka\AppData\Roaming\Python\Python313\site-packages\pandas\io\formats\format.py", line 1014, in to_csv
    csv_formatter.save()
    ~~~~~~~~~~~~~~~~~~^^
  File "C:\Users\narasimharao.allaka\AppData\Roaming\Python\Python313\site-packages\pandas\io\formats\csvs.py", line 251, in save
    with get_handle(
         ~~~~~~~~~~^
        self.filepath_or_buffer,
        ^^^^^^^^^^^^^^^^^^^^^^^^
    ...<4 lines>...
        storage_options=self.storage_options,
        ^^^^^^^^^^^^^^^^^^^^^^^^^^^^^^^^^^^^^
    ) as handles:
    ^
  File "C:\Users\narasimharao.allaka\AppData\Roaming\Python\Python313\site-packages\pandas\io\common.py", line 749, in get_handle
    check_parent_directory(str(handle))
    ~~~~~~~~~~~~~~~~~~~~~~^^^^^^^^^^^^^
  File "C:\Users\narasimharao.allaka\AppData\Roaming\Python\Python313\site-packages\pandas\io\common.py", line 616, in check_parent_directory
    raise OSError(rf"Cannot save file into a non-existent directory: '{parent}'")
OSError: Cannot save file into a non-existent directory: 'd:\NSLearn\copy_trader\client\csv\output'
2025-11-07 21:45:37,224 - INFO - Bull pivot (touch) at 2025-09-03 13:20:00: close 24617.05 > range_high 24616.5 and low 24615.0 <= range_high
2025-11-07 21:45:37,230 - INFO - LONG entry signal at 2025-09-03 13:21:00 crossing pivot_high=24616.5 SL=24591.8835 (entry_price=24616.5, pct_stop=0.1)
2025-11-07 21:45:37,250 - INFO - Signal #12: buy at 2025-09-03 13:20:00 close=24612.0 (pending=yes)
2025-11-07 21:45:37,251 - INFO - Processing signal 'buy' at 2025-09-03 13:20:00 price=24612.0 option_data_present=True
2025-11-07 21:45:37,251 - INFO - Opened LONG position at 24612.0 on 2025-09-03 13:20:00
2025-11-07 21:45:37,251 - INFO - process_signal returned: None
2025-11-07 21:45:37,773 - INFO - LONG pct trail move: stop 24591.8835 -> 24593.4146 at 2025-09-03 13:50:00
2025-11-07 21:45:37,779 - INFO - LONG pct trail move: stop 24593.4146 -> 24595.111200000003 at 2025-09-03 13:51:00
2025-11-07 21:45:37,791 - INFO - LONG pct trail move: stop 24595.111200000003 -> 24598.9036 at 2025-09-03 13:53:00
2025-11-07 21:45:37,870 - INFO - LONG pct trail move: stop 24598.9036 -> 24600.0014 at 2025-09-03 13:56:00
2025-11-07 21:45:37,877 - INFO - LONG pct trail move: stop 24600.0014 -> 24600.350700000003 at 2025-09-03 13:57:00
2025-11-07 21:45:37,883 - INFO - LONG pct trail move: stop 24600.350700000003 -> 24604.4425 at 2025-09-03 13:58:00
2025-11-07 21:45:37,889 - INFO - LONG pct trail move: stop 24604.4425 -> 24605.2409 at 2025-09-03 13:59:00
2025-11-07 21:45:37,955 - INFO - LONG pct trail move: stop 24605.2409 -> 24605.7399 at 2025-09-03 14:00:00
2025-11-07 21:45:38,058 - INFO - LONG pct trail move: stop 24605.7399 -> 24610.181 at 2025-09-03 14:07:00
2025-11-07 21:45:38,064 - INFO - LONG pct trail move: stop 24610.181 -> 24610.4804 at 2025-09-03 14:08:00
2025-11-07 21:45:38,070 - INFO - LONG pct trail move: stop 24610.4804 -> 24614.073200000003 at 2025-09-03 14:09:00
2025-11-07 21:45:38,135 - INFO - LONG pct trail move: stop 24614.073200000003 -> 24624.0033 at 2025-09-03 14:10:00
2025-11-07 21:45:38,504 - INFO - LONG pct trail move: stop 24624.0033 -> 24624.7019 at 2025-09-03 14:30:00
2025-11-07 21:45:38,932 - INFO - LONG pct trail move: stop 24624.7019 -> 24628.793700000002 at 2025-09-03 14:31:00
2025-11-07 21:45:38,939 - INFO - LONG pct trail move: stop 24628.793700000002 -> 24630.190899999998 at 2025-09-03 14:32:00
2025-11-07 21:45:39,021 - INFO - LONG pct trail move: stop 24630.190899999998 -> 24630.64 at 2025-09-03 14:35:00
2025-11-07 21:45:39,323 - INFO - LONG pct trail move: stop 24630.64 -> 24635.729799999997 at 2025-09-03 14:53:00
2025-11-07 21:45:39,330 - INFO - LONG pct trail move: stop 24635.729799999997 -> 24635.8296 at 2025-09-03 14:54:00
2025-11-07 21:45:39,495 - INFO - LONG pct trail move: stop 24635.8296 -> 24639.7218 at 2025-09-03 15:00:00
2025-11-07 21:45:39,501 - INFO - LONG pct trail move: stop 24639.7218 -> 24640.969299999997 at 2025-09-03 15:01:00
2025-11-07 21:45:39,507 - INFO - LONG pct trail move: stop 24640.969299999997 -> 24646.757700000002 at 2025-09-03 15:02:00
2025-11-07 21:45:39,514 - INFO - LONG pct trail move: stop 24646.757700000002 -> 24653.743700000003 at 2025-09-03 15:03:00
2025-11-07 21:45:39,521 - INFO - LONG pct trail move: stop 24653.743700000003 -> 24653.8934 at 2025-09-03 15:04:00
2025-11-07 21:45:39,523 - INFO - LONG pct trail move: stop 24653.8934 -> 24654.192799999997 at 2025-09-03 15:05:00
2025-11-07 21:45:39,523 - INFO - Closed LONG position: P&L=2403.75
2025-11-07 21:45:39,525 - ERROR - Failed to enforce session constraints
Traceback (most recent call last):
  File "d:\NSLearn\copy_trader\client\ns_engine\main_new_plot.py", line 777, in close_trade_on_endtime
    self.update_trade_data(candle_dt, price, trade_data)
    ~~~~~~~~~~~~~~~~~~~~~~^^^^^^^^^^^^^^^^^^^^^^^^^^^^^^
  File "d:\NSLearn\copy_trader\client\ns_engine\main_new_plot.py", line 654, in update_trade_data
    self.journal.save_trade(trade_data, {'symbol': self.cfg.symbol, 'instrument_type': self.cfg.instrument_type})
    ~~~~~~~~~~~~~~~~~~~~~~~^^^^^^^^^^^^^^^^^^^^^^^^^^^^^^^^^^^^^^^^^^^^^^^^^^^^^^^^^^^^^^^^^^^^^^^^^^^^^^^^^^^^^^
  File "d:\NSLearn\copy_trader\client\ns_engine\main_new_plot.py", line 202, in save_trade
    df.to_csv(self.trades_csv, index=False)
    ~~~~~~~~~^^^^^^^^^^^^^^^^^^^^^^^^^^^^^^
  File "C:\Users\narasimharao.allaka\AppData\Roaming\Python\Python313\site-packages\pandas\util\_decorators.py", line 333, in wrapper
    return func(*args, **kwargs)
  File "C:\Users\narasimharao.allaka\AppData\Roaming\Python\Python313\site-packages\pandas\core\generic.py", line 3986, in to_csv
    return DataFrameRenderer(formatter).to_csv(
           ~~~~~~~~~~~~~~~~~~~~~~~~~~~~~~~~~~~^
        path_or_buf,
        ^^^^^^^^^^^^
    ...<14 lines>...
        storage_options=storage_options,
        ^^^^^^^^^^^^^^^^^^^^^^^^^^^^^^^^
    )
    ^
  File "C:\Users\narasimharao.allaka\AppData\Roaming\Python\Python313\site-packages\pandas\io\formats\format.py", line 1014, in to_csv
    csv_formatter.save()
    ~~~~~~~~~~~~~~~~~~^^
  File "C:\Users\narasimharao.allaka\AppData\Roaming\Python\Python313\site-packages\pandas\io\formats\csvs.py", line 251, in save
    with get_handle(
         ~~~~~~~~~~^
        self.filepath_or_buffer,
        ^^^^^^^^^^^^^^^^^^^^^^^^
    ...<4 lines>...
        storage_options=self.storage_options,
        ^^^^^^^^^^^^^^^^^^^^^^^^^^^^^^^^^^^^^
    ) as handles:
    ^
  File "C:\Users\narasimharao.allaka\AppData\Roaming\Python\Python313\site-packages\pandas\io\common.py", line 749, in get_handle
    check_parent_directory(str(handle))
    ~~~~~~~~~~~~~~~~~~~~~~^^^^^^^^^^^^^
  File "C:\Users\narasimharao.allaka\AppData\Roaming\Python\Python313\site-packages\pandas\io\common.py", line 616, in check_parent_directory
    raise OSError(rf"Cannot save file into a non-existent directory: '{parent}'")
OSError: Cannot save file into a non-existent directory: 'd:\NSLearn\copy_trader\client\csv\output'
2025-11-07 21:45:39,594 - INFO - LONG pct trail move: stop 24654.192799999997 -> 24656.8375 at 2025-09-03 15:05:00
2025-11-07 21:45:39,601 - INFO - LONG pct trail move: stop 24656.8375 -> 24658.8335 at 2025-09-03 15:06:00
2025-11-07 21:45:39,607 - INFO - LONG pct trail move: stop 24658.8335 -> 24660.9293 at 2025-09-03 15:07:00
2025-11-07 21:45:39,621 - INFO - LONG pct trail move: stop 24660.9293 -> 24664.921299999998 at 2025-09-03 15:09:00
2025-11-07 21:45:39,623 - INFO - LONG pct trail move: stop 24664.921299999998 -> 24667.6159 at 2025-09-03 15:10:00
2025-11-07 21:45:39,691 - INFO - LONG pct trail move: stop 24667.6159 -> 24674.8015 at 2025-09-03 15:10:00
2025-11-07 21:45:40,129 - INFO - LONG pct trail move: stop 24674.8015 -> 24681.2386 at 2025-09-03 15:11:00
2025-11-07 21:45:40,135 - INFO - LONG pct trail move: stop 24681.2386 -> 24682.6857 at 2025-09-03 15:12:00
2025-11-07 21:45:40,141 - INFO - LONG pct trail move: stop 24682.6857 -> 24687.1268 at 2025-09-03 15:13:00
2025-11-07 21:45:40,506 - INFO - New trading day detected: 2025-09-04. Resetting ORB state.
2025-11-07 21:45:40,508 - INFO - New trading day detected: 2025-09-03. Resetting ORB state.
2025-11-07 21:45:58,658 - INFO - New trading day detected: 2025-09-04. Resetting ORB state.
2025-11-07 21:46:00,676 - INFO - ORB range finalized at 2025-09-04 09:29:00: HIGH=24980.75 LOW=24848.15
2025-11-07 21:46:01,591 - INFO - Bear pivot (touch) at 2025-09-04 10:13:00: close 24843.65 < range_low 24848.15 and high 24849.0 >= range_low
2025-11-07 21:46:01,597 - INFO - SHORT entry signal at 2025-09-04 10:14:00 crossing pivot_low=24848.15 SL=24872.99815 (entry_price=24848.15, pct_stop=0.1)
2025-11-07 21:46:01,599 - INFO - Signal #13: sell at 2025-09-04 10:10:00 close=24835.7 (pending=yes)
2025-11-07 21:46:01,600 - INFO - Processing signal 'sell' at 2025-09-04 10:10:00 price=24835.7 option_data_present=True
2025-11-07 21:46:01,600 - INFO - Opened SHORT position at 24835.7 on 2025-09-04 10:10:00
2025-11-07 21:46:01,600 - INFO - process_signal returned: None
2025-11-07 21:46:01,792 - INFO - SHORT stop EXIT (early check) at 2025-09-04 10:22:00 stop=24872.99815
2025-11-07 21:46:01,798 - INFO - Range retouched at 2025-09-04 10:23:00; re-arming breakout logic.
2025-11-07 21:46:01,807 - INFO - Signal #14: buy at 2025-09-04 10:20:00 close=24873.75 (pending=yes)
2025-11-07 21:46:01,807 - INFO - Processing signal 'buy' at 2025-09-04 10:20:00 price=24873.75 option_data_present=True
2025-11-07 21:46:01,807 - INFO - Closed SHORT position: P&L=0.00
2025-11-07 21:46:01,807 - INFO - Opened LONG position at 24873.75 on 2025-09-04 10:20:00
2025-11-07 21:46:01,808 - INFO - process_signal returned: {'trade_id': 8, 'entry_datetime': Timestamp('2025-09-04 10:10:00'), 'exit_datetime': Timestamp('2025-09-04 10:20:00'), 'entry_price': 24848.15, 'exit_price': 24873.75, 'entry_option_price': np.float64(96.1), 'exit_option_price': np.float64(96.1), 'position_type': 'short', 'action': 'closed', 'position_state': 'closed', 'profit_loss': np.float64(0.0), 'lot_size': 75, 'range_high': 24980.75, 'range_low': 24848.15, 'open_range_completed': True, 'pivot_time': Timestamp('2025-09-04 09:29:00'), 'pivot_high': 24980.75, 'pivot_low': 24848.15, 'pivot_direction': None, 'entry_taken': True, 'daily_trade_taken': True, 'trades_taken_today': 1, 'max_trades_per_day': 3, 'in_position': False, 'stop_loss': 24872.99815, 'stop_loss_pct': 0.1, 'trailing_stop_pct': 0.2, 'trailing_anchor': 24830.2, 'target_pct': 0.5, 'target_price': 24723.90925, 'target_locked': False, 'in_entry_window': False, 'require_range_retouch': False, 'require_boundary_touch': True, 'option_symbol': 'NIFTY2590924850PE', 'option_type': 'ATM', 'strike_price': np.float64(24850.0), 'option_price': np.float64(96.1), 'instrument_token': np.int64(10389506)}
2025-11-07 21:46:01,809 - ERROR - Trade processing failed
Traceback (most recent call last):
  File "d:\NSLearn\copy_trader\client\ns_engine\main_new_plot.py", line 562, in _process_trade_for_signal
    self.update_trade_data(candle_dt, price, trade_data)
    ~~~~~~~~~~~~~~~~~~~~~~^^^^^^^^^^^^^^^^^^^^^^^^^^^^^^
  File "d:\NSLearn\copy_trader\client\ns_engine\main_new_plot.py", line 654, in update_trade_data
    self.journal.save_trade(trade_data, {'symbol': self.cfg.symbol, 'instrument_type': self.cfg.instrument_type})
    ~~~~~~~~~~~~~~~~~~~~~~~^^^^^^^^^^^^^^^^^^^^^^^^^^^^^^^^^^^^^^^^^^^^^^^^^^^^^^^^^^^^^^^^^^^^^^^^^^^^^^^^^^^^^^
  File "d:\NSLearn\copy_trader\client\ns_engine\main_new_plot.py", line 202, in save_trade
    df.to_csv(self.trades_csv, index=False)
    ~~~~~~~~~^^^^^^^^^^^^^^^^^^^^^^^^^^^^^^
  File "C:\Users\narasimharao.allaka\AppData\Roaming\Python\Python313\site-packages\pandas\util\_decorators.py", line 333, in wrapper
    return func(*args, **kwargs)
  File "C:\Users\narasimharao.allaka\AppData\Roaming\Python\Python313\site-packages\pandas\core\generic.py", line 3986, in to_csv
    return DataFrameRenderer(formatter).to_csv(
           ~~~~~~~~~~~~~~~~~~~~~~~~~~~~~~~~~~~^
        path_or_buf,
        ^^^^^^^^^^^^
    ...<14 lines>...
        storage_options=storage_options,
        ^^^^^^^^^^^^^^^^^^^^^^^^^^^^^^^^
    )
    ^
  File "C:\Users\narasimharao.allaka\AppData\Roaming\Python\Python313\site-packages\pandas\io\formats\format.py", line 1014, in to_csv
    csv_formatter.save()
    ~~~~~~~~~~~~~~~~~~^^
  File "C:\Users\narasimharao.allaka\AppData\Roaming\Python\Python313\site-packages\pandas\io\formats\csvs.py", line 251, in save
    with get_handle(
         ~~~~~~~~~~^
        self.filepath_or_buffer,
        ^^^^^^^^^^^^^^^^^^^^^^^^
    ...<4 lines>...
        storage_options=self.storage_options,
        ^^^^^^^^^^^^^^^^^^^^^^^^^^^^^^^^^^^^^
    ) as handles:
    ^
  File "C:\Users\narasimharao.allaka\AppData\Roaming\Python\Python313\site-packages\pandas\io\common.py", line 749, in get_handle
    check_parent_directory(str(handle))
    ~~~~~~~~~~~~~~~~~~~~~~^^^^^^^^^^^^^
  File "C:\Users\narasimharao.allaka\AppData\Roaming\Python\Python313\site-packages\pandas\io\common.py", line 616, in check_parent_directory
    raise OSError(rf"Cannot save file into a non-existent directory: '{parent}'")
OSError: Cannot save file into a non-existent directory: 'd:\NSLearn\copy_trader\client\csv\output'
2025-11-07 21:46:01,905 - INFO - Bear pivot (touch) at 2025-09-04 10:28:00: close 24846.65 < range_low 24848.15 and high 24853.95 >= range_low
2025-11-07 21:46:01,911 - INFO - SHORT entry signal at 2025-09-04 10:29:00 crossing pivot_low=24848.15 SL=24872.99815 (entry_price=24848.15, pct_stop=0.1)
2025-11-07 21:46:01,913 - INFO - Signal #15: sell at 2025-09-04 10:25:00 close=24846.55 (pending=yes)
2025-11-07 21:46:01,914 - INFO - Processing signal 'sell' at 2025-09-04 10:25:00 price=24846.55 option_data_present=True
2025-11-07 21:46:01,914 - INFO - Closed LONG position: P&L=0.00
2025-11-07 21:46:01,914 - INFO - Opened SHORT position at 24846.55 on 2025-09-04 10:25:00
2025-11-07 21:46:01,914 - INFO - process_signal returned: {'trade_id': 9, 'entry_datetime': Timestamp('2025-09-04 10:20:00'), 'exit_datetime': Timestamp('2025-09-04 10:25:00'), 'entry_price': 24848.15, 'exit_price': 24846.55, 'entry_option_price': np.float64(96.1), 'exit_option_price': np.float64(96.1), 'position_type': 'long', 'action': 'closed', 'position_state': 'closed', 'profit_loss': np.float64(0.0), 'lot_size': 75, 'range_high': 24980.75, 'range_low': 24848.15, 'open_range_completed': True, 'pivot_time': Timestamp('2025-09-04 10:28:00'), 'pivot_high': 24980.75, 'pivot_low': 24848.15, 'pivot_direction': 'bear', 'entry_taken': True, 'daily_trade_taken': True, 'trades_taken_today': 2, 'max_trades_per_day': 3, 'in_position': True, 'stop_loss': 24872.99815, 'stop_loss_pct': 0.1, 'trailing_stop_pct': 0.2, 'trailing_anchor': 24846.3, 'target_pct': 0.5, 'target_price': 24723.90925, 'target_locked': False, 'in_entry_window': False, 'require_range_retouch': True, 'require_boundary_touch': True, 'option_symbol': 'NIFTY2590924850PE', 'option_type': 'ATM', 'strike_price': np.float64(24850.0), 'option_price': np.float64(96.1), 'instrument_token': np.int64(10389506)}
2025-11-07 21:46:01,915 - ERROR - Trade processing failed
Traceback (most recent call last):
  File "d:\NSLearn\copy_trader\client\ns_engine\main_new_plot.py", line 562, in _process_trade_for_signal
    self.update_trade_data(candle_dt, price, trade_data)
    ~~~~~~~~~~~~~~~~~~~~~~^^^^^^^^^^^^^^^^^^^^^^^^^^^^^^
  File "d:\NSLearn\copy_trader\client\ns_engine\main_new_plot.py", line 654, in update_trade_data
    self.journal.save_trade(trade_data, {'symbol': self.cfg.symbol, 'instrument_type': self.cfg.instrument_type})
    ~~~~~~~~~~~~~~~~~~~~~~~^^^^^^^^^^^^^^^^^^^^^^^^^^^^^^^^^^^^^^^^^^^^^^^^^^^^^^^^^^^^^^^^^^^^^^^^^^^^^^^^^^^^^^
  File "d:\NSLearn\copy_trader\client\ns_engine\main_new_plot.py", line 202, in save_trade
    df.to_csv(self.trades_csv, index=False)
    ~~~~~~~~~^^^^^^^^^^^^^^^^^^^^^^^^^^^^^^
  File "C:\Users\narasimharao.allaka\AppData\Roaming\Python\Python313\site-packages\pandas\util\_decorators.py", line 333, in wrapper
    return func(*args, **kwargs)
  File "C:\Users\narasimharao.allaka\AppData\Roaming\Python\Python313\site-packages\pandas\core\generic.py", line 3986, in to_csv
    return DataFrameRenderer(formatter).to_csv(
           ~~~~~~~~~~~~~~~~~~~~~~~~~~~~~~~~~~~^
        path_or_buf,
        ^^^^^^^^^^^^
    ...<14 lines>...
        storage_options=storage_options,
        ^^^^^^^^^^^^^^^^^^^^^^^^^^^^^^^^
    )
    ^
  File "C:\Users\narasimharao.allaka\AppData\Roaming\Python\Python313\site-packages\pandas\io\formats\format.py", line 1014, in to_csv
    csv_formatter.save()
    ~~~~~~~~~~~~~~~~~~^^
  File "C:\Users\narasimharao.allaka\AppData\Roaming\Python\Python313\site-packages\pandas\io\formats\csvs.py", line 251, in save
    with get_handle(
         ~~~~~~~~~~^
        self.filepath_or_buffer,
        ^^^^^^^^^^^^^^^^^^^^^^^^
    ...<4 lines>...
        storage_options=self.storage_options,
        ^^^^^^^^^^^^^^^^^^^^^^^^^^^^^^^^^^^^^
    ) as handles:
    ^
  File "C:\Users\narasimharao.allaka\AppData\Roaming\Python\Python313\site-packages\pandas\io\common.py", line 749, in get_handle
    check_parent_directory(str(handle))
    ~~~~~~~~~~~~~~~~~~~~~~^^^^^^^^^^^^^
  File "C:\Users\narasimharao.allaka\AppData\Roaming\Python\Python313\site-packages\pandas\io\common.py", line 616, in check_parent_directory
    raise OSError(rf"Cannot save file into a non-existent directory: '{parent}'")
OSError: Cannot save file into a non-existent directory: 'd:\NSLearn\copy_trader\client\csv\output'
2025-11-07 21:46:02,686 - INFO - SHORT pct trail move: stop 24872.99815 -> 24871.4937 at 2025-09-04 10:40:00
2025-11-07 21:46:02,692 - INFO - SHORT pct trail move: stop 24871.4937 -> 24858.1671 at 2025-09-04 10:41:00
2025-11-07 21:46:02,699 - INFO - SHORT pct trail move: stop 24858.1671 -> 24854.3595 at 2025-09-04 10:42:00
2025-11-07 21:46:03,546 - INFO - SHORT pct trail move: stop 24854.3595 -> 24853.708199999997 at 2025-09-04 11:22:00
2025-11-07 21:46:03,553 - INFO - SHORT pct trail move: stop 24853.708199999997 -> 24853.608 at 2025-09-04 11:23:00
2025-11-07 21:46:03,559 - INFO - SHORT pct trail move: stop 24853.608 -> 24849.1491 at 2025-09-04 11:24:00
2025-11-07 21:46:04,599 - INFO - SHORT pct trail move: stop 24849.1491 -> 24848.1972 at 2025-09-04 12:11:00
2025-11-07 21:46:04,605 - INFO - SHORT pct trail move: stop 24848.1972 -> 24841.7844 at 2025-09-04 12:12:00
2025-11-07 21:46:04,611 - INFO - SHORT pct trail move: stop 24841.7844 -> 24837.676199999998 at 2025-09-04 12:13:00
2025-11-07 21:46:04,718 - INFO - SHORT pct trail move: stop 24837.676199999998 -> 24834.670199999997 at 2025-09-04 12:18:00
2025-11-07 21:46:04,725 - INFO - SHORT pct trail move: stop 24834.670199999997 -> 24830.8626 at 2025-09-04 12:19:00
2025-11-07 21:46:04,806 - INFO - SHORT pct trail move: stop 24830.8626 -> 24830.712300000003 at 2025-09-04 12:20:00
2025-11-07 21:46:04,812 - INFO - SHORT pct trail move: stop 24830.712300000003 -> 24824.7003 at 2025-09-04 12:21:00
2025-11-07 21:46:04,892 - INFO - SHORT pct trail move: stop 24824.7003 -> 24821.7444 at 2025-09-04 12:22:00
2025-11-07 21:46:04,898 - INFO - SHORT pct trail move: stop 24821.7444 -> 24818.1873 at 2025-09-04 12:23:00
2025-11-07 21:46:04,985 - INFO - SHORT pct trail move: stop 24818.1873 -> 24817.2354 at 2025-09-04 12:25:00
2025-11-07 21:46:05,335 - INFO - SHORT stop EXIT (early check) at 2025-09-04 12:44:00 stop=24817.2354
2025-11-07 21:46:05,337 - INFO - Signal #16: buy at 2025-09-04 12:40:00 close=24819.35 (pending=yes)
2025-11-07 21:46:05,337 - INFO - Processing signal 'buy' at 2025-09-04 12:40:00 price=24819.35 option_data_present=True
2025-11-07 21:46:05,337 - INFO - PL% threshold reached (-10.41%), auto-closing short position
2025-11-07 21:46:05,338 - INFO - Closed SHORT position: P&L=750.00
2025-11-07 21:46:05,338 - INFO - process_signal returned: {'trade_id': 10, 'entry_datetime': Timestamp('2025-09-04 10:25:00'), 'exit_datetime': Timestamp('2025-09-04 12:40:00'), 'entry_price': 24848.15, 'exit_price': 24819.35, 'entry_option_price': np.float64(96.1), 'exit_option_price': np.float64(106.1), 'position_type': 'short', 'action': 'closed', 'position_state': 'closed', 'profit_loss': np.float64(750.0), 'lot_size': 75, 'range_high': 24980.75, 'range_low': 24848.15, 'open_range_completed': True, 'pivot_time': Timestamp('2025-09-04 10:28:00'), 'pivot_high': 24980.75, 'pivot_low': 24848.15, 'pivot_direction': 'bear', 'entry_taken': True, 'daily_trade_taken': True, 'trades_taken_today': 2, 'max_trades_per_day': 3, 'in_position': False, 'stop_loss': 24817.2354, 'stop_loss_pct': 0.1, 'trailing_stop_pct': 0.2, 'trailing_anchor': 24767.7, 'target_pct': 0.5, 'target_price': 24723.90925, 'target_locked': False, 'in_entry_window': False, 'require_range_retouch': True, 'require_boundary_touch': True, 'option_symbol': 'NIFTY2590924850PE', 'option_type': 'ITM', 'strike_price': np.float64(24850.0), 'option_price': np.float64(106.1), 'instrument_token': np.int64(10389506)}
2025-11-07 21:46:05,339 - ERROR - Trade processing failed
Traceback (most recent call last):
  File "d:\NSLearn\copy_trader\client\ns_engine\main_new_plot.py", line 562, in _process_trade_for_signal
    self.update_trade_data(candle_dt, price, trade_data)
    ~~~~~~~~~~~~~~~~~~~~~~^^^^^^^^^^^^^^^^^^^^^^^^^^^^^^
  File "d:\NSLearn\copy_trader\client\ns_engine\main_new_plot.py", line 654, in update_trade_data
    self.journal.save_trade(trade_data, {'symbol': self.cfg.symbol, 'instrument_type': self.cfg.instrument_type})
    ~~~~~~~~~~~~~~~~~~~~~~~^^^^^^^^^^^^^^^^^^^^^^^^^^^^^^^^^^^^^^^^^^^^^^^^^^^^^^^^^^^^^^^^^^^^^^^^^^^^^^^^^^^^^^
  File "d:\NSLearn\copy_trader\client\ns_engine\main_new_plot.py", line 202, in save_trade
    df.to_csv(self.trades_csv, index=False)
    ~~~~~~~~~^^^^^^^^^^^^^^^^^^^^^^^^^^^^^^
  File "C:\Users\narasimharao.allaka\AppData\Roaming\Python\Python313\site-packages\pandas\util\_decorators.py", line 333, in wrapper
    return func(*args, **kwargs)
  File "C:\Users\narasimharao.allaka\AppData\Roaming\Python\Python313\site-packages\pandas\core\generic.py", line 3986, in to_csv
    return DataFrameRenderer(formatter).to_csv(
           ~~~~~~~~~~~~~~~~~~~~~~~~~~~~~~~~~~~^
        path_or_buf,
        ^^^^^^^^^^^^
    ...<14 lines>...
        storage_options=storage_options,
        ^^^^^^^^^^^^^^^^^^^^^^^^^^^^^^^^
    )
    ^
  File "C:\Users\narasimharao.allaka\AppData\Roaming\Python\Python313\site-packages\pandas\io\formats\format.py", line 1014, in to_csv
    csv_formatter.save()
    ~~~~~~~~~~~~~~~~~~^^
  File "C:\Users\narasimharao.allaka\AppData\Roaming\Python\Python313\site-packages\pandas\io\formats\csvs.py", line 251, in save
    with get_handle(
         ~~~~~~~~~~^
        self.filepath_or_buffer,
        ^^^^^^^^^^^^^^^^^^^^^^^^
    ...<4 lines>...
        storage_options=self.storage_options,
        ^^^^^^^^^^^^^^^^^^^^^^^^^^^^^^^^^^^^^
    ) as handles:
    ^
  File "C:\Users\narasimharao.allaka\AppData\Roaming\Python\Python313\site-packages\pandas\io\common.py", line 749, in get_handle
    check_parent_directory(str(handle))
    ~~~~~~~~~~~~~~~~~~~~~~^^^^^^^^^^^^^
  File "C:\Users\narasimharao.allaka\AppData\Roaming\Python\Python313\site-packages\pandas\io\common.py", line 616, in check_parent_directory
    raise OSError(rf"Cannot save file into a non-existent directory: '{parent}'")
OSError: Cannot save file into a non-existent directory: 'd:\NSLearn\copy_trader\client\csv\output'
2025-11-07 21:46:11,551 - INFO - ORB: mapped legacy pl_percent=0.5 to target_pct (explicit target_pct not provided)
2025-11-07 21:46:11,576 - INFO - Starting backtest (close-only execution) for NIFTY
2025-11-07 21:46:13,821 - INFO - Loaded 112651 data points for NIFTY
2025-11-07 21:46:32,064 - INFO - ORB range finalized at 2025-09-01 09:29:00: HIGH=24532.75 LOW=24432.7
2025-11-07 21:46:32,100 - INFO - Bull pivot (touch) at 2025-09-01 09:33:00: close 24535.3 > range_high 24532.75 and low 24528.5 <= range_high
2025-11-07 21:46:32,107 - INFO - LONG entry signal at 2025-09-01 09:34:00 crossing pivot_high=24532.75 SL=24508.21725 (entry_price=24532.75, pct_stop=0.1)
2025-11-07 21:46:32,109 - INFO - Signal #1: buy at 2025-09-01 09:30:00 close=24540.9 (pending=yes)
2025-11-07 21:46:32,110 - INFO - Processing signal 'buy' at 2025-09-01 09:30:00 price=24540.9 option_data_present=True
2025-11-07 21:46:32,110 - INFO - Opened LONG position at 24540.9 on 2025-09-01 09:30:00
2025-11-07 21:46:32,110 - INFO - process_signal returned: None
2025-11-07 21:46:32,290 - INFO - LONG pct trail move: stop 24508.21725 -> 24511.2293 at 2025-09-01 09:54:00
2025-11-07 21:46:32,311 - INFO - LONG pct trail move: stop 24511.2293 -> 24511.6285 at 2025-09-01 09:55:00
2025-11-07 21:46:32,554 - INFO - LONG stop EXIT (early check) at 2025-09-01 10:21:00 stop=24511.6285
2025-11-07 21:46:32,560 - INFO - Range retouched at 2025-09-01 10:22:00; re-arming breakout logic.
2025-11-07 21:46:32,574 - INFO - Signal #2: sell at 2025-09-01 10:20:00 close=24512.15 (pending=yes)
2025-11-07 21:46:32,575 - INFO - Processing signal 'sell' at 2025-09-01 10:20:00 price=24512.15 option_data_present=True
2025-11-07 21:46:32,575 - INFO - PL% threshold reached (-24.73%), auto-closing long position
2025-11-07 21:46:32,575 - INFO - Closed LONG position: P&L=-1391.25
2025-11-07 21:46:32,575 - INFO - process_signal returned: {'trade_id': 0, 'entry_datetime': Timestamp('2025-09-01 09:30:00'), 'exit_datetime': Timestamp('2025-09-01 10:20:00'), 'entry_price': 24532.75, 'exit_price': 24512.15, 'entry_option_price': np.float64(75.0), 'exit_option_price': np.float64(56.45), 'position_type': 'long', 'action': 'closed', 'position_state': 'closed', 'profit_loss': np.float64(-1391.2499999999998), 'lot_size': 75, 'range_high': 24532.75, 'range_low': 24432.7, 'open_range_completed': True, 'pivot_time': Timestamp('2025-09-01 09:29:00'), 'pivot_high': 24532.75, 'pivot_low': 24432.7, 'pivot_direction': None, 'entry_taken': True, 'daily_trade_taken': True, 'trades_taken_today': 1, 'max_trades_per_day': 3, 'in_position': False, 'stop_loss': 24511.6285, 'stop_loss_pct': 0.1, 'trailing_stop_pct': 0.2, 'trailing_anchor': 24560.75, 'target_pct': 0.5, 'target_price': 24655.413749999996, 'target_locked': False, 'in_entry_window': False, 'require_range_retouch': False, 'require_boundary_touch': True, 'option_symbol': 'NIFTY2590224550CE', 'option_type': 'OTM', 'strike_price': np.float64(24550.0), 'option_price': np.float64(56.45), 'instrument_token': np.int64(12526850)}
2025-11-07 21:46:32,578 - ERROR - Trade processing failed
Traceback (most recent call last):
  File "d:\NSLearn\copy_trader\client\ns_engine\main_new_plot.py", line 562, in _process_trade_for_signal
    self.update_trade_data(candle_dt, price, trade_data)
    ~~~~~~~~~~~~~~~~~~~~~~^^^^^^^^^^^^^^^^^^^^^^^^^^^^^^
  File "d:\NSLearn\copy_trader\client\ns_engine\main_new_plot.py", line 654, in update_trade_data
    self.journal.save_trade(trade_data, {'symbol': self.cfg.symbol, 'instrument_type': self.cfg.instrument_type})
    ~~~~~~~~~~~~~~~~~~~~~~~^^^^^^^^^^^^^^^^^^^^^^^^^^^^^^^^^^^^^^^^^^^^^^^^^^^^^^^^^^^^^^^^^^^^^^^^^^^^^^^^^^^^^^
  File "d:\NSLearn\copy_trader\client\ns_engine\main_new_plot.py", line 202, in save_trade
    df.to_csv(self.trades_csv, index=False)
    ~~~~~~~~~^^^^^^^^^^^^^^^^^^^^^^^^^^^^^^
  File "C:\Users\narasimharao.allaka\AppData\Roaming\Python\Python313\site-packages\pandas\util\_decorators.py", line 333, in wrapper
    return func(*args, **kwargs)
  File "C:\Users\narasimharao.allaka\AppData\Roaming\Python\Python313\site-packages\pandas\core\generic.py", line 3986, in to_csv
    return DataFrameRenderer(formatter).to_csv(
           ~~~~~~~~~~~~~~~~~~~~~~~~~~~~~~~~~~~^
        path_or_buf,
        ^^^^^^^^^^^^
    ...<14 lines>...
        storage_options=storage_options,
        ^^^^^^^^^^^^^^^^^^^^^^^^^^^^^^^^
    )
    ^
  File "C:\Users\narasimharao.allaka\AppData\Roaming\Python\Python313\site-packages\pandas\io\formats\format.py", line 1014, in to_csv
    csv_formatter.save()
    ~~~~~~~~~~~~~~~~~~^^
  File "C:\Users\narasimharao.allaka\AppData\Roaming\Python\Python313\site-packages\pandas\io\formats\csvs.py", line 251, in save
    with get_handle(
         ~~~~~~~~~~^
        self.filepath_or_buffer,
        ^^^^^^^^^^^^^^^^^^^^^^^^
    ...<4 lines>...
        storage_options=self.storage_options,
        ^^^^^^^^^^^^^^^^^^^^^^^^^^^^^^^^^^^^^
    ) as handles:
    ^
  File "C:\Users\narasimharao.allaka\AppData\Roaming\Python\Python313\site-packages\pandas\io\common.py", line 749, in get_handle
    check_parent_directory(str(handle))
    ~~~~~~~~~~~~~~~~~~~~~~^^^^^^^^^^^^^
  File "C:\Users\narasimharao.allaka\AppData\Roaming\Python\Python313\site-packages\pandas\io\common.py", line 616, in check_parent_directory
    raise OSError(rf"Cannot save file into a non-existent directory: '{parent}'")
OSError: Cannot save file into a non-existent directory: 'd:\NSLearn\copy_trader\client\csv\output'
2025-11-07 21:46:32,789 - INFO - Bull pivot (touch) at 2025-09-01 10:45:00: close 24537.25 > range_high 24532.75 and low 24527.3 <= range_high
2025-11-07 21:46:32,795 - INFO - LONG entry signal at 2025-09-01 10:46:00 crossing pivot_high=24532.75 SL=24508.21725 (entry_price=24532.75, pct_stop=0.1)
2025-11-07 21:46:32,816 - INFO - Signal #3: buy at 2025-09-01 10:45:00 close=24538.75 (pending=yes)
2025-11-07 21:46:32,817 - INFO - Processing signal 'buy' at 2025-09-01 10:45:00 price=24538.75 option_data_present=True
2025-11-07 21:46:32,817 - INFO - Opened LONG position at 24538.75 on 2025-09-01 10:45:00
2025-11-07 21:46:32,817 - INFO - process_signal returned: None
2025-11-07 21:46:33,791 - INFO - LONG pct trail move: stop 24508.21725 -> 24509.383 at 2025-09-01 12:25:00
2025-11-07 21:46:33,816 - INFO - LONG pct trail move: stop 24509.383 -> 24513.6744 at 2025-09-01 12:25:00
2025-11-07 21:46:33,828 - INFO - LONG pct trail move: stop 24513.6744 -> 24516.219299999997 at 2025-09-01 12:27:00
2025-11-07 21:46:33,835 - INFO - LONG pct trail move: stop 24516.219299999997 -> 24523.355 at 2025-09-01 12:28:00
2025-11-07 21:46:33,841 - INFO - LONG pct trail move: stop 24523.355 -> 24524.9019 at 2025-09-01 12:29:00
2025-11-07 21:46:33,867 - INFO - LONG pct trail move: stop 24524.9019 -> 24525.201299999997 at 2025-09-01 12:30:00
2025-11-07 21:46:34,313 - INFO - LONG pct trail move: stop 24525.201299999997 -> 24526.6484 at 2025-09-01 12:39:00
2025-11-07 21:46:34,581 - INFO - LONG pct trail move: stop 24526.6484 -> 24529.1434 at 2025-09-01 13:04:00
2025-11-07 21:46:34,610 - INFO - LONG pct trail move: stop 24529.1434 -> 24532.6364 at 2025-09-01 13:05:00
2025-11-07 21:46:34,623 - INFO - LONG pct trail move: stop 24532.6364 -> 24539.6723 at 2025-09-01 13:07:00
2025-11-07 21:46:34,629 - INFO - LONG pct trail move: stop 24539.6723 -> 24539.822 at 2025-09-01 13:08:00
2025-11-07 21:46:34,636 - INFO - LONG pct trail move: stop 24539.822 -> 24542.1174 at 2025-09-01 13:09:00
2025-11-07 21:46:34,668 - INFO - LONG pct trail move: stop 24542.1174 -> 24542.7661 at 2025-09-01 13:10:00
2025-11-07 21:46:34,722 - INFO - LONG pct trail move: stop 24542.7661 -> 24543.9637 at 2025-09-01 13:15:00
2025-11-07 21:46:34,729 - INFO - LONG pct trail move: stop 24543.9637 -> 24544.911799999998 at 2025-09-01 13:16:00
2025-11-07 21:46:34,785 - INFO - LONG pct trail move: stop 24544.911799999998 -> 24546.458700000003 at 2025-09-01 13:21:00
2025-11-07 21:46:34,889 - INFO - LONG pct trail move: stop 24546.458700000003 -> 24548.6044 at 2025-09-01 13:30:00
2025-11-07 21:46:34,895 - INFO - LONG pct trail move: stop 24548.6044 -> 24552.0475 at 2025-09-01 13:31:00
2025-11-07 21:46:34,902 - INFO - LONG pct trail move: stop 24552.0475 -> 24554.293 at 2025-09-01 13:32:00
2025-11-07 21:46:34,908 - INFO - LONG pct trail move: stop 24554.293 -> 24556.9876 at 2025-09-01 13:33:00
2025-11-07 21:46:35,149 - INFO - LONG pct trail move: stop 24556.9876 -> 24557.0375 at 2025-09-01 13:52:00
2025-11-07 21:46:35,271 - INFO - LONG pct trail move: stop 24557.0375 -> 24557.786 at 2025-09-01 14:04:00
2025-11-07 21:46:35,273 - INFO - LONG pct trail move: stop 24557.786 -> 24558.0854 at 2025-09-01 14:05:00
2025-11-07 21:46:35,303 - INFO - LONG pct trail move: stop 24558.0854 -> 24560.4806 at 2025-09-01 14:05:00
2025-11-07 21:46:35,329 - INFO - LONG pct trail move: stop 24560.4806 -> 24565.1213 at 2025-09-01 14:09:00
2025-11-07 21:46:35,363 - INFO - LONG pct trail move: stop 24565.1213 -> 24566.3189 at 2025-09-01 14:10:00
2025-11-07 21:46:35,370 - INFO - LONG pct trail move: stop 24566.3189 -> 24566.6183 at 2025-09-01 14:11:00
2025-11-07 21:46:35,376 - INFO - LONG pct trail move: stop 24566.6183 -> 24567.2171 at 2025-09-01 14:12:00
2025-11-07 21:46:35,382 - INFO - LONG pct trail move: stop 24567.2171 -> 24567.3668 at 2025-09-01 14:13:00
2025-11-07 21:46:35,389 - INFO - LONG pct trail move: stop 24567.3668 -> 24571.0095 at 2025-09-01 14:14:00
2025-11-07 21:46:35,725 - INFO - LONG pct trail move: stop 24571.0095 -> 24571.259 at 2025-09-01 14:41:00
2025-11-07 21:46:35,732 - INFO - LONG pct trail move: stop 24571.259 -> 24573.754 at 2025-09-01 14:42:00
2025-11-07 21:46:35,907 - INFO - LONG pct trail move: stop 24573.754 -> 24574.203100000002 at 2025-09-01 14:56:00
2025-11-07 21:46:36,286 - INFO - LONG pct trail move: stop 24574.203100000002 -> 24581.239 at 2025-09-01 14:57:00
2025-11-07 21:46:36,292 - INFO - LONG pct trail move: stop 24581.239 -> 24584.1332 at 2025-09-01 14:58:00
2025-11-07 21:46:36,298 - INFO - LONG pct trail move: stop 24584.1332 -> 24584.4825 at 2025-09-01 14:59:00
2025-11-07 21:46:36,332 - INFO - LONG pct trail move: stop 24584.4825 -> 24585.630200000003 at 2025-09-01 15:00:00
2025-11-07 21:46:36,362 - INFO - Closed LONG position: P&L=2497.50
2025-11-07 21:46:36,363 - ERROR - Failed to enforce session constraints
Traceback (most recent call last):
  File "d:\NSLearn\copy_trader\client\ns_engine\main_new_plot.py", line 777, in close_trade_on_endtime
    self.update_trade_data(candle_dt, price, trade_data)
    ~~~~~~~~~~~~~~~~~~~~~~^^^^^^^^^^^^^^^^^^^^^^^^^^^^^^
  File "d:\NSLearn\copy_trader\client\ns_engine\main_new_plot.py", line 654, in update_trade_data
    self.journal.save_trade(trade_data, {'symbol': self.cfg.symbol, 'instrument_type': self.cfg.instrument_type})
    ~~~~~~~~~~~~~~~~~~~~~~~^^^^^^^^^^^^^^^^^^^^^^^^^^^^^^^^^^^^^^^^^^^^^^^^^^^^^^^^^^^^^^^^^^^^^^^^^^^^^^^^^^^^^^
  File "d:\NSLearn\copy_trader\client\ns_engine\main_new_plot.py", line 202, in save_trade
    df.to_csv(self.trades_csv, index=False)
    ~~~~~~~~~^^^^^^^^^^^^^^^^^^^^^^^^^^^^^^
  File "C:\Users\narasimharao.allaka\AppData\Roaming\Python\Python313\site-packages\pandas\util\_decorators.py", line 333, in wrapper
    return func(*args, **kwargs)
  File "C:\Users\narasimharao.allaka\AppData\Roaming\Python\Python313\site-packages\pandas\core\generic.py", line 3986, in to_csv
    return DataFrameRenderer(formatter).to_csv(
           ~~~~~~~~~~~~~~~~~~~~~~~~~~~~~~~~~~~^
        path_or_buf,
        ^^^^^^^^^^^^
    ...<14 lines>...
        storage_options=storage_options,
        ^^^^^^^^^^^^^^^^^^^^^^^^^^^^^^^^
    )
    ^
  File "C:\Users\narasimharao.allaka\AppData\Roaming\Python\Python313\site-packages\pandas\io\formats\format.py", line 1014, in to_csv
    csv_formatter.save()
    ~~~~~~~~~~~~~~~~~~^^
  File "C:\Users\narasimharao.allaka\AppData\Roaming\Python\Python313\site-packages\pandas\io\formats\csvs.py", line 251, in save
    with get_handle(
         ~~~~~~~~~~^
        self.filepath_or_buffer,
        ^^^^^^^^^^^^^^^^^^^^^^^^
    ...<4 lines>...
        storage_options=self.storage_options,
        ^^^^^^^^^^^^^^^^^^^^^^^^^^^^^^^^^^^^^
    ) as handles:
    ^
  File "C:\Users\narasimharao.allaka\AppData\Roaming\Python\Python313\site-packages\pandas\io\common.py", line 749, in get_handle
    check_parent_directory(str(handle))
    ~~~~~~~~~~~~~~~~~~~~~~^^^^^^^^^^^^^
  File "C:\Users\narasimharao.allaka\AppData\Roaming\Python\Python313\site-packages\pandas\io\common.py", line 616, in check_parent_directory
    raise OSError(rf"Cannot save file into a non-existent directory: '{parent}'")
OSError: Cannot save file into a non-existent directory: 'd:\NSLearn\copy_trader\client\csv\output'
2025-11-07 21:46:36,688 - INFO - New trading day detected: 2025-09-02. Resetting ORB state.
2025-11-07 21:46:36,691 - INFO - New trading day detected: 2025-09-01. Resetting ORB state.
2025-11-07 21:46:51,678 - INFO - ORB: mapped legacy pl_percent=0.5 to target_pct (explicit target_pct not provided)
2025-11-07 21:46:51,711 - INFO - Starting backtest (close-only execution) for NIFTY
2025-11-07 21:50:21,134 - INFO - ORB: mapped legacy pl_percent=0.5 to target_pct (explicit target_pct not provided)
2025-11-07 21:50:21,166 - INFO - Starting backtest (close-only execution) for NIFTY
2025-11-07 21:50:45,426 - INFO - Loaded 112651 data points for NIFTY
2025-11-07 21:51:23,719 - INFO - ORB range finalized at 2025-09-01 09:29:00: HIGH=24532.75 LOW=24432.7
2025-11-07 21:51:23,874 - INFO - Bull pivot (touch) at 2025-09-01 09:33:00: close 24535.3 > range_high 24532.75 and low 24528.5 <= range_high
2025-11-07 21:51:23,896 - INFO - LONG entry signal at 2025-09-01 09:34:00 crossing pivot_high=24532.75 SL=24508.21725 (entry_price=24532.75, pct_stop=0.1)
2025-11-07 21:51:23,900 - INFO - Signal #1: buy at 2025-09-01 09:30:00 close=24540.9 (pending=yes)
2025-11-07 21:51:23,911 - INFO - Processing signal 'buy' at 2025-09-01 09:30:00 price=24540.9 option_data_present=True
2025-11-07 21:51:23,911 - INFO - Opened LONG position at 24540.9 on 2025-09-01 09:30:00
2025-11-07 21:51:23,911 - INFO - process_signal returned: None
2025-11-07 21:51:24,578 - INFO - LONG pct trail move: stop 24508.21725 -> 24511.2293 at 2025-09-01 09:54:00
2025-11-07 21:51:24,646 - INFO - LONG pct trail move: stop 24511.2293 -> 24511.6285 at 2025-09-01 09:55:00
2025-11-07 21:51:25,637 - INFO - LONG stop EXIT (early check) at 2025-09-01 10:21:00 stop=24511.6285
2025-11-07 21:51:25,660 - INFO - Range retouched at 2025-09-01 10:22:00; re-arming breakout logic.
2025-11-07 21:51:25,710 - INFO - Signal #2: sell at 2025-09-01 10:20:00 close=24512.15 (pending=yes)
2025-11-07 21:51:25,713 - INFO - Processing signal 'sell' at 2025-09-01 10:20:00 price=24512.15 option_data_present=True
2025-11-07 21:51:25,713 - INFO - PL% threshold reached (-24.73%), auto-closing long position
2025-11-07 21:51:25,713 - INFO - Closed LONG position: P&L=-1391.25
2025-11-07 21:51:25,713 - INFO - process_signal returned: {'trade_id': 0, 'entry_datetime': Timestamp('2025-09-01 09:30:00'), 'exit_datetime': Timestamp('2025-09-01 10:20:00'), 'entry_price': 24532.75, 'exit_price': 24512.15, 'entry_option_price': np.float64(75.0), 'exit_option_price': np.float64(56.45), 'position_type': 'long', 'action': 'closed', 'position_state': 'closed', 'profit_loss': np.float64(-1391.2499999999998), 'lot_size': 75, 'range_high': 24532.75, 'range_low': 24432.7, 'open_range_completed': True, 'pivot_time': Timestamp('2025-09-01 09:29:00'), 'pivot_high': 24532.75, 'pivot_low': 24432.7, 'pivot_direction': None, 'entry_taken': True, 'daily_trade_taken': True, 'trades_taken_today': 1, 'max_trades_per_day': 3, 'in_position': False, 'stop_loss': 24511.6285, 'stop_loss_pct': 0.1, 'trailing_stop_pct': 0.2, 'trailing_anchor': 24560.75, 'target_pct': 0.5, 'target_price': 24655.413749999996, 'target_locked': False, 'in_entry_window': False, 'require_range_retouch': False, 'require_boundary_touch': True, 'option_symbol': 'NIFTY2590224550CE', 'option_type': 'OTM', 'strike_price': np.float64(24550.0), 'option_price': np.float64(56.45), 'instrument_token': np.int64(12526850)}
2025-11-07 21:51:25,718 - ERROR - Trade processing failed
Traceback (most recent call last):
  File "d:\NSLearn\copy_trader\client\ns_engine\main_new_plot.py", line 562, in _process_trade_for_signal
    self.update_trade_data(candle_dt, price, trade_data)
    ~~~~~~~~~~~~~~~~~~~~~~^^^^^^^^^^^^^^^^^^^^^^^^^^^^^^
  File "d:\NSLearn\copy_trader\client\ns_engine\main_new_plot.py", line 654, in update_trade_data
    self.journal.save_trade(trade_data, {'symbol': self.cfg.symbol, 'instrument_type': self.cfg.instrument_type})
    ~~~~~~~~~~~~~~~~~~~~~~~^^^^^^^^^^^^^^^^^^^^^^^^^^^^^^^^^^^^^^^^^^^^^^^^^^^^^^^^^^^^^^^^^^^^^^^^^^^^^^^^^^^^^^
  File "d:\NSLearn\copy_trader\client\ns_engine\main_new_plot.py", line 202, in save_trade
    df.to_csv(self.trades_csv, index=False)
    ~~~~~~~~~^^^^^^^^^^^^^^^^^^^^^^^^^^^^^^
  File "C:\Users\narasimharao.allaka\AppData\Roaming\Python\Python313\site-packages\pandas\util\_decorators.py", line 333, in wrapper
    return func(*args, **kwargs)
  File "C:\Users\narasimharao.allaka\AppData\Roaming\Python\Python313\site-packages\pandas\core\generic.py", line 3986, in to_csv
    return DataFrameRenderer(formatter).to_csv(
           ~~~~~~~~~~~~~~~~~~~~~~~~~~~~~~~~~~~^
        path_or_buf,
        ^^^^^^^^^^^^
    ...<14 lines>...
        storage_options=storage_options,
        ^^^^^^^^^^^^^^^^^^^^^^^^^^^^^^^^
    )
    ^
  File "C:\Users\narasimharao.allaka\AppData\Roaming\Python\Python313\site-packages\pandas\io\formats\format.py", line 1014, in to_csv
    csv_formatter.save()
    ~~~~~~~~~~~~~~~~~~^^
  File "C:\Users\narasimharao.allaka\AppData\Roaming\Python\Python313\site-packages\pandas\io\formats\csvs.py", line 251, in save
    with get_handle(
         ~~~~~~~~~~^
        self.filepath_or_buffer,
        ^^^^^^^^^^^^^^^^^^^^^^^^
    ...<4 lines>...
        storage_options=self.storage_options,
        ^^^^^^^^^^^^^^^^^^^^^^^^^^^^^^^^^^^^^
    ) as handles:
    ^
  File "C:\Users\narasimharao.allaka\AppData\Roaming\Python\Python313\site-packages\pandas\io\common.py", line 749, in get_handle
    check_parent_directory(str(handle))
    ~~~~~~~~~~~~~~~~~~~~~~^^^^^^^^^^^^^
  File "C:\Users\narasimharao.allaka\AppData\Roaming\Python\Python313\site-packages\pandas\io\common.py", line 616, in check_parent_directory
    raise OSError(rf"Cannot save file into a non-existent directory: '{parent}'")
OSError: Cannot save file into a non-existent directory: 'd:\NSLearn\copy_trader\client\csv\output'
2025-11-07 21:51:26,546 - INFO - Bull pivot (touch) at 2025-09-01 10:45:00: close 24537.25 > range_high 24532.75 and low 24527.3 <= range_high
2025-11-07 21:51:26,574 - INFO - LONG entry signal at 2025-09-01 10:46:00 crossing pivot_high=24532.75 SL=24508.21725 (entry_price=24532.75, pct_stop=0.1)
2025-11-07 21:51:26,648 - INFO - Signal #3: buy at 2025-09-01 10:45:00 close=24538.75 (pending=yes)
2025-11-07 21:51:26,651 - INFO - Processing signal 'buy' at 2025-09-01 10:45:00 price=24538.75 option_data_present=True
2025-11-07 21:51:26,651 - INFO - Opened LONG position at 24538.75 on 2025-09-01 10:45:00
2025-11-07 21:51:26,651 - INFO - process_signal returned: None
2025-11-07 21:51:30,458 - INFO - LONG pct trail move: stop 24508.21725 -> 24509.383 at 2025-09-01 12:25:00
2025-11-07 21:51:30,565 - INFO - LONG pct trail move: stop 24509.383 -> 24513.6744 at 2025-09-01 12:25:00
2025-11-07 21:51:30,615 - INFO - LONG pct trail move: stop 24513.6744 -> 24516.219299999997 at 2025-09-01 12:27:00
2025-11-07 21:51:30,641 - INFO - LONG pct trail move: stop 24516.219299999997 -> 24523.355 at 2025-09-01 12:28:00
2025-11-07 21:51:30,662 - INFO - LONG pct trail move: stop 24523.355 -> 24524.9019 at 2025-09-01 12:29:00
2025-11-07 21:51:30,761 - INFO - LONG pct trail move: stop 24524.9019 -> 24525.201299999997 at 2025-09-01 12:30:00
2025-11-07 21:51:32,032 - INFO - LONG pct trail move: stop 24525.201299999997 -> 24526.6484 at 2025-09-01 12:39:00
2025-11-07 21:51:33,164 - INFO - LONG pct trail move: stop 24526.6484 -> 24529.1434 at 2025-09-01 13:04:00
2025-11-07 21:51:33,302 - INFO - LONG pct trail move: stop 24529.1434 -> 24532.6364 at 2025-09-01 13:05:00
2025-11-07 21:51:33,355 - INFO - LONG pct trail move: stop 24532.6364 -> 24539.6723 at 2025-09-01 13:07:00
2025-11-07 21:51:33,378 - INFO - LONG pct trail move: stop 24539.6723 -> 24539.822 at 2025-09-01 13:08:00
2025-11-07 21:51:33,400 - INFO - LONG pct trail move: stop 24539.822 -> 24542.1174 at 2025-09-01 13:09:00
2025-11-07 21:51:33,503 - INFO - LONG pct trail move: stop 24542.1174 -> 24542.7661 at 2025-09-01 13:10:00
2025-11-07 21:51:33,726 - INFO - LONG pct trail move: stop 24542.7661 -> 24543.9637 at 2025-09-01 13:15:00
2025-11-07 21:51:33,752 - INFO - LONG pct trail move: stop 24543.9637 -> 24544.911799999998 at 2025-09-01 13:16:00
2025-11-07 21:51:33,938 - INFO - LONG pct trail move: stop 24544.911799999998 -> 24546.458700000003 at 2025-09-01 13:21:00
2025-11-07 21:51:34,246 - INFO - LONG pct trail move: stop 24546.458700000003 -> 24548.6044 at 2025-09-01 13:30:00
2025-11-07 21:51:34,274 - INFO - LONG pct trail move: stop 24548.6044 -> 24552.0475 at 2025-09-01 13:31:00
2025-11-07 21:51:34,301 - INFO - LONG pct trail move: stop 24552.0475 -> 24554.293 at 2025-09-01 13:32:00
2025-11-07 21:51:34,325 - INFO - LONG pct trail move: stop 24554.293 -> 24556.9876 at 2025-09-01 13:33:00
2025-11-07 21:51:35,192 - INFO - LONG pct trail move: stop 24556.9876 -> 24557.0375 at 2025-09-01 13:52:00
2025-11-07 21:51:35,716 - INFO - LONG pct trail move: stop 24557.0375 -> 24557.786 at 2025-09-01 14:04:00
2025-11-07 21:51:35,721 - INFO - LONG pct trail move: stop 24557.786 -> 24558.0854 at 2025-09-01 14:05:00
2025-11-07 21:51:35,816 - INFO - LONG pct trail move: stop 24558.0854 -> 24560.4806 at 2025-09-01 14:05:00
2025-11-07 21:51:35,909 - INFO - LONG pct trail move: stop 24560.4806 -> 24565.1213 at 2025-09-01 14:09:00
2025-11-07 21:51:36,012 - INFO - LONG pct trail move: stop 24565.1213 -> 24566.3189 at 2025-09-01 14:10:00
2025-11-07 21:51:36,028 - INFO - LONG pct trail move: stop 24566.3189 -> 24566.6183 at 2025-09-01 14:11:00
2025-11-07 21:51:36,041 - INFO - LONG pct trail move: stop 24566.6183 -> 24567.2171 at 2025-09-01 14:12:00
2025-11-07 21:51:36,052 - INFO - LONG pct trail move: stop 24567.2171 -> 24567.3668 at 2025-09-01 14:13:00
2025-11-07 21:51:36,064 - INFO - LONG pct trail move: stop 24567.3668 -> 24571.0095 at 2025-09-01 14:14:00
2025-11-07 21:51:37,366 - INFO - LONG pct trail move: stop 24571.0095 -> 24571.259 at 2025-09-01 14:41:00
2025-11-07 21:51:37,391 - INFO - LONG pct trail move: stop 24571.259 -> 24573.754 at 2025-09-01 14:42:00
2025-11-07 21:51:38,106 - INFO - LONG pct trail move: stop 24573.754 -> 24574.203100000002 at 2025-09-01 14:56:00
2025-11-07 21:51:39,149 - INFO - LONG pct trail move: stop 24574.203100000002 -> 24581.239 at 2025-09-01 14:57:00
2025-11-07 21:51:39,178 - INFO - LONG pct trail move: stop 24581.239 -> 24584.1332 at 2025-09-01 14:58:00
2025-11-07 21:51:39,208 - INFO - LONG pct trail move: stop 24584.1332 -> 24584.4825 at 2025-09-01 14:59:00
2025-11-07 21:51:39,324 - INFO - LONG pct trail move: stop 24584.4825 -> 24585.630200000003 at 2025-09-01 15:00:00
2025-11-07 21:51:39,437 - INFO - Closed LONG position: P&L=2497.50
2025-11-07 21:51:39,441 - ERROR - Failed to enforce session constraints
Traceback (most recent call last):
  File "d:\NSLearn\copy_trader\client\ns_engine\main_new_plot.py", line 777, in close_trade_on_endtime
    self.update_trade_data(candle_dt, price, trade_data)
    ~~~~~~~~~~~~~~~~~~~~~~^^^^^^^^^^^^^^^^^^^^^^^^^^^^^^
  File "d:\NSLearn\copy_trader\client\ns_engine\main_new_plot.py", line 654, in update_trade_data
    self.journal.save_trade(trade_data, {'symbol': self.cfg.symbol, 'instrument_type': self.cfg.instrument_type})
    ~~~~~~~~~~~~~~~~~~~~~~~^^^^^^^^^^^^^^^^^^^^^^^^^^^^^^^^^^^^^^^^^^^^^^^^^^^^^^^^^^^^^^^^^^^^^^^^^^^^^^^^^^^^^^
  File "d:\NSLearn\copy_trader\client\ns_engine\main_new_plot.py", line 202, in save_trade
    df.to_csv(self.trades_csv, index=False)
    ~~~~~~~~~^^^^^^^^^^^^^^^^^^^^^^^^^^^^^^
  File "C:\Users\narasimharao.allaka\AppData\Roaming\Python\Python313\site-packages\pandas\util\_decorators.py", line 333, in wrapper
    return func(*args, **kwargs)
  File "C:\Users\narasimharao.allaka\AppData\Roaming\Python\Python313\site-packages\pandas\core\generic.py", line 3986, in to_csv
    return DataFrameRenderer(formatter).to_csv(
           ~~~~~~~~~~~~~~~~~~~~~~~~~~~~~~~~~~~^
        path_or_buf,
        ^^^^^^^^^^^^
    ...<14 lines>...
        storage_options=storage_options,
        ^^^^^^^^^^^^^^^^^^^^^^^^^^^^^^^^
    )
    ^
  File "C:\Users\narasimharao.allaka\AppData\Roaming\Python\Python313\site-packages\pandas\io\formats\format.py", line 1014, in to_csv
    csv_formatter.save()
    ~~~~~~~~~~~~~~~~~~^^
  File "C:\Users\narasimharao.allaka\AppData\Roaming\Python\Python313\site-packages\pandas\io\formats\csvs.py", line 251, in save
    with get_handle(
         ~~~~~~~~~~^
        self.filepath_or_buffer,
        ^^^^^^^^^^^^^^^^^^^^^^^^
    ...<4 lines>...
        storage_options=self.storage_options,
        ^^^^^^^^^^^^^^^^^^^^^^^^^^^^^^^^^^^^^
    ) as handles:
    ^
  File "C:\Users\narasimharao.allaka\AppData\Roaming\Python\Python313\site-packages\pandas\io\common.py", line 749, in get_handle
    check_parent_directory(str(handle))
    ~~~~~~~~~~~~~~~~~~~~~~^^^^^^^^^^^^^
  File "C:\Users\narasimharao.allaka\AppData\Roaming\Python\Python313\site-packages\pandas\io\common.py", line 616, in check_parent_directory
    raise OSError(rf"Cannot save file into a non-existent directory: '{parent}'")
OSError: Cannot save file into a non-existent directory: 'd:\NSLearn\copy_trader\client\csv\output'
2025-11-07 21:51:40,824 - INFO - New trading day detected: 2025-09-02. Resetting ORB state.
2025-11-07 21:51:40,829 - INFO - New trading day detected: 2025-09-01. Resetting ORB state.
2025-11-07 21:51:59,130 - INFO - New trading day detected: 2025-09-02. Resetting ORB state.
2025-11-07 21:52:05,303 - INFO - ORB: mapped legacy pl_percent=0.5 to target_pct (explicit target_pct not provided)
2025-11-07 21:52:05,339 - INFO - Starting backtest (close-only execution) for NIFTY
2025-11-07 21:52:23,478 - INFO - Loaded 112651 data points for NIFTY
2025-11-07 21:53:06,077 - INFO - ORB range finalized at 2025-09-01 09:29:00: HIGH=24532.75 LOW=24432.7
2025-11-07 21:53:06,199 - INFO - Bull pivot (touch) at 2025-09-01 09:33:00: close 24535.3 > range_high 24532.75 and low 24528.5 <= range_high
2025-11-07 21:53:06,221 - INFO - LONG entry signal at 2025-09-01 09:34:00 crossing pivot_high=24532.75 SL=24508.21725 (entry_price=24532.75, pct_stop=0.1)
2025-11-07 21:53:06,226 - INFO - Signal #1: buy at 2025-09-01 09:30:00 close=24540.9 (pending=yes)
2025-11-07 21:53:06,230 - INFO - Processing signal 'buy' at 2025-09-01 09:30:00 price=24540.9 option_data_present=True
2025-11-07 21:53:06,230 - INFO - Opened LONG position at 24540.9 on 2025-09-01 09:30:00
2025-11-07 21:53:06,230 - INFO - process_signal returned: None
2025-11-07 21:53:06,896 - INFO - LONG pct trail move: stop 24508.21725 -> 24511.2293 at 2025-09-01 09:54:00
2025-11-07 21:53:06,972 - INFO - LONG pct trail move: stop 24511.2293 -> 24511.6285 at 2025-09-01 09:55:00
2025-11-07 21:53:07,871 - INFO - LONG stop EXIT (early check) at 2025-09-01 10:21:00 stop=24511.6285
2025-11-07 21:53:07,896 - INFO - Range retouched at 2025-09-01 10:22:00; re-arming breakout logic.
2025-11-07 21:53:07,945 - INFO - Signal #2: sell at 2025-09-01 10:20:00 close=24512.15 (pending=yes)
2025-11-07 21:53:07,947 - INFO - Processing signal 'sell' at 2025-09-01 10:20:00 price=24512.15 option_data_present=True
2025-11-07 21:53:07,947 - INFO - PL% threshold reached (-24.73%), auto-closing long position
2025-11-07 21:53:07,947 - INFO - Closed LONG position: P&L=-1391.25
2025-11-07 21:53:07,948 - INFO - process_signal returned: {'trade_id': 0, 'entry_datetime': Timestamp('2025-09-01 09:30:00'), 'exit_datetime': Timestamp('2025-09-01 10:20:00'), 'entry_price': 24532.75, 'exit_price': 24512.15, 'entry_option_price': np.float64(75.0), 'exit_option_price': np.float64(56.45), 'position_type': 'long', 'action': 'closed', 'position_state': 'closed', 'profit_loss': np.float64(-1391.2499999999998), 'lot_size': 75, 'range_high': 24532.75, 'range_low': 24432.7, 'open_range_completed': True, 'pivot_time': Timestamp('2025-09-01 09:29:00'), 'pivot_high': 24532.75, 'pivot_low': 24432.7, 'pivot_direction': None, 'entry_taken': True, 'daily_trade_taken': True, 'trades_taken_today': 1, 'max_trades_per_day': 3, 'in_position': False, 'stop_loss': 24511.6285, 'stop_loss_pct': 0.1, 'trailing_stop_pct': 0.2, 'trailing_anchor': 24560.75, 'target_pct': 0.5, 'target_price': 24655.413749999996, 'target_locked': False, 'in_entry_window': False, 'require_range_retouch': False, 'require_boundary_touch': True, 'option_symbol': 'NIFTY2590224550CE', 'option_type': 'OTM', 'strike_price': np.float64(24550.0), 'option_price': np.float64(56.45), 'instrument_token': np.int64(12526850)}
2025-11-07 21:53:07,951 - ERROR - Trade processing failed
Traceback (most recent call last):
  File "d:\NSLearn\copy_trader\client\ns_engine\main_new_plot.py", line 562, in _process_trade_for_signal
    self.update_trade_data(candle_dt, price, trade_data)
    ~~~~~~~~~~~~~~~~~~~~~~^^^^^^^^^^^^^^^^^^^^^^^^^^^^^^
  File "d:\NSLearn\copy_trader\client\ns_engine\main_new_plot.py", line 654, in update_trade_data
    self.journal.save_trade(trade_data, {'symbol': self.cfg.symbol, 'instrument_type': self.cfg.instrument_type})
    ~~~~~~~~~~~~~~~~~~~~~~~^^^^^^^^^^^^^^^^^^^^^^^^^^^^^^^^^^^^^^^^^^^^^^^^^^^^^^^^^^^^^^^^^^^^^^^^^^^^^^^^^^^^^^
  File "d:\NSLearn\copy_trader\client\ns_engine\main_new_plot.py", line 202, in save_trade
    df.to_csv(self.trades_csv, index=False)
    ~~~~~~~~~^^^^^^^^^^^^^^^^^^^^^^^^^^^^^^
  File "C:\Users\narasimharao.allaka\AppData\Roaming\Python\Python313\site-packages\pandas\util\_decorators.py", line 333, in wrapper
    return func(*args, **kwargs)
  File "C:\Users\narasimharao.allaka\AppData\Roaming\Python\Python313\site-packages\pandas\core\generic.py", line 3986, in to_csv
    return DataFrameRenderer(formatter).to_csv(
           ~~~~~~~~~~~~~~~~~~~~~~~~~~~~~~~~~~~^
        path_or_buf,
        ^^^^^^^^^^^^
    ...<14 lines>...
        storage_options=storage_options,
        ^^^^^^^^^^^^^^^^^^^^^^^^^^^^^^^^
    )
    ^
  File "C:\Users\narasimharao.allaka\AppData\Roaming\Python\Python313\site-packages\pandas\io\formats\format.py", line 1014, in to_csv
    csv_formatter.save()
    ~~~~~~~~~~~~~~~~~~^^
  File "C:\Users\narasimharao.allaka\AppData\Roaming\Python\Python313\site-packages\pandas\io\formats\csvs.py", line 251, in save
    with get_handle(
         ~~~~~~~~~~^
        self.filepath_or_buffer,
        ^^^^^^^^^^^^^^^^^^^^^^^^
    ...<4 lines>...
        storage_options=self.storage_options,
        ^^^^^^^^^^^^^^^^^^^^^^^^^^^^^^^^^^^^^
    ) as handles:
    ^
  File "C:\Users\narasimharao.allaka\AppData\Roaming\Python\Python313\site-packages\pandas\io\common.py", line 749, in get_handle
    check_parent_directory(str(handle))
    ~~~~~~~~~~~~~~~~~~~~~~^^^^^^^^^^^^^
  File "C:\Users\narasimharao.allaka\AppData\Roaming\Python\Python313\site-packages\pandas\io\common.py", line 616, in check_parent_directory
    raise OSError(rf"Cannot save file into a non-existent directory: '{parent}'")
OSError: Cannot save file into a non-existent directory: 'd:\NSLearn\copy_trader\client\csv\output'
2025-11-07 21:53:08,773 - INFO - Bull pivot (touch) at 2025-09-01 10:45:00: close 24537.25 > range_high 24532.75 and low 24527.3 <= range_high
2025-11-07 21:53:08,790 - INFO - LONG entry signal at 2025-09-01 10:46:00 crossing pivot_high=24532.75 SL=24508.21725 (entry_price=24532.75, pct_stop=0.1)
2025-11-07 21:53:08,872 - INFO - Signal #3: buy at 2025-09-01 10:45:00 close=24538.75 (pending=yes)
2025-11-07 21:53:08,875 - INFO - Processing signal 'buy' at 2025-09-01 10:45:00 price=24538.75 option_data_present=True
2025-11-07 21:53:08,875 - INFO - Opened LONG position at 24538.75 on 2025-09-01 10:45:00
2025-11-07 21:53:08,875 - INFO - process_signal returned: None
2025-11-07 21:53:13,042 - INFO - LONG pct trail move: stop 24508.21725 -> 24509.383 at 2025-09-01 12:25:00
2025-11-07 21:53:13,206 - INFO - LONG pct trail move: stop 24509.383 -> 24513.6744 at 2025-09-01 12:25:00
2025-11-07 21:53:13,262 - INFO - LONG pct trail move: stop 24513.6744 -> 24516.219299999997 at 2025-09-01 12:27:00
2025-11-07 21:53:13,283 - INFO - LONG pct trail move: stop 24516.219299999997 -> 24523.355 at 2025-09-01 12:28:00
2025-11-07 21:53:13,307 - INFO - LONG pct trail move: stop 24523.355 -> 24524.9019 at 2025-09-01 12:29:00
2025-11-07 21:53:13,423 - INFO - LONG pct trail move: stop 24524.9019 -> 24525.201299999997 at 2025-09-01 12:30:00
2025-11-07 21:53:14,747 - INFO - LONG pct trail move: stop 24525.201299999997 -> 24526.6484 at 2025-09-01 12:39:00
2025-11-07 21:53:15,777 - INFO - LONG pct trail move: stop 24526.6484 -> 24529.1434 at 2025-09-01 13:04:00
2025-11-07 21:53:15,907 - INFO - LONG pct trail move: stop 24529.1434 -> 24532.6364 at 2025-09-01 13:05:00
2025-11-07 21:53:15,959 - INFO - LONG pct trail move: stop 24532.6364 -> 24539.6723 at 2025-09-01 13:07:00
2025-11-07 21:53:15,982 - INFO - LONG pct trail move: stop 24539.6723 -> 24539.822 at 2025-09-01 13:08:00
2025-11-07 21:53:16,007 - INFO - LONG pct trail move: stop 24539.822 -> 24542.1174 at 2025-09-01 13:09:00
2025-11-07 21:53:16,118 - INFO - LONG pct trail move: stop 24542.1174 -> 24542.7661 at 2025-09-01 13:10:00
2025-11-07 21:53:16,285 - INFO - LONG pct trail move: stop 24542.7661 -> 24543.9637 at 2025-09-01 13:15:00
2025-11-07 21:53:16,312 - INFO - LONG pct trail move: stop 24543.9637 -> 24544.911799999998 at 2025-09-01 13:16:00
2025-11-07 21:53:16,554 - INFO - LONG pct trail move: stop 24544.911799999998 -> 24546.458700000003 at 2025-09-01 13:21:00
2025-11-07 21:53:16,968 - INFO - LONG pct trail move: stop 24546.458700000003 -> 24548.6044 at 2025-09-01 13:30:00
2025-11-07 21:53:17,008 - INFO - LONG pct trail move: stop 24548.6044 -> 24552.0475 at 2025-09-01 13:31:00
2025-11-07 21:53:17,044 - INFO - LONG pct trail move: stop 24552.0475 -> 24554.293 at 2025-09-01 13:32:00
2025-11-07 21:53:17,075 - INFO - LONG pct trail move: stop 24554.293 -> 24556.9876 at 2025-09-01 13:33:00
2025-11-07 21:53:18,016 - INFO - LONG pct trail move: stop 24556.9876 -> 24557.0375 at 2025-09-01 13:52:00
2025-11-07 21:53:18,535 - INFO - LONG pct trail move: stop 24557.0375 -> 24557.786 at 2025-09-01 14:04:00
2025-11-07 21:53:18,540 - INFO - LONG pct trail move: stop 24557.786 -> 24558.0854 at 2025-09-01 14:05:00
2025-11-07 21:53:18,652 - INFO - LONG pct trail move: stop 24558.0854 -> 24560.4806 at 2025-09-01 14:05:00
2025-11-07 21:53:18,742 - INFO - LONG pct trail move: stop 24560.4806 -> 24565.1213 at 2025-09-01 14:09:00
2025-11-07 21:53:18,843 - INFO - LONG pct trail move: stop 24565.1213 -> 24566.3189 at 2025-09-01 14:10:00
2025-11-07 21:53:18,874 - INFO - LONG pct trail move: stop 24566.3189 -> 24566.6183 at 2025-09-01 14:11:00
2025-11-07 21:53:18,903 - INFO - LONG pct trail move: stop 24566.6183 -> 24567.2171 at 2025-09-01 14:12:00
2025-11-07 21:53:18,929 - INFO - LONG pct trail move: stop 24567.2171 -> 24567.3668 at 2025-09-01 14:13:00
2025-11-07 21:53:18,954 - INFO - LONG pct trail move: stop 24567.3668 -> 24571.0095 at 2025-09-01 14:14:00
2025-11-07 21:53:20,118 - INFO - LONG pct trail move: stop 24571.0095 -> 24571.259 at 2025-09-01 14:41:00
2025-11-07 21:53:20,143 - INFO - LONG pct trail move: stop 24571.259 -> 24573.754 at 2025-09-01 14:42:00
2025-11-07 21:53:20,760 - INFO - LONG pct trail move: stop 24573.754 -> 24574.203100000002 at 2025-09-01 14:56:00
2025-11-07 21:53:21,782 - INFO - LONG pct trail move: stop 24574.203100000002 -> 24581.239 at 2025-09-01 14:57:00
2025-11-07 21:53:21,808 - INFO - LONG pct trail move: stop 24581.239 -> 24584.1332 at 2025-09-01 14:58:00
2025-11-07 21:53:21,830 - INFO - LONG pct trail move: stop 24584.1332 -> 24584.4825 at 2025-09-01 14:59:00
2025-11-07 21:53:21,944 - INFO - LONG pct trail move: stop 24584.4825 -> 24585.630200000003 at 2025-09-01 15:00:00
2025-11-07 21:53:22,043 - INFO - Closed LONG position: P&L=2497.50
2025-11-07 21:53:22,047 - ERROR - Failed to enforce session constraints
Traceback (most recent call last):
  File "d:\NSLearn\copy_trader\client\ns_engine\main_new_plot.py", line 777, in close_trade_on_endtime
    self.update_trade_data(candle_dt, price, trade_data)
    ~~~~~~~~~~~~~~~~~~~~~~^^^^^^^^^^^^^^^^^^^^^^^^^^^^^^
  File "d:\NSLearn\copy_trader\client\ns_engine\main_new_plot.py", line 654, in update_trade_data
    self.journal.save_trade(trade_data, {'symbol': self.cfg.symbol, 'instrument_type': self.cfg.instrument_type})
    ~~~~~~~~~~~~~~~~~~~~~~~^^^^^^^^^^^^^^^^^^^^^^^^^^^^^^^^^^^^^^^^^^^^^^^^^^^^^^^^^^^^^^^^^^^^^^^^^^^^^^^^^^^^^^
  File "d:\NSLearn\copy_trader\client\ns_engine\main_new_plot.py", line 202, in save_trade
    df.to_csv(self.trades_csv, index=False)
    ~~~~~~~~~^^^^^^^^^^^^^^^^^^^^^^^^^^^^^^
  File "C:\Users\narasimharao.allaka\AppData\Roaming\Python\Python313\site-packages\pandas\util\_decorators.py", line 333, in wrapper
    return func(*args, **kwargs)
  File "C:\Users\narasimharao.allaka\AppData\Roaming\Python\Python313\site-packages\pandas\core\generic.py", line 3986, in to_csv
    return DataFrameRenderer(formatter).to_csv(
           ~~~~~~~~~~~~~~~~~~~~~~~~~~~~~~~~~~~^
        path_or_buf,
        ^^^^^^^^^^^^
    ...<14 lines>...
        storage_options=storage_options,
        ^^^^^^^^^^^^^^^^^^^^^^^^^^^^^^^^
    )
    ^
  File "C:\Users\narasimharao.allaka\AppData\Roaming\Python\Python313\site-packages\pandas\io\formats\format.py", line 1014, in to_csv
    csv_formatter.save()
    ~~~~~~~~~~~~~~~~~~^^
  File "C:\Users\narasimharao.allaka\AppData\Roaming\Python\Python313\site-packages\pandas\io\formats\csvs.py", line 251, in save
    with get_handle(
         ~~~~~~~~~~^
        self.filepath_or_buffer,
        ^^^^^^^^^^^^^^^^^^^^^^^^
    ...<4 lines>...
        storage_options=self.storage_options,
        ^^^^^^^^^^^^^^^^^^^^^^^^^^^^^^^^^^^^^
    ) as handles:
    ^
  File "C:\Users\narasimharao.allaka\AppData\Roaming\Python\Python313\site-packages\pandas\io\common.py", line 749, in get_handle
    check_parent_directory(str(handle))
    ~~~~~~~~~~~~~~~~~~~~~~^^^^^^^^^^^^^
  File "C:\Users\narasimharao.allaka\AppData\Roaming\Python\Python313\site-packages\pandas\io\common.py", line 616, in check_parent_directory
    raise OSError(rf"Cannot save file into a non-existent directory: '{parent}'")
OSError: Cannot save file into a non-existent directory: 'd:\NSLearn\copy_trader\client\csv\output'
2025-11-07 21:53:23,187 - INFO - New trading day detected: 2025-09-02. Resetting ORB state.
2025-11-07 21:53:23,194 - INFO - New trading day detected: 2025-09-01. Resetting ORB state.
2025-11-07 21:54:02,355 - INFO - ORB: mapped legacy pl_percent=0.5 to target_pct (explicit target_pct not provided)
2025-11-07 21:54:02,380 - INFO - Starting backtest (close-only execution) for NIFTY
2025-11-07 21:54:04,641 - INFO - Loaded 112651 data points for NIFTY
2025-11-07 21:54:22,519 - INFO - ORB range finalized at 2025-09-01 09:29:00: HIGH=24532.75 LOW=24432.7
2025-11-07 21:54:22,556 - INFO - Bull pivot (touch) at 2025-09-01 09:33:00: close 24535.3 > range_high 24532.75 and low 24528.5 <= range_high
2025-11-07 21:54:22,564 - INFO - LONG entry signal at 2025-09-01 09:34:00 crossing pivot_high=24532.75 SL=24508.21725 (entry_price=24532.75, pct_stop=0.1)
2025-11-07 21:54:22,565 - INFO - Signal #1: buy at 2025-09-01 09:30:00 close=24540.9 (pending=yes)
2025-11-07 21:54:22,566 - INFO - Processing signal 'buy' at 2025-09-01 09:30:00 price=24540.9 option_data_present=True
2025-11-07 21:54:22,567 - INFO - Opened LONG position at 24540.9 on 2025-09-01 09:30:00
2025-11-07 21:54:22,567 - INFO - process_signal returned: None
2025-11-07 21:54:22,750 - INFO - LONG pct trail move: stop 24508.21725 -> 24511.2293 at 2025-09-01 09:54:00
2025-11-07 21:54:22,770 - INFO - LONG pct trail move: stop 24511.2293 -> 24511.6285 at 2025-09-01 09:55:00
2025-11-07 21:54:23,009 - INFO - LONG stop EXIT (early check) at 2025-09-01 10:21:00 stop=24511.6285
2025-11-07 21:54:23,015 - INFO - Range retouched at 2025-09-01 10:22:00; re-arming breakout logic.
2025-11-07 21:54:23,029 - INFO - Signal #2: sell at 2025-09-01 10:20:00 close=24512.15 (pending=yes)
2025-11-07 21:54:23,030 - INFO - Processing signal 'sell' at 2025-09-01 10:20:00 price=24512.15 option_data_present=True
2025-11-07 21:54:23,030 - INFO - PL% threshold reached (-24.73%), auto-closing long position
2025-11-07 21:54:23,030 - INFO - Closed LONG position: P&L=-1391.25
2025-11-07 21:54:23,030 - INFO - process_signal returned: {'trade_id': 0, 'entry_datetime': Timestamp('2025-09-01 09:30:00'), 'exit_datetime': Timestamp('2025-09-01 10:20:00'), 'entry_price': 24532.75, 'exit_price': 24512.15, 'entry_option_price': np.float64(75.0), 'exit_option_price': np.float64(56.45), 'position_type': 'long', 'action': 'closed', 'position_state': 'closed', 'profit_loss': np.float64(-1391.2499999999998), 'lot_size': 75, 'range_high': 24532.75, 'range_low': 24432.7, 'open_range_completed': True, 'pivot_time': Timestamp('2025-09-01 09:29:00'), 'pivot_high': 24532.75, 'pivot_low': 24432.7, 'pivot_direction': None, 'entry_taken': True, 'daily_trade_taken': True, 'trades_taken_today': 1, 'max_trades_per_day': 3, 'in_position': False, 'stop_loss': 24511.6285, 'stop_loss_pct': 0.1, 'trailing_stop_pct': 0.2, 'trailing_anchor': 24560.75, 'target_pct': 0.5, 'target_price': 24655.413749999996, 'target_locked': False, 'in_entry_window': False, 'require_range_retouch': False, 'require_boundary_touch': True, 'option_symbol': 'NIFTY2590224550CE', 'option_type': 'OTM', 'strike_price': np.float64(24550.0), 'option_price': np.float64(56.45), 'instrument_token': np.int64(12526850)}
2025-11-07 21:54:23,032 - INFO - Saved trade: 0, P&L=-1391.25
2025-11-07 21:54:23,243 - INFO - Bull pivot (touch) at 2025-09-01 10:45:00: close 24537.25 > range_high 24532.75 and low 24527.3 <= range_high
2025-11-07 21:54:23,249 - INFO - LONG entry signal at 2025-09-01 10:46:00 crossing pivot_high=24532.75 SL=24508.21725 (entry_price=24532.75, pct_stop=0.1)
2025-11-07 21:54:23,271 - INFO - Signal #3: buy at 2025-09-01 10:45:00 close=24538.75 (pending=yes)
2025-11-07 21:54:23,273 - INFO - Processing signal 'buy' at 2025-09-01 10:45:00 price=24538.75 option_data_present=True
2025-11-07 21:54:23,273 - INFO - Opened LONG position at 24538.75 on 2025-09-01 10:45:00
2025-11-07 21:54:23,273 - INFO - process_signal returned: None
2025-11-07 21:54:24,246 - INFO - LONG pct trail move: stop 24508.21725 -> 24509.383 at 2025-09-01 12:25:00
2025-11-07 21:54:24,271 - INFO - LONG pct trail move: stop 24509.383 -> 24513.6744 at 2025-09-01 12:25:00
2025-11-07 21:54:24,284 - INFO - LONG pct trail move: stop 24513.6744 -> 24516.219299999997 at 2025-09-01 12:27:00
2025-11-07 21:54:24,291 - INFO - LONG pct trail move: stop 24516.219299999997 -> 24523.355 at 2025-09-01 12:28:00
2025-11-07 21:54:24,298 - INFO - LONG pct trail move: stop 24523.355 -> 24524.9019 at 2025-09-01 12:29:00
2025-11-07 21:54:24,325 - INFO - LONG pct trail move: stop 24524.9019 -> 24525.201299999997 at 2025-09-01 12:30:00
2025-11-07 21:54:24,771 - INFO - LONG pct trail move: stop 24525.201299999997 -> 24526.6484 at 2025-09-01 12:39:00
2025-11-07 21:54:25,043 - INFO - LONG pct trail move: stop 24526.6484 -> 24529.1434 at 2025-09-01 13:04:00
2025-11-07 21:54:25,071 - INFO - LONG pct trail move: stop 24529.1434 -> 24532.6364 at 2025-09-01 13:05:00
2025-11-07 21:54:25,083 - INFO - LONG pct trail move: stop 24532.6364 -> 24539.6723 at 2025-09-01 13:07:00
2025-11-07 21:54:25,089 - INFO - LONG pct trail move: stop 24539.6723 -> 24539.822 at 2025-09-01 13:08:00
2025-11-07 21:54:25,095 - INFO - LONG pct trail move: stop 24539.822 -> 24542.1174 at 2025-09-01 13:09:00
2025-11-07 21:54:25,127 - INFO - LONG pct trail move: stop 24542.1174 -> 24542.7661 at 2025-09-01 13:10:00
2025-11-07 21:54:25,183 - INFO - LONG pct trail move: stop 24542.7661 -> 24543.9637 at 2025-09-01 13:15:00
2025-11-07 21:54:25,190 - INFO - LONG pct trail move: stop 24543.9637 -> 24544.911799999998 at 2025-09-01 13:16:00
2025-11-07 21:54:25,242 - INFO - LONG pct trail move: stop 24544.911799999998 -> 24546.458700000003 at 2025-09-01 13:21:00
2025-11-07 21:54:25,344 - INFO - LONG pct trail move: stop 24546.458700000003 -> 24548.6044 at 2025-09-01 13:30:00
2025-11-07 21:54:25,350 - INFO - LONG pct trail move: stop 24548.6044 -> 24552.0475 at 2025-09-01 13:31:00
2025-11-07 21:54:25,356 - INFO - LONG pct trail move: stop 24552.0475 -> 24554.293 at 2025-09-01 13:32:00
2025-11-07 21:54:25,363 - INFO - LONG pct trail move: stop 24554.293 -> 24556.9876 at 2025-09-01 13:33:00
2025-11-07 21:54:25,582 - INFO - LONG pct trail move: stop 24556.9876 -> 24557.0375 at 2025-09-01 13:52:00
2025-11-07 21:54:25,709 - INFO - LONG pct trail move: stop 24557.0375 -> 24557.786 at 2025-09-01 14:04:00
2025-11-07 21:54:25,711 - INFO - LONG pct trail move: stop 24557.786 -> 24558.0854 at 2025-09-01 14:05:00
2025-11-07 21:54:25,742 - INFO - LONG pct trail move: stop 24558.0854 -> 24560.4806 at 2025-09-01 14:05:00
2025-11-07 21:54:25,768 - INFO - LONG pct trail move: stop 24560.4806 -> 24565.1213 at 2025-09-01 14:09:00
2025-11-07 21:54:25,802 - INFO - LONG pct trail move: stop 24565.1213 -> 24566.3189 at 2025-09-01 14:10:00
2025-11-07 21:54:25,808 - INFO - LONG pct trail move: stop 24566.3189 -> 24566.6183 at 2025-09-01 14:11:00
2025-11-07 21:54:25,815 - INFO - LONG pct trail move: stop 24566.6183 -> 24567.2171 at 2025-09-01 14:12:00
2025-11-07 21:54:25,821 - INFO - LONG pct trail move: stop 24567.2171 -> 24567.3668 at 2025-09-01 14:13:00
2025-11-07 21:54:25,827 - INFO - LONG pct trail move: stop 24567.3668 -> 24571.0095 at 2025-09-01 14:14:00
2025-11-07 21:54:26,151 - INFO - LONG pct trail move: stop 24571.0095 -> 24571.259 at 2025-09-01 14:41:00
2025-11-07 21:54:26,158 - INFO - LONG pct trail move: stop 24571.259 -> 24573.754 at 2025-09-01 14:42:00
2025-11-07 21:54:26,328 - INFO - LONG pct trail move: stop 24573.754 -> 24574.203100000002 at 2025-09-01 14:56:00
2025-11-07 21:54:26,710 - INFO - LONG pct trail move: stop 24574.203100000002 -> 24581.239 at 2025-09-01 14:57:00
2025-11-07 21:54:26,716 - INFO - LONG pct trail move: stop 24581.239 -> 24584.1332 at 2025-09-01 14:58:00
2025-11-07 21:54:26,723 - INFO - LONG pct trail move: stop 24584.1332 -> 24584.4825 at 2025-09-01 14:59:00
2025-11-07 21:54:26,756 - INFO - LONG pct trail move: stop 24584.4825 -> 24585.630200000003 at 2025-09-01 15:00:00
2025-11-07 21:54:26,787 - INFO - Closed LONG position: P&L=2497.50
2025-11-07 21:54:26,790 - INFO - Saved trade: 1, P&L=2497.5
2025-11-07 21:54:27,137 - INFO - New trading day detected: 2025-09-02. Resetting ORB state.
2025-11-07 21:54:27,143 - INFO - New trading day detected: 2025-09-01. Resetting ORB state.
2025-11-07 21:54:42,872 - INFO - New trading day detected: 2025-09-02. Resetting ORB state.
2025-11-07 21:54:46,122 - INFO - ORB range finalized at 2025-09-02 09:29:00: HIGH=24685.3 LOW=24632.2
2025-11-07 21:54:46,274 - INFO - Bull pivot (touch) at 2025-09-02 09:37:00: close 24688.35 > range_high 24685.3 and low 24681.35 <= range_high
2025-11-07 21:54:46,281 - INFO - LONG entry signal at 2025-09-02 09:38:00 crossing pivot_high=24685.3 SL=24660.6147 (entry_price=24685.3, pct_stop=0.1)
2025-11-07 21:54:46,290 - INFO - Signal #4: buy at 2025-09-02 09:35:00 close=24687.55 (pending=yes)
2025-11-07 21:54:46,291 - INFO - Processing signal 'buy' at 2025-09-02 09:35:00 price=24687.55 option_data_present=True
2025-11-07 21:54:46,291 - INFO - Opened LONG position at 24687.55 on 2025-09-02 09:35:00
2025-11-07 21:54:46,291 - INFO - process_signal returned: None
2025-11-07 21:54:46,479 - INFO - LONG pct trail move: stop 24660.6147 -> 24669.6119 at 2025-09-02 09:52:00
2025-11-07 21:54:46,632 - INFO - LONG pct trail move: stop 24669.6119 -> 24678.544 at 2025-09-02 09:57:00
2025-11-07 21:54:46,638 - INFO - LONG pct trail move: stop 24678.544 -> 24679.142799999998 at 2025-09-02 09:58:00
2025-11-07 21:54:46,684 - INFO - LONG pct trail move: stop 24679.142799999998 -> 24679.691700000003 at 2025-09-02 10:00:00
2025-11-07 21:54:46,691 - INFO - LONG pct trail move: stop 24679.691700000003 -> 24684.2326 at 2025-09-02 10:01:00
2025-11-07 21:54:46,697 - INFO - LONG pct trail move: stop 24684.2326 -> 24690.3703 at 2025-09-02 10:02:00
2025-11-07 21:54:46,704 - INFO - LONG pct trail move: stop 24690.3703 -> 24692.2166 at 2025-09-02 10:03:00
2025-11-07 21:54:46,713 - INFO - LONG pct trail move: stop 24692.2166 -> 24696.5579 at 2025-09-02 10:04:00
2025-11-07 21:54:46,716 - INFO - LONG pct trail move: stop 24696.5579 -> 24696.7575 at 2025-09-02 10:05:00
2025-11-07 21:54:46,765 - INFO - LONG pct trail move: stop 24696.7575 -> 24697.655700000003 at 2025-09-02 10:05:00
2025-11-07 21:54:47,569 - INFO - LONG pct trail move: stop 24697.655700000003 -> 24698.953100000002 at 2025-09-02 11:10:00
2025-11-07 21:54:47,576 - INFO - LONG pct trail move: stop 24698.953100000002 -> 24699.5519 at 2025-09-02 11:11:00
2025-11-07 21:54:48,715 - INFO - LONG pct trail move: stop 24699.5519 -> 24699.8513 at 2025-09-02 12:34:00
2025-11-07 21:54:48,784 - INFO - LONG pct trail move: stop 24699.8513 -> 24701.5978 at 2025-09-02 12:38:00
2025-11-07 21:54:48,790 - INFO - LONG pct trail move: stop 24701.5978 -> 24705.1407 at 2025-09-02 12:39:00
2025-11-07 21:54:49,381 - INFO - LONG stop EXIT (early check) at 2025-09-02 13:18:00 stop=24705.1407
2025-11-07 21:54:49,389 - INFO - Signal #5: sell at 2025-09-02 13:15:00 close=24707.3 (pending=yes)
2025-11-07 21:54:49,390 - INFO - Processing signal 'sell' at 2025-09-02 13:15:00 price=24707.3 option_data_present=True
2025-11-07 21:54:49,390 - INFO - Closed LONG position: P&L=0.00
2025-11-07 21:54:49,390 - INFO - Opened SHORT position at 24707.3 on 2025-09-02 13:15:00
2025-11-07 21:54:49,390 - INFO - process_signal returned: {'trade_id': 2, 'entry_datetime': Timestamp('2025-09-02 09:35:00'), 'exit_datetime': Timestamp('2025-09-02 13:15:00'), 'entry_price': 24685.3, 'exit_price': 24707.3, 'entry_option_price': np.float64(34.3), 'exit_option_price': np.float64(34.3), 'position_type': 'long', 'action': 'closed', 'position_state': 'closed', 'profit_loss': np.float64(0.0), 'lot_size': 75, 'range_high': 24685.3, 'range_low': 24632.2, 'open_range_completed': True, 'pivot_time': Timestamp('2025-09-02 09:37:00'), 'pivot_high': 24685.3, 'pivot_low': 24632.2, 'pivot_direction': 'bull', 'entry_taken': True, 'daily_trade_taken': True, 'trades_taken_today': 1, 'max_trades_per_day': 3, 'in_position': False, 'stop_loss': 24705.1407, 'stop_loss_pct': 0.1, 'trailing_stop_pct': 0.2, 'trailing_anchor': 24754.65, 'target_pct': 0.5, 'target_price': 24808.726499999997, 'target_locked': False, 'in_entry_window': False, 'require_range_retouch': True, 'require_boundary_touch': True, 'option_symbol': 'NIFTY2590224700CE', 'option_type': 'ATM', 'strike_price': np.float64(24700.0), 'option_price': np.float64(34.3), 'instrument_token': np.int64(12528386)}
2025-11-07 21:54:49,393 - INFO - Saved trade: 2, P&L=0
2025-11-07 21:54:49,535 - INFO - Range retouched at 2025-09-02 13:29:00; re-arming breakout logic.
2025-11-07 21:54:49,584 - INFO - Bull pivot (touch) at 2025-09-02 13:30:00: close 24690.6 > range_high 24685.3 and low 24681.75 <= range_high
2025-11-07 21:54:49,590 - INFO - LONG entry signal at 2025-09-02 13:31:00 crossing pivot_high=24685.3 SL=24660.6147 (entry_price=24685.3, pct_stop=0.1)
2025-11-07 21:54:49,611 - INFO - Signal #6: buy at 2025-09-02 13:30:00 close=24697.0 (pending=yes)
2025-11-07 21:54:49,612 - INFO - Processing signal 'buy' at 2025-09-02 13:30:00 price=24697.0 option_data_present=True
2025-11-07 21:54:49,612 - INFO - Opened LONG position at 24697.0 on 2025-09-02 13:30:00
2025-11-07 21:54:49,612 - INFO - process_signal returned: None
2025-11-07 21:54:49,748 - INFO - LONG stop EXIT (early check) at 2025-09-02 13:42:00 stop=24660.6147
2025-11-07 21:54:49,754 - INFO - Range retouched at 2025-09-02 13:43:00; re-arming breakout logic.
2025-11-07 21:54:49,762 - INFO - Signal #7: sell at 2025-09-02 13:40:00 close=24655.05 (pending=yes)
2025-11-07 21:54:49,763 - INFO - Processing signal 'sell' at 2025-09-02 13:40:00 price=24655.05 option_data_present=True
2025-11-07 21:54:49,763 - INFO - PL% threshold reached (-23.32%), auto-closing long position
2025-11-07 21:54:49,763 - INFO - Closed LONG position: P&L=-600.00
2025-11-07 21:54:49,763 - INFO - process_signal returned: {'trade_id': 3, 'entry_datetime': Timestamp('2025-09-02 13:30:00'), 'exit_datetime': Timestamp('2025-09-02 13:40:00'), 'entry_price': 24685.3, 'exit_price': 24655.05, 'entry_option_price': np.float64(34.3), 'exit_option_price': np.float64(26.3), 'position_type': 'long', 'action': 'closed', 'position_state': 'closed', 'profit_loss': np.float64(-599.9999999999998), 'lot_size': 75, 'range_high': 24685.3, 'range_low': 24632.2, 'open_range_completed': True, 'pivot_time': Timestamp('2025-09-02 09:29:00'), 'pivot_high': 24685.3, 'pivot_low': 24632.2, 'pivot_direction': None, 'entry_taken': True, 'daily_trade_taken': True, 'trades_taken_today': 2, 'max_trades_per_day': 3, 'in_position': False, 'stop_loss': 24660.6147, 'stop_loss_pct': 0.1, 'trailing_stop_pct': 0.2, 'trailing_anchor': 24705.55, 'target_pct': 0.5, 'target_price': 24808.726499999997, 'target_locked': False, 'in_entry_window': False, 'require_range_retouch': False, 'require_boundary_touch': True, 'option_symbol': 'NIFTY2590224700CE', 'option_type': 'ATM', 'strike_price': np.float64(24700.0), 'option_price': np.float64(26.3), 'instrument_token': np.int64(12528386)}
2025-11-07 21:54:49,767 - INFO - Saved trade: 3, P&L=-600.0
2025-11-07 21:54:49,984 - INFO - Bear pivot (touch) at 2025-09-02 13:54:00: close 24627.7 < range_low 24632.2 and high 24644.15 >= range_low
2025-11-07 21:54:49,986 - INFO - SHORT entry signal at 2025-09-02 13:55:00 crossing pivot_low=24632.2 SL=24656.832199999997 (entry_price=24632.2, pct_stop=0.1)
2025-11-07 21:54:49,986 - INFO - Signal #8: sell at 2025-09-02 13:50:00 close=24627.7 (pending=no)
2025-11-07 21:54:49,990 - INFO - Processing signal 'sell' at 2025-09-02 13:50:00 price=24627.7 option_data_present=True
2025-11-07 21:54:49,990 - INFO - Opened SHORT position at 24627.7 on 2025-09-02 13:50:00
2025-11-07 21:54:49,990 - INFO - process_signal returned: None
2025-11-07 21:54:50,042 - INFO - SHORT pct trail move: stop 24656.832199999997 -> 24650.1519 at 2025-09-02 13:55:00
2025-11-07 21:54:50,049 - INFO - SHORT pct trail move: stop 24650.1519 -> 24642.837300000003 at 2025-09-02 13:56:00
2025-11-07 21:54:50,067 - INFO - SHORT pct trail move: stop 24642.837300000003 -> 24632.717099999998 at 2025-09-02 13:59:00
2025-11-07 21:54:50,123 - INFO - SHORT pct trail move: stop 24632.717099999998 -> 24629.059800000003 at 2025-09-02 14:00:00
2025-11-07 21:54:50,136 - INFO - SHORT pct trail move: stop 24629.059800000003 -> 24626.4045 at 2025-09-02 14:02:00
2025-11-07 21:54:50,951 - INFO - SHORT pct trail move: stop 24626.4045 -> 24608.619 at 2025-09-02 14:03:00
2025-11-07 21:54:50,957 - INFO - SHORT pct trail move: stop 24608.619 -> 24604.5108 at 2025-09-02 14:04:00
2025-11-07 21:54:51,019 - INFO - SHORT pct trail move: stop 24604.5108 -> 24594.591 at 2025-09-02 14:06:00
2025-11-07 21:54:51,026 - INFO - SHORT pct trail move: stop 24594.591 -> 24586.725300000002 at 2025-09-02 14:07:00
2025-11-07 21:54:51,091 - INFO - SHORT stop EXIT (early check) at 2025-09-02 14:10:00 stop=24586.725300000002
2025-11-07 21:54:51,118 - INFO - Signal #9: buy at 2025-09-02 14:10:00 close=24561.3 (pending=yes)
2025-11-07 21:54:51,119 - INFO - Processing signal 'buy' at 2025-09-02 14:10:00 price=24561.3 option_data_present=True
2025-11-07 21:54:51,119 - INFO - PL% threshold reached (-100.00%), auto-closing short position
2025-11-07 21:54:51,119 - INFO - Closed SHORT position: P&L=3142.50
2025-11-07 21:54:51,119 - INFO - process_signal returned: {'trade_id': 4, 'entry_datetime': Timestamp('2025-09-02 13:50:00'), 'exit_datetime': Timestamp('2025-09-02 14:10:00'), 'entry_price': 24632.2, 'exit_price': 24561.3, 'entry_option_price': np.float64(41.9), 'exit_option_price': np.float64(83.8), 'position_type': 'short', 'action': 'closed', 'position_state': 'closed', 'profit_loss': np.float64(3142.5), 'lot_size': 75, 'range_high': 24685.3, 'range_low': 24632.2, 'open_range_completed': True, 'pivot_time': Timestamp('2025-09-02 13:54:00'), 'pivot_high': 24685.3, 'pivot_low': 24632.2, 'pivot_direction': 'bear', 'entry_taken': True, 'daily_trade_taken': True, 'trades_taken_today': 3, 'max_trades_per_day': 3, 'in_position': False, 'stop_loss': 24586.725300000002, 'stop_loss_pct': 0.1, 'trailing_stop_pct': 0.2, 'trailing_anchor': 24537.65, 'target_pct': 0.5, 'target_price': 24509.039, 'target_locked': False, 'in_entry_window': False, 'require_range_retouch': True, 'require_boundary_touch': True, 'option_symbol': 'NIFTY2590224650PE', 'option_type': 'ITM', 'strike_price': np.float64(24650.0), 'option_price': np.float64(83.8), 'instrument_token': np.int64(12528130)}
2025-11-07 21:54:51,123 - INFO - Saved trade: 4, P&L=3142.5
2025-11-07 21:54:52,442 - INFO - New trading day detected: 2025-09-03. Resetting ORB state.
2025-11-07 21:54:52,444 - INFO - New trading day detected: 2025-09-02. Resetting ORB state.
2025-11-08 12:12:30,290 - INFO - ORB: mapped legacy pl_percent=0.5 to target_pct (explicit target_pct not provided)
2025-11-08 12:12:30,325 - INFO - Starting backtest (close-only execution) for NIFTY
2025-11-08 12:12:32,783 - INFO - Loaded 112651 data points for NIFTY
2025-11-08 12:13:12,084 - INFO - ORB range finalized at 2025-09-01 09:29:00: HIGH=24532.75 LOW=24432.7
2025-11-08 12:13:12,267 - INFO - Bull pivot (touch) at 2025-09-01 09:33:00: close 24535.3 > range_high 24532.75 and low 24528.5 <= range_high
2025-11-08 12:13:12,292 - INFO - LONG entry signal at 2025-09-01 09:34:00 crossing pivot_high=24532.75 SL=24508.21725 (entry_price=24532.75, pct_stop=0.1)
2025-11-08 12:13:12,297 - INFO - Signal #1: buy at 2025-09-01 09:30:00 close=24540.9 (pending=yes)
2025-11-08 12:13:12,300 - INFO - Processing signal 'buy' at 2025-09-01 09:30:00 price=24540.9 option_data_present=True
2025-11-08 12:13:12,301 - INFO - Opened LONG position at 24540.9 on 2025-09-01 09:30:00
2025-11-08 12:13:12,301 - INFO - process_signal returned: None
2025-11-08 12:13:12,950 - INFO - LONG pct trail move: stop 24508.21725 -> 24511.2293 at 2025-09-01 09:54:00
2025-11-08 12:13:13,038 - INFO - LONG pct trail move: stop 24511.2293 -> 24511.6285 at 2025-09-01 09:55:00
2025-11-08 12:13:14,003 - INFO - LONG stop EXIT (early check) at 2025-09-01 10:21:00 stop=24511.6285
2025-11-08 12:13:14,029 - INFO - Range retouched at 2025-09-01 10:22:00; re-arming breakout logic.
2025-11-08 12:13:14,077 - INFO - Signal #2: sell at 2025-09-01 10:20:00 close=24512.15 (pending=yes)
2025-11-08 12:13:14,079 - INFO - Processing signal 'sell' at 2025-09-01 10:20:00 price=24512.15 option_data_present=True
2025-11-08 12:13:14,079 - INFO - PL% threshold reached (-24.73%), auto-closing long position
2025-11-08 12:13:14,080 - INFO - Closed LONG position: P&L=-1391.25
2025-11-08 12:13:14,088 - INFO - process_signal returned: {'trade_id': 0, 'entry_datetime': Timestamp('2025-09-01 09:30:00'), 'exit_datetime': Timestamp('2025-09-01 10:20:00'), 'entry_price': 24532.75, 'exit_price': 24512.15, 'entry_option_price': np.float64(75.0), 'exit_option_price': np.float64(56.45), 'position_type': 'long', 'action': 'closed', 'position_state': 'closed', 'profit_loss': np.float64(-1391.2499999999998), 'lot_size': 75, 'range_high': 24532.75, 'range_low': 24432.7, 'open_range_completed': True, 'pivot_time': Timestamp('2025-09-01 09:29:00'), 'pivot_high': 24532.75, 'pivot_low': 24432.7, 'pivot_direction': None, 'entry_taken': True, 'daily_trade_taken': True, 'trades_taken_today': 1, 'max_trades_per_day': 3, 'in_position': False, 'stop_loss': 24511.6285, 'stop_loss_pct': 0.1, 'trailing_stop_pct': 0.2, 'trailing_anchor': 24560.75, 'target_pct': 0.5, 'target_price': 24655.413749999996, 'target_locked': False, 'in_entry_window': False, 'require_range_retouch': False, 'require_boundary_touch': True, 'option_symbol': 'NIFTY2590224550CE', 'option_type': 'OTM', 'strike_price': np.float64(24550.0), 'option_price': np.float64(56.45), 'instrument_token': np.int64(12526850)}
2025-11-08 12:13:14,101 - INFO - Saved trade: 0, P&L=-1391.25
2025-11-08 12:13:15,044 - INFO - Bull pivot (touch) at 2025-09-01 10:45:00: close 24537.25 > range_high 24532.75 and low 24527.3 <= range_high
2025-11-08 12:13:15,072 - INFO - LONG entry signal at 2025-09-01 10:46:00 crossing pivot_high=24532.75 SL=24508.21725 (entry_price=24532.75, pct_stop=0.1)
2025-11-08 12:13:15,148 - INFO - Signal #3: buy at 2025-09-01 10:45:00 close=24538.75 (pending=yes)
2025-11-08 12:13:15,151 - INFO - Processing signal 'buy' at 2025-09-01 10:45:00 price=24538.75 option_data_present=True
2025-11-08 12:13:15,151 - INFO - Opened LONG position at 24538.75 on 2025-09-01 10:45:00
2025-11-08 12:13:15,151 - INFO - process_signal returned: None
2025-11-08 12:13:19,109 - INFO - LONG pct trail move: stop 24508.21725 -> 24509.383 at 2025-09-01 12:25:00
2025-11-08 12:13:19,207 - INFO - LONG pct trail move: stop 24509.383 -> 24513.6744 at 2025-09-01 12:25:00
2025-11-08 12:13:19,261 - INFO - LONG pct trail move: stop 24513.6744 -> 24516.219299999997 at 2025-09-01 12:27:00
2025-11-08 12:13:19,284 - INFO - LONG pct trail move: stop 24516.219299999997 -> 24523.355 at 2025-09-01 12:28:00
2025-11-08 12:13:19,308 - INFO - LONG pct trail move: stop 24523.355 -> 24524.9019 at 2025-09-01 12:29:00
2025-11-08 12:13:19,460 - INFO - LONG pct trail move: stop 24524.9019 -> 24525.201299999997 at 2025-09-01 12:30:00
2025-11-08 12:13:20,841 - INFO - LONG pct trail move: stop 24525.201299999997 -> 24526.6484 at 2025-09-01 12:39:00
2025-11-08 12:13:21,853 - INFO - LONG pct trail move: stop 24526.6484 -> 24529.1434 at 2025-09-01 13:04:00
2025-11-08 12:13:21,985 - INFO - LONG pct trail move: stop 24529.1434 -> 24532.6364 at 2025-09-01 13:05:00
2025-11-08 12:13:22,036 - INFO - LONG pct trail move: stop 24532.6364 -> 24539.6723 at 2025-09-01 13:07:00
2025-11-08 12:13:22,060 - INFO - LONG pct trail move: stop 24539.6723 -> 24539.822 at 2025-09-01 13:08:00
2025-11-08 12:13:22,087 - INFO - LONG pct trail move: stop 24539.822 -> 24542.1174 at 2025-09-01 13:09:00
2025-11-08 12:13:22,254 - INFO - LONG pct trail move: stop 24542.1174 -> 24542.7661 at 2025-09-01 13:10:00
2025-11-08 12:13:22,455 - INFO - LONG pct trail move: stop 24542.7661 -> 24543.9637 at 2025-09-01 13:15:00
2025-11-08 12:13:22,481 - INFO - LONG pct trail move: stop 24543.9637 -> 24544.911799999998 at 2025-09-01 13:16:00
2025-11-08 12:13:22,693 - INFO - LONG pct trail move: stop 24544.911799999998 -> 24546.458700000003 at 2025-09-01 13:21:00
2025-11-08 12:13:23,107 - INFO - LONG pct trail move: stop 24546.458700000003 -> 24548.6044 at 2025-09-01 13:30:00
2025-11-08 12:13:23,131 - INFO - LONG pct trail move: stop 24548.6044 -> 24552.0475 at 2025-09-01 13:31:00
2025-11-08 12:13:23,156 - INFO - LONG pct trail move: stop 24552.0475 -> 24554.293 at 2025-09-01 13:32:00
2025-11-08 12:13:23,177 - INFO - LONG pct trail move: stop 24554.293 -> 24556.9876 at 2025-09-01 13:33:00
2025-11-08 12:13:24,011 - INFO - LONG pct trail move: stop 24556.9876 -> 24557.0375 at 2025-09-01 13:52:00
2025-11-08 12:13:24,456 - INFO - LONG pct trail move: stop 24557.0375 -> 24557.786 at 2025-09-01 14:04:00
2025-11-08 12:13:24,461 - INFO - LONG pct trail move: stop 24557.786 -> 24558.0854 at 2025-09-01 14:05:00
2025-11-08 12:13:24,571 - INFO - LONG pct trail move: stop 24558.0854 -> 24560.4806 at 2025-09-01 14:05:00
2025-11-08 12:13:24,674 - INFO - LONG pct trail move: stop 24560.4806 -> 24565.1213 at 2025-09-01 14:09:00
2025-11-08 12:13:24,829 - INFO - LONG pct trail move: stop 24565.1213 -> 24566.3189 at 2025-09-01 14:10:00
2025-11-08 12:13:24,857 - INFO - LONG pct trail move: stop 24566.3189 -> 24566.6183 at 2025-09-01 14:11:00
2025-11-08 12:13:24,883 - INFO - LONG pct trail move: stop 24566.6183 -> 24567.2171 at 2025-09-01 14:12:00
2025-11-08 12:13:24,909 - INFO - LONG pct trail move: stop 24567.2171 -> 24567.3668 at 2025-09-01 14:13:00
2025-11-08 12:13:24,934 - INFO - LONG pct trail move: stop 24567.3668 -> 24571.0095 at 2025-09-01 14:14:00
2025-11-08 12:13:26,196 - INFO - LONG pct trail move: stop 24571.0095 -> 24571.259 at 2025-09-01 14:41:00
2025-11-08 12:13:26,235 - INFO - LONG pct trail move: stop 24571.259 -> 24573.754 at 2025-09-01 14:42:00
2025-11-08 12:13:26,962 - INFO - LONG pct trail move: stop 24573.754 -> 24574.203100000002 at 2025-09-01 14:56:00
2025-11-08 12:13:27,897 - INFO - LONG pct trail move: stop 24574.203100000002 -> 24581.239 at 2025-09-01 14:57:00
2025-11-08 12:13:27,919 - INFO - LONG pct trail move: stop 24581.239 -> 24584.1332 at 2025-09-01 14:58:00
2025-11-08 12:13:27,941 - INFO - LONG pct trail move: stop 24584.1332 -> 24584.4825 at 2025-09-01 14:59:00
2025-11-08 12:13:28,057 - INFO - LONG pct trail move: stop 24584.4825 -> 24585.630200000003 at 2025-09-01 15:00:00
2025-11-08 12:13:28,158 - INFO - Closed LONG position: P&L=2497.50
2025-11-08 12:13:28,168 - INFO - Saved trade: 1, P&L=2497.5
2025-11-08 12:13:29,618 - INFO - New trading day detected: 2025-09-02. Resetting ORB state.
2025-11-08 12:13:29,623 - INFO - New trading day detected: 2025-09-01. Resetting ORB state.
2025-11-08 12:14:07,568 - INFO - New trading day detected: 2025-09-02. Resetting ORB state.
2025-11-08 12:14:15,831 - INFO - ORB range finalized at 2025-09-02 09:29:00: HIGH=24685.3 LOW=24632.2
2025-11-08 12:14:16,334 - INFO - Bull pivot (touch) at 2025-09-02 09:37:00: close 24688.35 > range_high 24685.3 and low 24681.35 <= range_high
2025-11-08 12:14:16,357 - INFO - LONG entry signal at 2025-09-02 09:38:00 crossing pivot_high=24685.3 SL=24660.6147 (entry_price=24685.3, pct_stop=0.1)
2025-11-08 12:14:16,384 - INFO - Signal #4: buy at 2025-09-02 09:35:00 close=24687.55 (pending=yes)
2025-11-08 12:14:16,386 - INFO - Processing signal 'buy' at 2025-09-02 09:35:00 price=24687.55 option_data_present=True
2025-11-08 12:14:16,386 - INFO - Opened LONG position at 24687.55 on 2025-09-02 09:35:00
2025-11-08 12:14:16,386 - INFO - process_signal returned: None
2025-11-08 12:14:17,176 - INFO - LONG pct trail move: stop 24660.6147 -> 24669.6119 at 2025-09-02 09:52:00
2025-11-08 12:14:17,617 - INFO - LONG pct trail move: stop 24669.6119 -> 24678.544 at 2025-09-02 09:57:00
2025-11-08 12:14:17,644 - INFO - LONG pct trail move: stop 24678.544 -> 24679.142799999998 at 2025-09-02 09:58:00
2025-11-08 12:14:17,852 - INFO - LONG pct trail move: stop 24679.142799999998 -> 24679.691700000003 at 2025-09-02 10:00:00
2025-11-08 12:14:17,878 - INFO - LONG pct trail move: stop 24679.691700000003 -> 24684.2326 at 2025-09-02 10:01:00
2025-11-08 12:14:17,901 - INFO - LONG pct trail move: stop 24684.2326 -> 24690.3703 at 2025-09-02 10:02:00
2025-11-08 12:14:17,923 - INFO - LONG pct trail move: stop 24690.3703 -> 24692.2166 at 2025-09-02 10:03:00
2025-11-08 12:14:17,946 - INFO - LONG pct trail move: stop 24692.2166 -> 24696.5579 at 2025-09-02 10:04:00
2025-11-08 12:14:17,950 - INFO - LONG pct trail move: stop 24696.5579 -> 24696.7575 at 2025-09-02 10:05:00
2025-11-08 12:14:18,105 - INFO - LONG pct trail move: stop 24696.7575 -> 24697.655700000003 at 2025-09-02 10:05:00
2025-11-08 12:14:21,090 - INFO - LONG pct trail move: stop 24697.655700000003 -> 24698.953100000002 at 2025-09-02 11:10:00
2025-11-08 12:14:21,110 - INFO - LONG pct trail move: stop 24698.953100000002 -> 24699.5519 at 2025-09-02 11:11:00
2025-11-08 12:14:25,476 - INFO - LONG pct trail move: stop 24699.5519 -> 24699.8513 at 2025-09-02 12:34:00
2025-11-08 12:14:25,647 - INFO - LONG pct trail move: stop 24699.8513 -> 24701.5978 at 2025-09-02 12:38:00
2025-11-08 12:14:25,670 - INFO - LONG pct trail move: stop 24701.5978 -> 24705.1407 at 2025-09-02 12:39:00
2025-11-08 12:14:27,922 - INFO - LONG stop EXIT (early check) at 2025-09-02 13:18:00 stop=24705.1407
2025-11-08 12:14:27,952 - INFO - Signal #5: sell at 2025-09-02 13:15:00 close=24707.3 (pending=yes)
2025-11-08 12:14:27,954 - INFO - Processing signal 'sell' at 2025-09-02 13:15:00 price=24707.3 option_data_present=True
2025-11-08 12:14:27,955 - INFO - Closed LONG position: P&L=0.00
2025-11-08 12:14:27,955 - INFO - Opened SHORT position at 24707.3 on 2025-09-02 13:15:00
2025-11-08 12:14:27,955 - INFO - process_signal returned: {'trade_id': 2, 'entry_datetime': Timestamp('2025-09-02 09:35:00'), 'exit_datetime': Timestamp('2025-09-02 13:15:00'), 'entry_price': 24685.3, 'exit_price': 24707.3, 'entry_option_price': np.float64(34.3), 'exit_option_price': np.float64(34.3), 'position_type': 'long', 'action': 'closed', 'position_state': 'closed', 'profit_loss': np.float64(0.0), 'lot_size': 75, 'range_high': 24685.3, 'range_low': 24632.2, 'open_range_completed': True, 'pivot_time': Timestamp('2025-09-02 09:37:00'), 'pivot_high': 24685.3, 'pivot_low': 24632.2, 'pivot_direction': 'bull', 'entry_taken': True, 'daily_trade_taken': True, 'trades_taken_today': 1, 'max_trades_per_day': 3, 'in_position': False, 'stop_loss': 24705.1407, 'stop_loss_pct': 0.1, 'trailing_stop_pct': 0.2, 'trailing_anchor': 24754.65, 'target_pct': 0.5, 'target_price': 24808.726499999997, 'target_locked': False, 'in_entry_window': False, 'require_range_retouch': True, 'require_boundary_touch': True, 'option_symbol': 'NIFTY2590224700CE', 'option_type': 'ATM', 'strike_price': np.float64(24700.0), 'option_price': np.float64(34.3), 'instrument_token': np.int64(12528386)}
2025-11-08 12:14:27,965 - INFO - Saved trade: 2, P&L=0
2025-11-08 12:14:28,708 - INFO - Range retouched at 2025-09-02 13:29:00; re-arming breakout logic.
2025-11-08 12:14:28,894 - INFO - Bull pivot (touch) at 2025-09-02 13:30:00: close 24690.6 > range_high 24685.3 and low 24681.75 <= range_high
2025-11-08 12:14:28,925 - INFO - LONG entry signal at 2025-09-02 13:31:00 crossing pivot_high=24685.3 SL=24660.6147 (entry_price=24685.3, pct_stop=0.1)
2025-11-08 12:14:29,007 - INFO - Signal #6: buy at 2025-09-02 13:30:00 close=24697.0 (pending=yes)
2025-11-08 12:14:29,010 - INFO - Processing signal 'buy' at 2025-09-02 13:30:00 price=24697.0 option_data_present=True
2025-11-08 12:14:29,010 - INFO - Opened LONG position at 24697.0 on 2025-09-02 13:30:00
2025-11-08 12:14:29,010 - INFO - process_signal returned: None
2025-11-08 12:14:29,506 - INFO - LONG stop EXIT (early check) at 2025-09-02 13:42:00 stop=24660.6147
2025-11-08 12:14:29,531 - INFO - Range retouched at 2025-09-02 13:43:00; re-arming breakout logic.
2025-11-08 12:14:29,559 - INFO - Signal #7: sell at 2025-09-02 13:40:00 close=24655.05 (pending=yes)
2025-11-08 12:14:29,561 - INFO - Processing signal 'sell' at 2025-09-02 13:40:00 price=24655.05 option_data_present=True
2025-11-08 12:14:29,561 - INFO - PL% threshold reached (-23.32%), auto-closing long position
2025-11-08 12:14:29,561 - INFO - Closed LONG position: P&L=-600.00
2025-11-08 12:14:29,561 - INFO - process_signal returned: {'trade_id': 3, 'entry_datetime': Timestamp('2025-09-02 13:30:00'), 'exit_datetime': Timestamp('2025-09-02 13:40:00'), 'entry_price': 24685.3, 'exit_price': 24655.05, 'entry_option_price': np.float64(34.3), 'exit_option_price': np.float64(26.3), 'position_type': 'long', 'action': 'closed', 'position_state': 'closed', 'profit_loss': np.float64(-599.9999999999998), 'lot_size': 75, 'range_high': 24685.3, 'range_low': 24632.2, 'open_range_completed': True, 'pivot_time': Timestamp('2025-09-02 09:29:00'), 'pivot_high': 24685.3, 'pivot_low': 24632.2, 'pivot_direction': None, 'entry_taken': True, 'daily_trade_taken': True, 'trades_taken_today': 2, 'max_trades_per_day': 3, 'in_position': False, 'stop_loss': 24660.6147, 'stop_loss_pct': 0.1, 'trailing_stop_pct': 0.2, 'trailing_anchor': 24705.55, 'target_pct': 0.5, 'target_price': 24808.726499999997, 'target_locked': False, 'in_entry_window': False, 'require_range_retouch': False, 'require_boundary_touch': True, 'option_symbol': 'NIFTY2590224700CE', 'option_type': 'ATM', 'strike_price': np.float64(24700.0), 'option_price': np.float64(26.3), 'instrument_token': np.int64(12528386)}
2025-11-08 12:14:29,570 - INFO - Saved trade: 3, P&L=-600.0
2025-11-08 12:14:30,295 - INFO - Bear pivot (touch) at 2025-09-02 13:54:00: close 24627.7 < range_low 24632.2 and high 24644.15 >= range_low
2025-11-08 12:14:30,300 - INFO - SHORT entry signal at 2025-09-02 13:55:00 crossing pivot_low=24632.2 SL=24656.832199999997 (entry_price=24632.2, pct_stop=0.1)
2025-11-08 12:14:30,300 - INFO - Signal #8: sell at 2025-09-02 13:50:00 close=24627.7 (pending=no)
2025-11-08 12:14:30,313 - INFO - Processing signal 'sell' at 2025-09-02 13:50:00 price=24627.7 option_data_present=True
2025-11-08 12:14:30,314 - INFO - Opened SHORT position at 24627.7 on 2025-09-02 13:50:00
2025-11-08 12:14:30,314 - INFO - process_signal returned: None
2025-11-08 12:14:30,524 - INFO - SHORT pct trail move: stop 24656.832199999997 -> 24650.1519 at 2025-09-02 13:55:00
2025-11-08 12:14:30,549 - INFO - SHORT pct trail move: stop 24650.1519 -> 24642.837300000003 at 2025-09-02 13:56:00
2025-11-08 12:14:30,617 - INFO - SHORT pct trail move: stop 24642.837300000003 -> 24632.717099999998 at 2025-09-02 13:59:00
2025-11-08 12:14:30,853 - INFO - SHORT pct trail move: stop 24632.717099999998 -> 24629.059800000003 at 2025-09-02 14:00:00
2025-11-08 12:14:30,899 - INFO - SHORT pct trail move: stop 24629.059800000003 -> 24626.4045 at 2025-09-02 14:02:00
2025-11-08 12:14:32,839 - INFO - SHORT pct trail move: stop 24626.4045 -> 24608.619 at 2025-09-02 14:03:00
2025-11-08 12:14:32,861 - INFO - SHORT pct trail move: stop 24608.619 -> 24604.5108 at 2025-09-02 14:04:00
2025-11-08 12:14:33,060 - INFO - SHORT pct trail move: stop 24604.5108 -> 24594.591 at 2025-09-02 14:06:00
2025-11-08 12:14:33,084 - INFO - SHORT pct trail move: stop 24594.591 -> 24586.725300000002 at 2025-09-02 14:07:00
2025-11-08 12:14:33,324 - INFO - SHORT stop EXIT (early check) at 2025-09-02 14:10:00 stop=24586.725300000002
2025-11-08 12:14:33,424 - INFO - Signal #9: buy at 2025-09-02 14:10:00 close=24561.3 (pending=yes)
2025-11-08 12:14:33,426 - INFO - Processing signal 'buy' at 2025-09-02 14:10:00 price=24561.3 option_data_present=True
2025-11-08 12:14:33,426 - INFO - PL% threshold reached (-100.00%), auto-closing short position
2025-11-08 12:14:33,426 - INFO - Closed SHORT position: P&L=3142.50
2025-11-08 12:14:33,426 - INFO - process_signal returned: {'trade_id': 4, 'entry_datetime': Timestamp('2025-09-02 13:50:00'), 'exit_datetime': Timestamp('2025-09-02 14:10:00'), 'entry_price': 24632.2, 'exit_price': 24561.3, 'entry_option_price': np.float64(41.9), 'exit_option_price': np.float64(83.8), 'position_type': 'short', 'action': 'closed', 'position_state': 'closed', 'profit_loss': np.float64(3142.5), 'lot_size': 75, 'range_high': 24685.3, 'range_low': 24632.2, 'open_range_completed': True, 'pivot_time': Timestamp('2025-09-02 13:54:00'), 'pivot_high': 24685.3, 'pivot_low': 24632.2, 'pivot_direction': 'bear', 'entry_taken': True, 'daily_trade_taken': True, 'trades_taken_today': 3, 'max_trades_per_day': 3, 'in_position': False, 'stop_loss': 24586.725300000002, 'stop_loss_pct': 0.1, 'trailing_stop_pct': 0.2, 'trailing_anchor': 24537.65, 'target_pct': 0.5, 'target_price': 24509.039, 'target_locked': False, 'in_entry_window': False, 'require_range_retouch': True, 'require_boundary_touch': True, 'option_symbol': 'NIFTY2590224650PE', 'option_type': 'ITM', 'strike_price': np.float64(24650.0), 'option_price': np.float64(83.8), 'instrument_token': np.int64(12528130)}
2025-11-08 12:14:33,435 - INFO - Saved trade: 4, P&L=3142.5
2025-11-08 12:14:38,716 - INFO - New trading day detected: 2025-09-03. Resetting ORB state.
2025-11-08 12:14:38,720 - INFO - New trading day detected: 2025-09-02. Resetting ORB state.
2025-11-08 12:15:18,628 - INFO - New trading day detected: 2025-09-03. Resetting ORB state.
2025-11-08 12:15:26,381 - INFO - ORB range finalized at 2025-09-03 09:29:00: HIGH=24616.5 LOW=24533.3
2025-11-08 12:15:38,277 - INFO - Bull pivot (touch) at 2025-09-03 12:11:00: close 24621.05 > range_high 24616.5 and low 24610.5 <= range_high
2025-11-08 12:15:38,482 - INFO - LONG entry signal at 2025-09-03 12:12:00 crossing pivot_high=24616.5 SL=24591.8835 (entry_price=24616.5, pct_stop=0.1)
2025-11-08 12:15:38,530 - INFO - Signal #10: buy at 2025-09-03 12:10:00 close=24630.55 (pending=yes)
2025-11-08 12:15:38,532 - INFO - Processing signal 'buy' at 2025-09-03 12:10:00 price=24630.55 option_data_present=True
2025-11-08 12:15:38,532 - INFO - Opened LONG position at 24630.55 on 2025-09-03 12:10:00
2025-11-08 12:15:38,532 - INFO - process_signal returned: None
2025-11-08 12:15:39,182 - INFO - LONG pct trail move: stop 24591.8835 -> 24593.5144 at 2025-09-03 12:21:00
2025-11-08 12:15:39,205 - INFO - LONG pct trail move: stop 24593.5144 -> 24599.1032 at 2025-09-03 12:22:00
2025-11-08 12:15:40,561 - INFO - LONG pct trail move: stop 24599.1032 -> 24599.4026 at 2025-09-03 12:41:00
2025-11-08 12:15:41,675 - INFO - LONG stop EXIT (early check) at 2025-09-03 12:57:00 stop=24599.4026
2025-11-08 12:15:41,700 - INFO - Range retouched at 2025-09-03 12:58:00; re-arming breakout logic.
2025-11-08 12:15:41,733 - INFO - Signal #11: sell at 2025-09-03 12:55:00 close=24599.25 (pending=yes)
2025-11-08 12:15:41,735 - INFO - Processing signal 'sell' at 2025-09-03 12:55:00 price=24599.25 option_data_present=True
2025-11-08 12:15:41,736 - INFO - PL% threshold reached (-10.47%), auto-closing long position
2025-11-08 12:15:41,736 - INFO - Closed LONG position: P&L=-952.50
2025-11-08 12:15:41,736 - INFO - process_signal returned: {'trade_id': 5, 'entry_datetime': Timestamp('2025-09-03 12:10:00'), 'exit_datetime': Timestamp('2025-09-03 12:55:00'), 'entry_price': 24616.5, 'exit_price': 24599.25, 'entry_option_price': np.float64(121.25), 'exit_option_price': np.float64(108.55), 'position_type': 'long', 'action': 'closed', 'position_state': 'closed', 'profit_loss': np.float64(-952.5000000000002), 'lot_size': 75, 'range_high': 24616.5, 'range_low': 24533.3, 'open_range_completed': True, 'pivot_time': Timestamp('2025-09-03 09:29:00'), 'pivot_high': 24616.5, 'pivot_low': 24533.3, 'pivot_direction': None, 'entry_taken': True, 'daily_trade_taken': True, 'trades_taken_today': 1, 'max_trades_per_day': 3, 'in_position': False, 'stop_loss': 24599.4026, 'stop_loss_pct': 0.1, 'trailing_stop_pct': 0.2, 'trailing_anchor': 24648.7, 'target_pct': 0.5, 'target_price': 24739.582499999997, 'target_locked': False, 'in_entry_window': False, 'require_range_retouch': False, 'require_boundary_touch': True, 'option_symbol': 'NIFTY2590924650CE', 'option_type': 'OTM', 'strike_price': np.float64(24650.0), 'option_price': np.float64(108.55), 'instrument_token': np.int64(10386434)}
2025-11-08 12:15:41,749 - INFO - Saved trade: 5, P&L=-952.5
2025-11-08 12:15:43,661 - INFO - Bull pivot (touch) at 2025-09-03 13:20:00: close 24617.05 > range_high 24616.5 and low 24615.0 <= range_high
2025-11-08 12:15:43,687 - INFO - LONG entry signal at 2025-09-03 13:21:00 crossing pivot_high=24616.5 SL=24591.8835 (entry_price=24616.5, pct_stop=0.1)
2025-11-08 12:15:43,761 - INFO - Signal #12: buy at 2025-09-03 13:20:00 close=24612.0 (pending=yes)
2025-11-08 12:15:43,764 - INFO - Processing signal 'buy' at 2025-09-03 13:20:00 price=24612.0 option_data_present=True
2025-11-08 12:15:43,764 - INFO - Opened LONG position at 24612.0 on 2025-09-03 13:20:00
2025-11-08 12:15:43,764 - INFO - process_signal returned: None
2025-11-08 12:15:45,869 - INFO - LONG pct trail move: stop 24591.8835 -> 24593.4146 at 2025-09-03 13:50:00
2025-11-08 12:15:45,891 - INFO - LONG pct trail move: stop 24593.4146 -> 24595.111200000003 at 2025-09-03 13:51:00
2025-11-08 12:15:45,940 - INFO - LONG pct trail move: stop 24595.111200000003 -> 24598.9036 at 2025-09-03 13:53:00
2025-11-08 12:15:46,253 - INFO - LONG pct trail move: stop 24598.9036 -> 24600.0014 at 2025-09-03 13:56:00
2025-11-08 12:15:46,277 - INFO - LONG pct trail move: stop 24600.0014 -> 24600.350700000003 at 2025-09-03 13:57:00
2025-11-08 12:15:46,302 - INFO - LONG pct trail move: stop 24600.350700000003 -> 24604.4425 at 2025-09-03 13:58:00
2025-11-08 12:15:46,338 - INFO - LONG pct trail move: stop 24604.4425 -> 24605.2409 at 2025-09-03 13:59:00
2025-11-08 12:15:46,676 - INFO - LONG pct trail move: stop 24605.2409 -> 24605.7399 at 2025-09-03 14:00:00
2025-11-08 12:15:47,145 - INFO - LONG pct trail move: stop 24605.7399 -> 24610.181 at 2025-09-03 14:07:00
2025-11-08 12:15:47,168 - INFO - LONG pct trail move: stop 24610.181 -> 24610.4804 at 2025-09-03 14:08:00
2025-11-08 12:15:47,190 - INFO - LONG pct trail move: stop 24610.4804 -> 24614.073200000003 at 2025-09-03 14:09:00
2025-11-08 12:15:47,473 - INFO - LONG pct trail move: stop 24614.073200000003 -> 24624.0033 at 2025-09-03 14:10:00
2025-11-08 12:15:49,132 - INFO - LONG pct trail move: stop 24624.0033 -> 24624.7019 at 2025-09-03 14:30:00
2025-11-08 12:15:50,223 - INFO - LONG pct trail move: stop 24624.7019 -> 24628.793700000002 at 2025-09-03 14:31:00
2025-11-08 12:15:50,247 - INFO - LONG pct trail move: stop 24628.793700000002 -> 24630.190899999998 at 2025-09-03 14:32:00
2025-11-08 12:15:50,645 - INFO - LONG pct trail move: stop 24630.190899999998 -> 24630.64 at 2025-09-03 14:35:00
2025-11-08 12:15:51,899 - INFO - LONG pct trail move: stop 24630.64 -> 24635.729799999997 at 2025-09-03 14:53:00
2025-11-08 12:15:51,919 - INFO - LONG pct trail move: stop 24635.729799999997 -> 24635.8296 at 2025-09-03 14:54:00
2025-11-08 12:15:52,617 - INFO - LONG pct trail move: stop 24635.8296 -> 24639.7218 at 2025-09-03 15:00:00
2025-11-08 12:15:52,641 - INFO - LONG pct trail move: stop 24639.7218 -> 24640.969299999997 at 2025-09-03 15:01:00
2025-11-08 12:15:52,663 - INFO - LONG pct trail move: stop 24640.969299999997 -> 24646.757700000002 at 2025-09-03 15:02:00
2025-11-08 12:15:52,685 - INFO - LONG pct trail move: stop 24646.757700000002 -> 24653.743700000003 at 2025-09-03 15:03:00
2025-11-08 12:15:52,705 - INFO - LONG pct trail move: stop 24653.743700000003 -> 24653.8934 at 2025-09-03 15:04:00
2025-11-08 12:15:52,710 - INFO - LONG pct trail move: stop 24653.8934 -> 24654.192799999997 at 2025-09-03 15:05:00
2025-11-08 12:15:52,712 - INFO - Closed LONG position: P&L=2403.75
2025-11-08 12:15:52,722 - INFO - Saved trade: 6, P&L=2403.75
2025-11-08 12:15:53,019 - INFO - LONG pct trail move: stop 24654.192799999997 -> 24656.8375 at 2025-09-03 15:05:00
2025-11-08 12:15:53,047 - INFO - LONG pct trail move: stop 24656.8375 -> 24658.8335 at 2025-09-03 15:06:00
2025-11-08 12:15:53,071 - INFO - LONG pct trail move: stop 24658.8335 -> 24660.9293 at 2025-09-03 15:07:00
2025-11-08 12:15:53,114 - INFO - LONG pct trail move: stop 24660.9293 -> 24664.921299999998 at 2025-09-03 15:09:00
2025-11-08 12:15:53,118 - INFO - LONG pct trail move: stop 24664.921299999998 -> 24667.6159 at 2025-09-03 15:10:00
2025-11-08 12:15:53,467 - INFO - LONG pct trail move: stop 24667.6159 -> 24674.8015 at 2025-09-03 15:10:00
2025-11-08 12:15:54,578 - INFO - LONG pct trail move: stop 24674.8015 -> 24681.2386 at 2025-09-03 15:11:00
2025-11-08 12:15:54,599 - INFO - LONG pct trail move: stop 24681.2386 -> 24682.6857 at 2025-09-03 15:12:00
2025-11-08 12:15:54,621 - INFO - LONG pct trail move: stop 24682.6857 -> 24687.1268 at 2025-09-03 15:13:00
2025-11-08 12:15:56,065 - INFO - New trading day detected: 2025-09-04. Resetting ORB state.
2025-11-08 12:15:56,072 - INFO - New trading day detected: 2025-09-03. Resetting ORB state.
2025-11-08 12:16:40,928 - INFO - New trading day detected: 2025-09-04. Resetting ORB state.
2025-11-08 12:16:46,562 - INFO - ORB range finalized at 2025-09-04 09:29:00: HIGH=24980.75 LOW=24848.15
2025-11-08 12:16:50,189 - INFO - Bear pivot (touch) at 2025-09-04 10:13:00: close 24843.65 < range_low 24848.15 and high 24849.0 >= range_low
2025-11-08 12:16:50,213 - INFO - SHORT entry signal at 2025-09-04 10:14:00 crossing pivot_low=24848.15 SL=24872.99815 (entry_price=24848.15, pct_stop=0.1)
2025-11-08 12:16:50,218 - INFO - Signal #13: sell at 2025-09-04 10:10:00 close=24835.7 (pending=yes)
2025-11-08 12:16:50,220 - INFO - Processing signal 'sell' at 2025-09-04 10:10:00 price=24835.7 option_data_present=True
2025-11-08 12:16:50,220 - INFO - Opened SHORT position at 24835.7 on 2025-09-04 10:10:00
2025-11-08 12:16:50,221 - INFO - process_signal returned: None
2025-11-08 12:16:51,014 - INFO - SHORT stop EXIT (early check) at 2025-09-04 10:22:00 stop=24872.99815
2025-11-08 12:16:51,039 - INFO - Range retouched at 2025-09-04 10:23:00; re-arming breakout logic.
2025-11-08 12:16:51,072 - INFO - Signal #14: buy at 2025-09-04 10:20:00 close=24873.75 (pending=yes)
2025-11-08 12:16:51,074 - INFO - Processing signal 'buy' at 2025-09-04 10:20:00 price=24873.75 option_data_present=True
2025-11-08 12:16:51,075 - INFO - Closed SHORT position: P&L=0.00
2025-11-08 12:16:51,075 - INFO - Opened LONG position at 24873.75 on 2025-09-04 10:20:00
2025-11-08 12:16:51,075 - INFO - process_signal returned: {'trade_id': 7, 'entry_datetime': Timestamp('2025-09-04 10:10:00'), 'exit_datetime': Timestamp('2025-09-04 10:20:00'), 'entry_price': 24848.15, 'exit_price': 24873.75, 'entry_option_price': np.float64(96.1), 'exit_option_price': np.float64(96.1), 'position_type': 'short', 'action': 'closed', 'position_state': 'closed', 'profit_loss': np.float64(0.0), 'lot_size': 75, 'range_high': 24980.75, 'range_low': 24848.15, 'open_range_completed': True, 'pivot_time': Timestamp('2025-09-04 09:29:00'), 'pivot_high': 24980.75, 'pivot_low': 24848.15, 'pivot_direction': None, 'entry_taken': True, 'daily_trade_taken': True, 'trades_taken_today': 1, 'max_trades_per_day': 3, 'in_position': False, 'stop_loss': 24872.99815, 'stop_loss_pct': 0.1, 'trailing_stop_pct': 0.2, 'trailing_anchor': 24830.2, 'target_pct': 0.5, 'target_price': 24723.90925, 'target_locked': False, 'in_entry_window': False, 'require_range_retouch': False, 'require_boundary_touch': True, 'option_symbol': 'NIFTY2590924850PE', 'option_type': 'ATM', 'strike_price': np.float64(24850.0), 'option_price': np.float64(96.1), 'instrument_token': np.int64(10389506)}
2025-11-08 12:16:51,086 - INFO - Saved trade: 7, P&L=0
2025-11-08 12:16:51,524 - INFO - Bear pivot (touch) at 2025-09-04 10:28:00: close 24846.65 < range_low 24848.15 and high 24853.95 >= range_low
2025-11-08 12:16:51,549 - INFO - SHORT entry signal at 2025-09-04 10:29:00 crossing pivot_low=24848.15 SL=24872.99815 (entry_price=24848.15, pct_stop=0.1)
2025-11-08 12:16:51,555 - INFO - Signal #15: sell at 2025-09-04 10:25:00 close=24846.55 (pending=yes)
2025-11-08 12:16:51,558 - INFO - Processing signal 'sell' at 2025-09-04 10:25:00 price=24846.55 option_data_present=True
2025-11-08 12:16:51,558 - INFO - Opened SHORT position at 24846.55 on 2025-09-04 10:25:00
2025-11-08 12:16:51,558 - INFO - process_signal returned: None
2025-11-08 12:16:54,142 - INFO - SHORT pct trail move: stop 24872.99815 -> 24871.4937 at 2025-09-04 10:40:00
2025-11-08 12:16:54,166 - INFO - SHORT pct trail move: stop 24871.4937 -> 24858.1671 at 2025-09-04 10:41:00
2025-11-08 12:16:54,187 - INFO - SHORT pct trail move: stop 24858.1671 -> 24854.3595 at 2025-09-04 10:42:00
2025-11-08 12:16:57,710 - INFO - SHORT pct trail move: stop 24854.3595 -> 24853.708199999997 at 2025-09-04 11:22:00
2025-11-08 12:16:57,732 - INFO - SHORT pct trail move: stop 24853.708199999997 -> 24853.608 at 2025-09-04 11:23:00
2025-11-08 12:16:57,756 - INFO - SHORT pct trail move: stop 24853.608 -> 24849.1491 at 2025-09-04 11:24:00
2025-11-08 12:17:02,156 - INFO - SHORT pct trail move: stop 24849.1491 -> 24848.1972 at 2025-09-04 12:11:00
2025-11-08 12:17:02,182 - INFO - SHORT pct trail move: stop 24848.1972 -> 24841.7844 at 2025-09-04 12:12:00
2025-11-08 12:17:02,207 - INFO - SHORT pct trail move: stop 24841.7844 -> 24837.676199999998 at 2025-09-04 12:13:00
2025-11-08 12:17:02,593 - INFO - SHORT pct trail move: stop 24837.676199999998 -> 24834.670199999997 at 2025-09-04 12:18:00
2025-11-08 12:17:02,617 - INFO - SHORT pct trail move: stop 24834.670199999997 -> 24830.8626 at 2025-09-04 12:19:00
2025-11-08 12:17:02,901 - INFO - SHORT pct trail move: stop 24830.8626 -> 24830.712300000003 at 2025-09-04 12:20:00
2025-11-08 12:17:02,926 - INFO - SHORT pct trail move: stop 24830.712300000003 -> 24824.7003 at 2025-09-04 12:21:00
2025-11-08 12:17:03,160 - INFO - SHORT pct trail move: stop 24824.7003 -> 24821.7444 at 2025-09-04 12:22:00
2025-11-08 12:17:03,184 - INFO - SHORT pct trail move: stop 24821.7444 -> 24818.1873 at 2025-09-04 12:23:00
2025-11-08 12:17:03,455 - INFO - SHORT pct trail move: stop 24818.1873 -> 24817.2354 at 2025-09-04 12:25:00
2025-11-08 12:17:04,907 - INFO - SHORT stop EXIT (early check) at 2025-09-04 12:44:00 stop=24817.2354
2025-11-08 12:17:04,913 - INFO - Signal #16: buy at 2025-09-04 12:40:00 close=24819.35 (pending=yes)
2025-11-08 12:17:04,915 - INFO - Processing signal 'buy' at 2025-09-04 12:40:00 price=24819.35 option_data_present=True
2025-11-08 12:17:04,915 - INFO - PL% threshold reached (-10.41%), auto-closing short position
2025-11-08 12:17:04,915 - INFO - Closed SHORT position: P&L=750.00
2025-11-08 12:17:04,916 - INFO - process_signal returned: {'trade_id': 8, 'entry_datetime': Timestamp('2025-09-04 10:25:00'), 'exit_datetime': Timestamp('2025-09-04 12:40:00'), 'entry_price': 24848.15, 'exit_price': 24819.35, 'entry_option_price': np.float64(96.1), 'exit_option_price': np.float64(106.1), 'position_type': 'short', 'action': 'closed', 'position_state': 'closed', 'profit_loss': np.float64(750.0), 'lot_size': 75, 'range_high': 24980.75, 'range_low': 24848.15, 'open_range_completed': True, 'pivot_time': Timestamp('2025-09-04 10:28:00'), 'pivot_high': 24980.75, 'pivot_low': 24848.15, 'pivot_direction': 'bear', 'entry_taken': True, 'daily_trade_taken': True, 'trades_taken_today': 2, 'max_trades_per_day': 3, 'in_position': False, 'stop_loss': 24817.2354, 'stop_loss_pct': 0.1, 'trailing_stop_pct': 0.2, 'trailing_anchor': 24767.7, 'target_pct': 0.5, 'target_price': 24723.90925, 'target_locked': False, 'in_entry_window': False, 'require_range_retouch': True, 'require_boundary_touch': True, 'option_symbol': 'NIFTY2590924850PE', 'option_type': 'ITM', 'strike_price': np.float64(24850.0), 'option_price': np.float64(106.1), 'instrument_token': np.int64(10389506)}
2025-11-08 12:17:04,926 - INFO - Saved trade: 8, P&L=750.0
2025-11-08 12:17:21,742 - INFO - New trading day detected: 2025-09-05. Resetting ORB state.
2025-11-08 12:17:21,750 - INFO - New trading day detected: 2025-09-04. Resetting ORB state.
2025-11-08 12:18:02,782 - INFO - New trading day detected: 2025-09-05. Resetting ORB state.
2025-11-08 12:18:10,937 - INFO - ORB range finalized at 2025-09-05 09:29:00: HIGH=24831.65 LOW=24781.05
2025-11-08 12:18:12,227 - INFO - Bear pivot (touch) at 2025-09-05 09:40:00: close 24780.2 < range_low 24781.05 and high 24782.9 >= range_low
2025-11-08 12:18:12,259 - INFO - SHORT entry signal at 2025-09-05 09:41:00 crossing pivot_low=24781.05 SL=24805.831049999997 (entry_price=24781.05, pct_stop=0.1)
2025-11-08 12:18:12,330 - INFO - Signal #17: sell at 2025-09-05 09:40:00 close=24778.85 (pending=yes)
2025-11-08 12:18:12,332 - INFO - Processing signal 'sell' at 2025-09-05 09:40:00 price=24778.85 option_data_present=True
2025-11-08 12:18:12,333 - INFO - Opened SHORT position at 24778.85 on 2025-09-05 09:40:00
2025-11-08 12:18:12,333 - INFO - process_signal returned: None
2025-11-08 12:18:15,843 - INFO - SHORT pct trail move: stop 24805.831049999997 -> 24805.6122 at 2025-09-05 10:08:00
2025-11-08 12:18:15,864 - INFO - SHORT pct trail move: stop 24805.6122 -> 24803.3076 at 2025-09-05 10:09:00
2025-11-08 12:18:16,208 - INFO - SHORT pct trail move: stop 24803.3076 -> 24775.101300000002 at 2025-09-05 10:10:00
2025-11-08 12:18:17,365 - INFO - SHORT pct trail move: stop 24775.101300000002 -> 24762.0753 at 2025-09-05 10:11:00
2025-11-08 12:18:17,388 - INFO - SHORT pct trail move: stop 24762.0753 -> 24734.219699999998 at 2025-09-05 10:12:00
2025-11-08 12:18:17,410 - INFO - SHORT pct trail move: stop 24734.219699999998 -> 24728.2077 at 2025-09-05 10:13:00
2025-11-08 12:18:17,432 - INFO - SHORT pct trail move: stop 24728.2077 -> 24724.6506 at 2025-09-05 10:14:00
2025-11-08 12:18:18,961 - INFO - SHORT target reached: stop 24724.6506 -> 24657.14475 at 2025-09-05 10:15:00
2025-11-08 12:18:18,961 - INFO - SHORT stop EXIT (post adjust) at 2025-09-05 10:15:00 stop=24657.14475
2025-11-08 12:18:19,044 - INFO - Signal #18: buy at 2025-09-05 10:15:00 close=24650.45 (pending=yes)
2025-11-08 12:18:19,400 - INFO - Processing signal 'buy' at 2025-09-05 10:15:00 price=24650.45 option_data_present=True
2025-11-08 12:18:19,401 - INFO - PL% threshold reached (-103.84%), auto-closing short position
2025-11-08 12:18:19,401 - INFO - Closed SHORT position: P&L=6900.00
2025-11-08 12:18:19,401 - INFO - process_signal returned: {'trade_id': 9, 'entry_datetime': Timestamp('2025-09-05 09:40:00'), 'exit_datetime': Timestamp('2025-09-05 10:15:00'), 'entry_price': 24781.05, 'exit_price': 24650.45, 'entry_option_price': np.float64(88.6), 'exit_option_price': np.float64(180.6), 'position_type': 'short', 'action': 'closed', 'position_state': 'closed', 'profit_loss': np.float64(6900.0), 'lot_size': 75, 'range_high': 24831.65, 'range_low': 24781.05, 'open_range_completed': True, 'pivot_time': Timestamp('2025-09-05 09:40:00'), 'pivot_high': 24831.65, 'pivot_low': 24781.05, 'pivot_direction': 'bear', 'entry_taken': True, 'daily_trade_taken': True, 'trades_taken_today': 1, 'max_trades_per_day': 3, 'in_position': False, 'stop_loss': 24657.14475, 'stop_loss_pct': 0.1, 'trailing_stop_pct': 0.2, 'trailing_anchor': 24652.05, 'target_pct': 0.5, 'target_price': 24657.14475, 'target_locked': True, 'in_entry_window': False, 'require_range_retouch': True, 'require_boundary_touch': True, 'option_symbol': 'NIFTY2590924800PE', 'option_type': 'ITM', 'strike_price': np.float64(24800.0), 'option_price': np.float64(180.6), 'instrument_token': np.int64(10388994)}
2025-11-08 12:18:19,411 - INFO - Saved trade: 9, P&L=6900.0
2025-11-08 12:18:38,634 - INFO - Range retouched at 2025-09-05 14:00:00; re-arming breakout logic.
2025-11-08 12:18:38,640 - INFO - Bear pivot (touch) at 2025-09-05 14:01:00: close 24780.2 < range_low 24781.05 and high 24790.75 >= range_low
2025-11-08 12:18:38,646 - INFO - SHORT entry signal at 2025-09-05 14:02:00 crossing pivot_low=24781.05 SL=24805.831049999997 (entry_price=24781.05, pct_stop=0.1)
2025-11-08 12:18:38,660 - INFO - Signal #19: sell at 2025-09-05 14:00:00 close=24773.7 (pending=yes)
2025-11-08 12:18:38,661 - INFO - Processing signal 'sell' at 2025-09-05 14:00:00 price=24773.7 option_data_present=True
2025-11-08 12:18:38,661 - INFO - Opened SHORT position at 24773.7 on 2025-09-05 14:00:00
2025-11-08 12:18:38,661 - INFO - process_signal returned: None
2025-11-08 12:18:38,781 - INFO - SHORT pct trail move: stop 24805.831049999997 -> 24800.1513 at 2025-09-05 14:08:00
2025-11-08 12:18:38,895 - INFO - SHORT pct trail move: stop 24800.1513 -> 24796.0932 at 2025-09-05 14:11:00
2025-11-08 12:18:38,901 - INFO - SHORT pct trail move: stop 24796.0932 -> 24795.8928 at 2025-09-05 14:12:00
2025-11-08 12:18:38,914 - INFO - SHORT pct trail move: stop 24795.8928 -> 24794.840699999997 at 2025-09-05 14:14:00
2025-11-08 12:18:39,019 - INFO - SHORT pct trail move: stop 24794.840699999997 -> 24791.2335 at 2025-09-05 14:15:00
2025-11-08 12:18:39,536 - INFO - SHORT pct trail move: stop 24791.2335 -> 24782.466 at 2025-09-05 14:35:00
2025-11-08 12:18:39,543 - INFO - SHORT pct trail move: stop 24782.466 -> 24778.959 at 2025-09-05 14:36:00
2025-11-08 12:18:39,563 - INFO - SHORT pct trail move: stop 24778.959 -> 24772.345800000003 at 2025-09-05 14:39:00
2025-11-08 12:18:39,691 - INFO - SHORT pct trail move: stop 24772.345800000003 -> 24770.1915 at 2025-09-05 14:40:00
2025-11-08 12:18:40,227 - INFO - Closed SHORT position: P&L=0.00
2025-11-08 12:18:40,231 - INFO - Saved trade: 10, P&L=0
2025-11-08 12:18:40,996 - INFO - Backtest finished: signals=19 trades=11
2025-11-08 12:18:40,998 - INFO - BACKTEST SUMMARY:
2025-11-08 12:18:40,998 - INFO - Total Trades: 11
2025-11-08 12:18:40,998 - INFO - Total P&L: 12750.00
2025-11-08 12:18:40,998 - INFO - Winning Trades: 5
2025-11-08 12:18:40,998 - INFO - Losing Trades: 3
2025-11-08 12:18:40,999 - INFO - Win Rate: 45.45%
2025-11-08 12:24:44,131 - INFO - ORB: mapped legacy pl_percent=0.5 to target_pct (explicit target_pct not provided)
2025-11-08 12:24:44,157 - INFO - Starting backtest (close-only execution) for NIFTY
2025-11-08 12:24:46,534 - INFO - Loaded 112651 data points for NIFTY
2025-11-08 12:25:07,714 - INFO - ORB range finalized at 2025-09-01 09:29:00: HIGH=24532.75 LOW=24432.7
2025-11-08 12:25:07,752 - INFO - Bull pivot (touch) at 2025-09-01 09:33:00: close 24535.3 > range_high 24532.75 and low 24528.5 <= range_high
2025-11-08 12:25:07,758 - INFO - LONG entry signal at 2025-09-01 09:34:00 crossing pivot_high=24532.75 SL=24508.21725 (entry_price=24532.75, pct_stop=0.1)
2025-11-08 12:25:07,760 - INFO - Signal #1: buy at 2025-09-01 09:30:00 close=24540.9 (pending=yes)
2025-11-08 12:25:07,761 - INFO - Processing signal 'buy' at 2025-09-01 09:30:00 price=24540.9 option_data_present=True
2025-11-08 12:25:07,761 - INFO - Opened LONG position at 24540.9 on 2025-09-01 09:30:00
2025-11-08 12:25:07,761 - INFO - process_signal returned: None
2025-11-08 12:25:07,933 - INFO - LONG pct trail move: stop 24508.21725 -> 24511.2293 at 2025-09-01 09:54:00
2025-11-08 12:25:07,951 - INFO - LONG pct trail move: stop 24511.2293 -> 24511.6285 at 2025-09-01 09:55:00
2025-11-08 12:25:08,184 - INFO - LONG stop EXIT (early check) at 2025-09-01 10:21:00 stop=24511.6285
2025-11-08 12:25:08,190 - INFO - Range retouched at 2025-09-01 10:22:00; re-arming breakout logic.
2025-11-08 12:25:08,204 - INFO - Signal #2: sell at 2025-09-01 10:20:00 close=24512.15 (pending=yes)
2025-11-08 12:25:08,205 - INFO - Processing signal 'sell' at 2025-09-01 10:20:00 price=24512.15 option_data_present=True
2025-11-08 12:25:08,205 - INFO - PL% threshold reached (-24.73%), auto-closing long position
2025-11-08 12:25:08,205 - INFO - Closed LONG position: P&L=-1391.25
2025-11-08 12:25:08,205 - INFO - process_signal returned: {'trade_id': 0, 'entry_datetime': Timestamp('2025-09-01 09:30:00'), 'exit_datetime': Timestamp('2025-09-01 10:20:00'), 'entry_price': 24532.75, 'exit_price': 24512.15, 'entry_option_price': np.float64(75.0), 'exit_option_price': np.float64(56.45), 'position_type': 'long', 'action': 'closed', 'position_state': 'closed', 'profit_loss': np.float64(-1391.2499999999998), 'lot_size': 75, 'range_high': 24532.75, 'range_low': 24432.7, 'open_range_completed': True, 'pivot_time': Timestamp('2025-09-01 09:29:00'), 'pivot_high': 24532.75, 'pivot_low': 24432.7, 'pivot_direction': None, 'entry_taken': True, 'daily_trade_taken': True, 'trades_taken_today': 1, 'max_trades_per_day': 3, 'in_position': False, 'stop_loss': 24511.6285, 'stop_loss_pct': 0.1, 'trailing_stop_pct': 0.2, 'trailing_anchor': 24560.75, 'target_pct': 0.5, 'target_price': 24655.413749999996, 'target_locked': False, 'in_entry_window': False, 'require_range_retouch': False, 'require_boundary_touch': True, 'option_symbol': 'NIFTY2590224550CE', 'option_type': 'OTM', 'strike_price': np.float64(24550.0), 'option_price': np.float64(56.45), 'instrument_token': np.int64(12526850)}
2025-11-08 12:25:08,208 - ERROR - Trade processing failed
Traceback (most recent call last):
  File "d:\NSLearn\copy_trader\client\ns_engine\main_new_plot.py", line 563, in _process_trade_for_signal
    self.update_trade_data(candle_dt, price, trade_data)
    ~~~~~~~~~~~~~~~~~~~~~~^^^^^^^^^^^^^^^^^^^^^^^^^^^^^^
  File "d:\NSLearn\copy_trader\client\ns_engine\main_new_plot.py", line 655, in update_trade_data
    self.journal.save_trade(trade_data, {'symbol': self.cfg.symbol, 'instrument_type': self.cfg.instrument_type})
    ~~~~~~~~~~~~~~~~~~~~~~~^^^^^^^^^^^^^^^^^^^^^^^^^^^^^^^^^^^^^^^^^^^^^^^^^^^^^^^^^^^^^^^^^^^^^^^^^^^^^^^^^^^^^^
  File "d:\NSLearn\copy_trader\client\ns_engine\main_new_plot.py", line 202, in save_trade
    df.to_csv(self.trades_csv, index=False)
    ~~~~~~~~~^^^^^^^^^^^^^^^^^^^^^^^^^^^^^^
  File "C:\Users\narasimharao.allaka\AppData\Roaming\Python\Python313\site-packages\pandas\util\_decorators.py", line 333, in wrapper
    return func(*args, **kwargs)
  File "C:\Users\narasimharao.allaka\AppData\Roaming\Python\Python313\site-packages\pandas\core\generic.py", line 3986, in to_csv
    return DataFrameRenderer(formatter).to_csv(
           ~~~~~~~~~~~~~~~~~~~~~~~~~~~~~~~~~~~^
        path_or_buf,
        ^^^^^^^^^^^^
    ...<14 lines>...
        storage_options=storage_options,
        ^^^^^^^^^^^^^^^^^^^^^^^^^^^^^^^^
    )
    ^
  File "C:\Users\narasimharao.allaka\AppData\Roaming\Python\Python313\site-packages\pandas\io\formats\format.py", line 1014, in to_csv
    csv_formatter.save()
    ~~~~~~~~~~~~~~~~~~^^
  File "C:\Users\narasimharao.allaka\AppData\Roaming\Python\Python313\site-packages\pandas\io\formats\csvs.py", line 251, in save
    with get_handle(
         ~~~~~~~~~~^
        self.filepath_or_buffer,
        ^^^^^^^^^^^^^^^^^^^^^^^^
    ...<4 lines>...
        storage_options=self.storage_options,
        ^^^^^^^^^^^^^^^^^^^^^^^^^^^^^^^^^^^^^
    ) as handles:
    ^
  File "C:\Users\narasimharao.allaka\AppData\Roaming\Python\Python313\site-packages\pandas\io\common.py", line 749, in get_handle
    check_parent_directory(str(handle))
    ~~~~~~~~~~~~~~~~~~~~~~^^^^^^^^^^^^^
  File "C:\Users\narasimharao.allaka\AppData\Roaming\Python\Python313\site-packages\pandas\io\common.py", line 616, in check_parent_directory
    raise OSError(rf"Cannot save file into a non-existent directory: '{parent}'")
OSError: Cannot save file into a non-existent directory: 'd:\NSLearn\copy_trader\client\csv\output'
2025-11-08 12:25:08,431 - INFO - Bull pivot (touch) at 2025-09-01 10:45:00: close 24537.25 > range_high 24532.75 and low 24527.3 <= range_high
2025-11-08 12:25:08,437 - INFO - LONG entry signal at 2025-09-01 10:46:00 crossing pivot_high=24532.75 SL=24508.21725 (entry_price=24532.75, pct_stop=0.1)
2025-11-08 12:25:08,459 - INFO - Signal #3: buy at 2025-09-01 10:45:00 close=24538.75 (pending=yes)
2025-11-08 12:25:08,460 - INFO - Processing signal 'buy' at 2025-09-01 10:45:00 price=24538.75 option_data_present=True
2025-11-08 12:25:08,460 - INFO - Opened LONG position at 24538.75 on 2025-09-01 10:45:00
2025-11-08 12:25:08,460 - INFO - process_signal returned: None
2025-11-08 12:25:09,398 - INFO - LONG pct trail move: stop 24508.21725 -> 24509.383 at 2025-09-01 12:25:00
2025-11-08 12:25:09,422 - INFO - LONG pct trail move: stop 24509.383 -> 24513.6744 at 2025-09-01 12:25:00
2025-11-08 12:25:09,435 - INFO - LONG pct trail move: stop 24513.6744 -> 24516.219299999997 at 2025-09-01 12:27:00
2025-11-08 12:25:09,441 - INFO - LONG pct trail move: stop 24516.219299999997 -> 24523.355 at 2025-09-01 12:28:00
2025-11-08 12:25:09,448 - INFO - LONG pct trail move: stop 24523.355 -> 24524.9019 at 2025-09-01 12:29:00
2025-11-08 12:25:09,473 - INFO - LONG pct trail move: stop 24524.9019 -> 24525.201299999997 at 2025-09-01 12:30:00
2025-11-08 12:25:09,917 - INFO - LONG pct trail move: stop 24525.201299999997 -> 24526.6484 at 2025-09-01 12:39:00
2025-11-08 12:25:10,176 - INFO - LONG pct trail move: stop 24526.6484 -> 24529.1434 at 2025-09-01 13:04:00
2025-11-08 12:25:10,204 - INFO - LONG pct trail move: stop 24529.1434 -> 24532.6364 at 2025-09-01 13:05:00
2025-11-08 12:25:10,218 - INFO - LONG pct trail move: stop 24532.6364 -> 24539.6723 at 2025-09-01 13:07:00
2025-11-08 12:25:10,225 - INFO - LONG pct trail move: stop 24539.6723 -> 24539.822 at 2025-09-01 13:08:00
2025-11-08 12:25:10,231 - INFO - LONG pct trail move: stop 24539.822 -> 24542.1174 at 2025-09-01 13:09:00
2025-11-08 12:25:10,258 - INFO - LONG pct trail move: stop 24542.1174 -> 24542.7661 at 2025-09-01 13:10:00
2025-11-08 12:25:10,310 - INFO - LONG pct trail move: stop 24542.7661 -> 24543.9637 at 2025-09-01 13:15:00
2025-11-08 12:25:10,317 - INFO - LONG pct trail move: stop 24543.9637 -> 24544.911799999998 at 2025-09-01 13:16:00
2025-11-08 12:25:10,369 - INFO - LONG pct trail move: stop 24544.911799999998 -> 24546.458700000003 at 2025-09-01 13:21:00
2025-11-08 12:25:10,471 - INFO - LONG pct trail move: stop 24546.458700000003 -> 24548.6044 at 2025-09-01 13:30:00
2025-11-08 12:25:10,478 - INFO - LONG pct trail move: stop 24548.6044 -> 24552.0475 at 2025-09-01 13:31:00
2025-11-08 12:25:10,484 - INFO - LONG pct trail move: stop 24552.0475 -> 24554.293 at 2025-09-01 13:32:00
2025-11-08 12:25:10,490 - INFO - LONG pct trail move: stop 24554.293 -> 24556.9876 at 2025-09-01 13:33:00
2025-11-08 12:25:10,705 - INFO - LONG pct trail move: stop 24556.9876 -> 24557.0375 at 2025-09-01 13:52:00
2025-11-08 12:25:10,830 - INFO - LONG pct trail move: stop 24557.0375 -> 24557.786 at 2025-09-01 14:04:00
2025-11-08 12:25:10,831 - INFO - LONG pct trail move: stop 24557.786 -> 24558.0854 at 2025-09-01 14:05:00
2025-11-08 12:25:10,860 - INFO - LONG pct trail move: stop 24558.0854 -> 24560.4806 at 2025-09-01 14:05:00
2025-11-08 12:25:10,885 - INFO - LONG pct trail move: stop 24560.4806 -> 24565.1213 at 2025-09-01 14:09:00
2025-11-08 12:25:10,916 - INFO - LONG pct trail move: stop 24565.1213 -> 24566.3189 at 2025-09-01 14:10:00
2025-11-08 12:25:10,923 - INFO - LONG pct trail move: stop 24566.3189 -> 24566.6183 at 2025-09-01 14:11:00
2025-11-08 12:25:10,929 - INFO - LONG pct trail move: stop 24566.6183 -> 24567.2171 at 2025-09-01 14:12:00
2025-11-08 12:25:10,935 - INFO - LONG pct trail move: stop 24567.2171 -> 24567.3668 at 2025-09-01 14:13:00
2025-11-08 12:25:10,942 - INFO - LONG pct trail move: stop 24567.3668 -> 24571.0095 at 2025-09-01 14:14:00
2025-11-08 12:25:11,269 - INFO - LONG pct trail move: stop 24571.0095 -> 24571.259 at 2025-09-01 14:41:00
2025-11-08 12:25:11,276 - INFO - LONG pct trail move: stop 24571.259 -> 24573.754 at 2025-09-01 14:42:00
2025-11-08 12:25:11,448 - INFO - LONG pct trail move: stop 24573.754 -> 24574.203100000002 at 2025-09-01 14:56:00
2025-11-08 12:25:11,830 - INFO - LONG pct trail move: stop 24574.203100000002 -> 24581.239 at 2025-09-01 14:57:00
2025-11-08 12:25:11,836 - INFO - LONG pct trail move: stop 24581.239 -> 24584.1332 at 2025-09-01 14:58:00
2025-11-08 12:25:11,843 - INFO - LONG pct trail move: stop 24584.1332 -> 24584.4825 at 2025-09-01 14:59:00
2025-11-08 12:25:11,877 - INFO - LONG pct trail move: stop 24584.4825 -> 24585.630200000003 at 2025-09-01 15:00:00
2025-11-08 12:25:11,905 - INFO - Closed LONG position: P&L=2497.50
2025-11-08 12:25:11,906 - ERROR - Failed to enforce session constraints
Traceback (most recent call last):
  File "d:\NSLearn\copy_trader\client\ns_engine\main_new_plot.py", line 778, in close_trade_on_endtime
    self.update_trade_data(candle_dt, price, trade_data)
    ~~~~~~~~~~~~~~~~~~~~~~^^^^^^^^^^^^^^^^^^^^^^^^^^^^^^
  File "d:\NSLearn\copy_trader\client\ns_engine\main_new_plot.py", line 655, in update_trade_data
    self.journal.save_trade(trade_data, {'symbol': self.cfg.symbol, 'instrument_type': self.cfg.instrument_type})
    ~~~~~~~~~~~~~~~~~~~~~~~^^^^^^^^^^^^^^^^^^^^^^^^^^^^^^^^^^^^^^^^^^^^^^^^^^^^^^^^^^^^^^^^^^^^^^^^^^^^^^^^^^^^^^
  File "d:\NSLearn\copy_trader\client\ns_engine\main_new_plot.py", line 202, in save_trade
    df.to_csv(self.trades_csv, index=False)
    ~~~~~~~~~^^^^^^^^^^^^^^^^^^^^^^^^^^^^^^
  File "C:\Users\narasimharao.allaka\AppData\Roaming\Python\Python313\site-packages\pandas\util\_decorators.py", line 333, in wrapper
    return func(*args, **kwargs)
  File "C:\Users\narasimharao.allaka\AppData\Roaming\Python\Python313\site-packages\pandas\core\generic.py", line 3986, in to_csv
    return DataFrameRenderer(formatter).to_csv(
           ~~~~~~~~~~~~~~~~~~~~~~~~~~~~~~~~~~~^
        path_or_buf,
        ^^^^^^^^^^^^
    ...<14 lines>...
        storage_options=storage_options,
        ^^^^^^^^^^^^^^^^^^^^^^^^^^^^^^^^
    )
    ^
  File "C:\Users\narasimharao.allaka\AppData\Roaming\Python\Python313\site-packages\pandas\io\formats\format.py", line 1014, in to_csv
    csv_formatter.save()
    ~~~~~~~~~~~~~~~~~~^^
  File "C:\Users\narasimharao.allaka\AppData\Roaming\Python\Python313\site-packages\pandas\io\formats\csvs.py", line 251, in save
    with get_handle(
         ~~~~~~~~~~^
        self.filepath_or_buffer,
        ^^^^^^^^^^^^^^^^^^^^^^^^
    ...<4 lines>...
        storage_options=self.storage_options,
        ^^^^^^^^^^^^^^^^^^^^^^^^^^^^^^^^^^^^^
    ) as handles:
    ^
  File "C:\Users\narasimharao.allaka\AppData\Roaming\Python\Python313\site-packages\pandas\io\common.py", line 749, in get_handle
    check_parent_directory(str(handle))
    ~~~~~~~~~~~~~~~~~~~~~~^^^^^^^^^^^^^
  File "C:\Users\narasimharao.allaka\AppData\Roaming\Python\Python313\site-packages\pandas\io\common.py", line 616, in check_parent_directory
    raise OSError(rf"Cannot save file into a non-existent directory: '{parent}'")
OSError: Cannot save file into a non-existent directory: 'd:\NSLearn\copy_trader\client\csv\output'
2025-11-08 12:25:12,223 - INFO - New trading day detected: 2025-09-02. Resetting ORB state.
2025-11-08 12:25:12,226 - INFO - New trading day detected: 2025-09-01. Resetting ORB state.
2025-11-08 12:25:27,611 - INFO - New trading day detected: 2025-09-02. Resetting ORB state.
2025-11-08 12:25:30,815 - INFO - ORB range finalized at 2025-09-02 09:29:00: HIGH=24685.3 LOW=24632.2
2025-11-08 12:25:30,921 - INFO - Bull pivot (touch) at 2025-09-02 09:37:00: close 24688.35 > range_high 24685.3 and low 24681.35 <= range_high
2025-11-08 12:25:30,927 - INFO - LONG entry signal at 2025-09-02 09:38:00 crossing pivot_high=24685.3 SL=24660.6147 (entry_price=24685.3, pct_stop=0.1)
2025-11-08 12:25:30,935 - INFO - Signal #4: buy at 2025-09-02 09:35:00 close=24687.55 (pending=yes)
2025-11-08 12:25:30,936 - INFO - Processing signal 'buy' at 2025-09-02 09:35:00 price=24687.55 option_data_present=True
2025-11-08 12:25:30,936 - INFO - Opened LONG position at 24687.55 on 2025-09-02 09:35:00
2025-11-08 12:25:30,936 - INFO - process_signal returned: None
2025-11-08 12:25:31,106 - INFO - LONG pct trail move: stop 24660.6147 -> 24669.6119 at 2025-09-02 09:52:00
2025-11-08 12:25:31,237 - INFO - LONG pct trail move: stop 24669.6119 -> 24678.544 at 2025-09-02 09:57:00
2025-11-08 12:25:31,243 - INFO - LONG pct trail move: stop 24678.544 -> 24679.142799999998 at 2025-09-02 09:58:00
2025-11-08 12:25:31,287 - INFO - LONG pct trail move: stop 24679.142799999998 -> 24679.691700000003 at 2025-09-02 10:00:00
2025-11-08 12:25:31,293 - INFO - LONG pct trail move: stop 24679.691700000003 -> 24684.2326 at 2025-09-02 10:01:00
2025-11-08 12:25:31,300 - INFO - LONG pct trail move: stop 24684.2326 -> 24690.3703 at 2025-09-02 10:02:00
2025-11-08 12:25:31,307 - INFO - LONG pct trail move: stop 24690.3703 -> 24692.2166 at 2025-09-02 10:03:00
2025-11-08 12:25:31,313 - INFO - LONG pct trail move: stop 24692.2166 -> 24696.5579 at 2025-09-02 10:04:00
2025-11-08 12:25:31,315 - INFO - LONG pct trail move: stop 24696.5579 -> 24696.7575 at 2025-09-02 10:05:00
2025-11-08 12:25:31,350 - INFO - LONG pct trail move: stop 24696.7575 -> 24697.655700000003 at 2025-09-02 10:05:00
2025-11-08 12:25:32,180 - INFO - LONG pct trail move: stop 24697.655700000003 -> 24698.953100000002 at 2025-09-02 11:10:00
2025-11-08 12:25:32,186 - INFO - LONG pct trail move: stop 24698.953100000002 -> 24699.5519 at 2025-09-02 11:11:00
2025-11-08 12:25:33,275 - INFO - LONG pct trail move: stop 24699.5519 -> 24699.8513 at 2025-09-02 12:34:00
2025-11-08 12:25:33,348 - INFO - LONG pct trail move: stop 24699.8513 -> 24701.5978 at 2025-09-02 12:38:00
2025-11-08 12:25:33,356 - INFO - LONG pct trail move: stop 24701.5978 -> 24705.1407 at 2025-09-02 12:39:00
2025-11-08 12:25:33,924 - INFO - LONG stop EXIT (early check) at 2025-09-02 13:18:00 stop=24705.1407
2025-11-08 12:25:33,931 - INFO - Signal #5: sell at 2025-09-02 13:15:00 close=24707.3 (pending=yes)
2025-11-08 12:25:33,933 - INFO - Processing signal 'sell' at 2025-09-02 13:15:00 price=24707.3 option_data_present=True
2025-11-08 12:25:33,933 - INFO - Closed LONG position: P&L=0.00
2025-11-08 12:25:33,933 - INFO - Opened SHORT position at 24707.3 on 2025-09-02 13:15:00
2025-11-08 12:25:33,933 - INFO - process_signal returned: {'trade_id': 2, 'entry_datetime': Timestamp('2025-09-02 09:35:00'), 'exit_datetime': Timestamp('2025-09-02 13:15:00'), 'entry_price': 24685.3, 'exit_price': 24707.3, 'entry_option_price': np.float64(34.3), 'exit_option_price': np.float64(34.3), 'position_type': 'long', 'action': 'closed', 'position_state': 'closed', 'profit_loss': np.float64(0.0), 'lot_size': 75, 'range_high': 24685.3, 'range_low': 24632.2, 'open_range_completed': True, 'pivot_time': Timestamp('2025-09-02 09:37:00'), 'pivot_high': 24685.3, 'pivot_low': 24632.2, 'pivot_direction': 'bull', 'entry_taken': True, 'daily_trade_taken': True, 'trades_taken_today': 1, 'max_trades_per_day': 3, 'in_position': False, 'stop_loss': 24705.1407, 'stop_loss_pct': 0.1, 'trailing_stop_pct': 0.2, 'trailing_anchor': 24754.65, 'target_pct': 0.5, 'target_price': 24808.726499999997, 'target_locked': False, 'in_entry_window': False, 'require_range_retouch': True, 'require_boundary_touch': True, 'option_symbol': 'NIFTY2590224700CE', 'option_type': 'ATM', 'strike_price': np.float64(24700.0), 'option_price': np.float64(34.3), 'instrument_token': np.int64(12528386)}
2025-11-08 12:25:33,936 - ERROR - Trade processing failed
Traceback (most recent call last):
  File "d:\NSLearn\copy_trader\client\ns_engine\main_new_plot.py", line 563, in _process_trade_for_signal
    self.update_trade_data(candle_dt, price, trade_data)
    ~~~~~~~~~~~~~~~~~~~~~~^^^^^^^^^^^^^^^^^^^^^^^^^^^^^^
  File "d:\NSLearn\copy_trader\client\ns_engine\main_new_plot.py", line 655, in update_trade_data
    self.journal.save_trade(trade_data, {'symbol': self.cfg.symbol, 'instrument_type': self.cfg.instrument_type})
    ~~~~~~~~~~~~~~~~~~~~~~~^^^^^^^^^^^^^^^^^^^^^^^^^^^^^^^^^^^^^^^^^^^^^^^^^^^^^^^^^^^^^^^^^^^^^^^^^^^^^^^^^^^^^^
  File "d:\NSLearn\copy_trader\client\ns_engine\main_new_plot.py", line 202, in save_trade
    df.to_csv(self.trades_csv, index=False)
    ~~~~~~~~~^^^^^^^^^^^^^^^^^^^^^^^^^^^^^^
  File "C:\Users\narasimharao.allaka\AppData\Roaming\Python\Python313\site-packages\pandas\util\_decorators.py", line 333, in wrapper
    return func(*args, **kwargs)
  File "C:\Users\narasimharao.allaka\AppData\Roaming\Python\Python313\site-packages\pandas\core\generic.py", line 3986, in to_csv
    return DataFrameRenderer(formatter).to_csv(
           ~~~~~~~~~~~~~~~~~~~~~~~~~~~~~~~~~~~^
        path_or_buf,
        ^^^^^^^^^^^^
    ...<14 lines>...
        storage_options=storage_options,
        ^^^^^^^^^^^^^^^^^^^^^^^^^^^^^^^^
    )
    ^
  File "C:\Users\narasimharao.allaka\AppData\Roaming\Python\Python313\site-packages\pandas\io\formats\format.py", line 1014, in to_csv
    csv_formatter.save()
    ~~~~~~~~~~~~~~~~~~^^
  File "C:\Users\narasimharao.allaka\AppData\Roaming\Python\Python313\site-packages\pandas\io\formats\csvs.py", line 251, in save
    with get_handle(
         ~~~~~~~~~~^
        self.filepath_or_buffer,
        ^^^^^^^^^^^^^^^^^^^^^^^^
    ...<4 lines>...
        storage_options=self.storage_options,
        ^^^^^^^^^^^^^^^^^^^^^^^^^^^^^^^^^^^^^
    ) as handles:
    ^
  File "C:\Users\narasimharao.allaka\AppData\Roaming\Python\Python313\site-packages\pandas\io\common.py", line 749, in get_handle
    check_parent_directory(str(handle))
    ~~~~~~~~~~~~~~~~~~~~~~^^^^^^^^^^^^^
  File "C:\Users\narasimharao.allaka\AppData\Roaming\Python\Python313\site-packages\pandas\io\common.py", line 616, in check_parent_directory
    raise OSError(rf"Cannot save file into a non-existent directory: '{parent}'")
OSError: Cannot save file into a non-existent directory: 'd:\NSLearn\copy_trader\client\csv\output'
2025-11-08 12:25:34,075 - INFO - Range retouched at 2025-09-02 13:29:00; re-arming breakout logic.
2025-11-08 12:25:34,120 - INFO - Bull pivot (touch) at 2025-09-02 13:30:00: close 24690.6 > range_high 24685.3 and low 24681.75 <= range_high
2025-11-08 12:25:34,127 - INFO - LONG entry signal at 2025-09-02 13:31:00 crossing pivot_high=24685.3 SL=24660.6147 (entry_price=24685.3, pct_stop=0.1)
2025-11-08 12:25:34,148 - INFO - Signal #6: buy at 2025-09-02 13:30:00 close=24697.0 (pending=yes)
2025-11-08 12:25:34,149 - INFO - Processing signal 'buy' at 2025-09-02 13:30:00 price=24697.0 option_data_present=True
2025-11-08 12:25:34,149 - INFO - Closed SHORT position: P&L=0.00
2025-11-08 12:25:34,149 - INFO - Opened LONG position at 24697.0 on 2025-09-02 13:30:00
2025-11-08 12:25:34,149 - INFO - process_signal returned: {'trade_id': 3, 'entry_datetime': Timestamp('2025-09-02 13:15:00'), 'exit_datetime': Timestamp('2025-09-02 13:30:00'), 'entry_price': 24685.3, 'exit_price': 24697.0, 'entry_option_price': np.float64(34.3), 'exit_option_price': np.float64(34.3), 'position_type': 'short', 'action': 'closed', 'position_state': 'closed', 'profit_loss': np.float64(0.0), 'lot_size': 75, 'range_high': 24685.3, 'range_low': 24632.2, 'open_range_completed': True, 'pivot_time': Timestamp('2025-09-02 13:30:00'), 'pivot_high': 24685.3, 'pivot_low': 24632.2, 'pivot_direction': 'bull', 'entry_taken': True, 'daily_trade_taken': True, 'trades_taken_today': 2, 'max_trades_per_day': 3, 'in_position': True, 'stop_loss': 24660.6147, 'stop_loss_pct': 0.1, 'trailing_stop_pct': 0.2, 'trailing_anchor': 24705.55, 'target_pct': 0.5, 'target_price': 24808.726499999997, 'target_locked': False, 'in_entry_window': False, 'require_range_retouch': True, 'require_boundary_touch': True, 'option_symbol': 'NIFTY2590224700CE', 'option_type': 'ATM', 'strike_price': np.float64(24700.0), 'option_price': np.float64(34.3), 'instrument_token': np.int64(12528386)}
2025-11-08 12:25:34,150 - ERROR - Trade processing failed
Traceback (most recent call last):
  File "d:\NSLearn\copy_trader\client\ns_engine\main_new_plot.py", line 563, in _process_trade_for_signal
    self.update_trade_data(candle_dt, price, trade_data)
    ~~~~~~~~~~~~~~~~~~~~~~^^^^^^^^^^^^^^^^^^^^^^^^^^^^^^
  File "d:\NSLearn\copy_trader\client\ns_engine\main_new_plot.py", line 655, in update_trade_data
    self.journal.save_trade(trade_data, {'symbol': self.cfg.symbol, 'instrument_type': self.cfg.instrument_type})
    ~~~~~~~~~~~~~~~~~~~~~~~^^^^^^^^^^^^^^^^^^^^^^^^^^^^^^^^^^^^^^^^^^^^^^^^^^^^^^^^^^^^^^^^^^^^^^^^^^^^^^^^^^^^^^
  File "d:\NSLearn\copy_trader\client\ns_engine\main_new_plot.py", line 202, in save_trade
    df.to_csv(self.trades_csv, index=False)
    ~~~~~~~~~^^^^^^^^^^^^^^^^^^^^^^^^^^^^^^
  File "C:\Users\narasimharao.allaka\AppData\Roaming\Python\Python313\site-packages\pandas\util\_decorators.py", line 333, in wrapper
    return func(*args, **kwargs)
  File "C:\Users\narasimharao.allaka\AppData\Roaming\Python\Python313\site-packages\pandas\core\generic.py", line 3986, in to_csv
    return DataFrameRenderer(formatter).to_csv(
           ~~~~~~~~~~~~~~~~~~~~~~~~~~~~~~~~~~~^
        path_or_buf,
        ^^^^^^^^^^^^
    ...<14 lines>...
        storage_options=storage_options,
        ^^^^^^^^^^^^^^^^^^^^^^^^^^^^^^^^
    )
    ^
  File "C:\Users\narasimharao.allaka\AppData\Roaming\Python\Python313\site-packages\pandas\io\formats\format.py", line 1014, in to_csv
    csv_formatter.save()
    ~~~~~~~~~~~~~~~~~~^^
  File "C:\Users\narasimharao.allaka\AppData\Roaming\Python\Python313\site-packages\pandas\io\formats\csvs.py", line 251, in save
    with get_handle(
         ~~~~~~~~~~^
        self.filepath_or_buffer,
        ^^^^^^^^^^^^^^^^^^^^^^^^
    ...<4 lines>...
        storage_options=self.storage_options,
        ^^^^^^^^^^^^^^^^^^^^^^^^^^^^^^^^^^^^^
    ) as handles:
    ^
  File "C:\Users\narasimharao.allaka\AppData\Roaming\Python\Python313\site-packages\pandas\io\common.py", line 749, in get_handle
    check_parent_directory(str(handle))
    ~~~~~~~~~~~~~~~~~~~~~~^^^^^^^^^^^^^
  File "C:\Users\narasimharao.allaka\AppData\Roaming\Python\Python313\site-packages\pandas\io\common.py", line 616, in check_parent_directory
    raise OSError(rf"Cannot save file into a non-existent directory: '{parent}'")
OSError: Cannot save file into a non-existent directory: 'd:\NSLearn\copy_trader\client\csv\output'
2025-11-08 12:25:34,282 - INFO - LONG stop EXIT (early check) at 2025-09-02 13:42:00 stop=24660.6147
2025-11-08 12:25:34,288 - INFO - Range retouched at 2025-09-02 13:43:00; re-arming breakout logic.
2025-11-08 12:25:34,296 - INFO - Signal #7: sell at 2025-09-02 13:40:00 close=24655.05 (pending=yes)
2025-11-08 12:25:34,296 - INFO - Processing signal 'sell' at 2025-09-02 13:40:00 price=24655.05 option_data_present=True
2025-11-08 12:25:34,296 - INFO - PL% threshold reached (-23.32%), auto-closing long position
2025-11-08 12:25:34,296 - INFO - Closed LONG position: P&L=-600.00
2025-11-08 12:25:34,296 - INFO - process_signal returned: {'trade_id': 4, 'entry_datetime': Timestamp('2025-09-02 13:30:00'), 'exit_datetime': Timestamp('2025-09-02 13:40:00'), 'entry_price': 24685.3, 'exit_price': 24655.05, 'entry_option_price': np.float64(34.3), 'exit_option_price': np.float64(26.3), 'position_type': 'long', 'action': 'closed', 'position_state': 'closed', 'profit_loss': np.float64(-599.9999999999998), 'lot_size': 75, 'range_high': 24685.3, 'range_low': 24632.2, 'open_range_completed': True, 'pivot_time': Timestamp('2025-09-02 09:29:00'), 'pivot_high': 24685.3, 'pivot_low': 24632.2, 'pivot_direction': None, 'entry_taken': True, 'daily_trade_taken': True, 'trades_taken_today': 2, 'max_trades_per_day': 3, 'in_position': False, 'stop_loss': 24660.6147, 'stop_loss_pct': 0.1, 'trailing_stop_pct': 0.2, 'trailing_anchor': 24705.55, 'target_pct': 0.5, 'target_price': 24808.726499999997, 'target_locked': False, 'in_entry_window': False, 'require_range_retouch': False, 'require_boundary_touch': True, 'option_symbol': 'NIFTY2590224700CE', 'option_type': 'ATM', 'strike_price': np.float64(24700.0), 'option_price': np.float64(26.3), 'instrument_token': np.int64(12528386)}
2025-11-08 12:25:34,298 - ERROR - Trade processing failed
Traceback (most recent call last):
  File "d:\NSLearn\copy_trader\client\ns_engine\main_new_plot.py", line 563, in _process_trade_for_signal
    self.update_trade_data(candle_dt, price, trade_data)
    ~~~~~~~~~~~~~~~~~~~~~~^^^^^^^^^^^^^^^^^^^^^^^^^^^^^^
  File "d:\NSLearn\copy_trader\client\ns_engine\main_new_plot.py", line 655, in update_trade_data
    self.journal.save_trade(trade_data, {'symbol': self.cfg.symbol, 'instrument_type': self.cfg.instrument_type})
    ~~~~~~~~~~~~~~~~~~~~~~~^^^^^^^^^^^^^^^^^^^^^^^^^^^^^^^^^^^^^^^^^^^^^^^^^^^^^^^^^^^^^^^^^^^^^^^^^^^^^^^^^^^^^^
  File "d:\NSLearn\copy_trader\client\ns_engine\main_new_plot.py", line 202, in save_trade
    df.to_csv(self.trades_csv, index=False)
    ~~~~~~~~~^^^^^^^^^^^^^^^^^^^^^^^^^^^^^^
  File "C:\Users\narasimharao.allaka\AppData\Roaming\Python\Python313\site-packages\pandas\util\_decorators.py", line 333, in wrapper
    return func(*args, **kwargs)
  File "C:\Users\narasimharao.allaka\AppData\Roaming\Python\Python313\site-packages\pandas\core\generic.py", line 3986, in to_csv
    return DataFrameRenderer(formatter).to_csv(
           ~~~~~~~~~~~~~~~~~~~~~~~~~~~~~~~~~~~^
        path_or_buf,
        ^^^^^^^^^^^^
    ...<14 lines>...
        storage_options=storage_options,
        ^^^^^^^^^^^^^^^^^^^^^^^^^^^^^^^^
    )
    ^
  File "C:\Users\narasimharao.allaka\AppData\Roaming\Python\Python313\site-packages\pandas\io\formats\format.py", line 1014, in to_csv
    csv_formatter.save()
    ~~~~~~~~~~~~~~~~~~^^
  File "C:\Users\narasimharao.allaka\AppData\Roaming\Python\Python313\site-packages\pandas\io\formats\csvs.py", line 251, in save
    with get_handle(
         ~~~~~~~~~~^
        self.filepath_or_buffer,
        ^^^^^^^^^^^^^^^^^^^^^^^^
    ...<4 lines>...
        storage_options=self.storage_options,
        ^^^^^^^^^^^^^^^^^^^^^^^^^^^^^^^^^^^^^
    ) as handles:
    ^
  File "C:\Users\narasimharao.allaka\AppData\Roaming\Python\Python313\site-packages\pandas\io\common.py", line 749, in get_handle
    check_parent_directory(str(handle))
    ~~~~~~~~~~~~~~~~~~~~~~^^^^^^^^^^^^^
  File "C:\Users\narasimharao.allaka\AppData\Roaming\Python\Python313\site-packages\pandas\io\common.py", line 616, in check_parent_directory
    raise OSError(rf"Cannot save file into a non-existent directory: '{parent}'")
OSError: Cannot save file into a non-existent directory: 'd:\NSLearn\copy_trader\client\csv\output'
2025-11-08 12:25:34,513 - INFO - Bear pivot (touch) at 2025-09-02 13:54:00: close 24627.7 < range_low 24632.2 and high 24644.15 >= range_low
2025-11-08 12:25:34,515 - INFO - SHORT entry signal at 2025-09-02 13:55:00 crossing pivot_low=24632.2 SL=24656.832199999997 (entry_price=24632.2, pct_stop=0.1)
2025-11-08 12:25:34,515 - INFO - Signal #8: sell at 2025-09-02 13:50:00 close=24627.7 (pending=no)
2025-11-08 12:25:34,583 - INFO - Processing signal 'sell' at 2025-09-02 13:50:00 price=24627.7 option_data_present=True
2025-11-08 12:25:34,583 - INFO - Opened SHORT position at 24627.7 on 2025-09-02 13:50:00
2025-11-08 12:25:34,583 - INFO - process_signal returned: None
2025-11-08 12:25:34,631 - INFO - SHORT pct trail move: stop 24656.832199999997 -> 24650.1519 at 2025-09-02 13:55:00
2025-11-08 12:25:34,639 - INFO - SHORT pct trail move: stop 24650.1519 -> 24642.837300000003 at 2025-09-02 13:56:00
2025-11-08 12:25:34,658 - INFO - SHORT pct trail move: stop 24642.837300000003 -> 24632.717099999998 at 2025-09-02 13:59:00
2025-11-08 12:25:34,706 - INFO - SHORT pct trail move: stop 24632.717099999998 -> 24629.059800000003 at 2025-09-02 14:00:00
2025-11-08 12:25:34,719 - INFO - SHORT pct trail move: stop 24629.059800000003 -> 24626.4045 at 2025-09-02 14:02:00
2025-11-08 12:25:35,479 - INFO - SHORT pct trail move: stop 24626.4045 -> 24608.619 at 2025-09-02 14:03:00
2025-11-08 12:25:35,485 - INFO - SHORT pct trail move: stop 24608.619 -> 24604.5108 at 2025-09-02 14:04:00
2025-11-08 12:25:35,542 - INFO - SHORT pct trail move: stop 24604.5108 -> 24594.591 at 2025-09-02 14:06:00
2025-11-08 12:25:35,549 - INFO - SHORT pct trail move: stop 24594.591 -> 24586.725300000002 at 2025-09-02 14:07:00
2025-11-08 12:25:35,611 - INFO - SHORT stop EXIT (early check) at 2025-09-02 14:10:00 stop=24586.725300000002
2025-11-08 12:25:35,637 - INFO - Signal #9: buy at 2025-09-02 14:10:00 close=24561.3 (pending=yes)
2025-11-08 12:25:35,638 - INFO - Processing signal 'buy' at 2025-09-02 14:10:00 price=24561.3 option_data_present=True
2025-11-08 12:25:35,638 - INFO - PL% threshold reached (-100.00%), auto-closing short position
2025-11-08 12:25:35,638 - INFO - Closed SHORT position: P&L=3142.50
2025-11-08 12:25:35,638 - INFO - process_signal returned: {'trade_id': 5, 'entry_datetime': Timestamp('2025-09-02 13:50:00'), 'exit_datetime': Timestamp('2025-09-02 14:10:00'), 'entry_price': 24632.2, 'exit_price': 24561.3, 'entry_option_price': np.float64(41.9), 'exit_option_price': np.float64(83.8), 'position_type': 'short', 'action': 'closed', 'position_state': 'closed', 'profit_loss': np.float64(3142.5), 'lot_size': 75, 'range_high': 24685.3, 'range_low': 24632.2, 'open_range_completed': True, 'pivot_time': Timestamp('2025-09-02 13:54:00'), 'pivot_high': 24685.3, 'pivot_low': 24632.2, 'pivot_direction': 'bear', 'entry_taken': True, 'daily_trade_taken': True, 'trades_taken_today': 3, 'max_trades_per_day': 3, 'in_position': False, 'stop_loss': 24586.725300000002, 'stop_loss_pct': 0.1, 'trailing_stop_pct': 0.2, 'trailing_anchor': 24537.65, 'target_pct': 0.5, 'target_price': 24509.039, 'target_locked': False, 'in_entry_window': False, 'require_range_retouch': True, 'require_boundary_touch': True, 'option_symbol': 'NIFTY2590224650PE', 'option_type': 'ITM', 'strike_price': np.float64(24650.0), 'option_price': np.float64(83.8), 'instrument_token': np.int64(12528130)}
2025-11-08 12:25:35,640 - ERROR - Trade processing failed
Traceback (most recent call last):
  File "d:\NSLearn\copy_trader\client\ns_engine\main_new_plot.py", line 563, in _process_trade_for_signal
    self.update_trade_data(candle_dt, price, trade_data)
    ~~~~~~~~~~~~~~~~~~~~~~^^^^^^^^^^^^^^^^^^^^^^^^^^^^^^
  File "d:\NSLearn\copy_trader\client\ns_engine\main_new_plot.py", line 655, in update_trade_data
    self.journal.save_trade(trade_data, {'symbol': self.cfg.symbol, 'instrument_type': self.cfg.instrument_type})
    ~~~~~~~~~~~~~~~~~~~~~~~^^^^^^^^^^^^^^^^^^^^^^^^^^^^^^^^^^^^^^^^^^^^^^^^^^^^^^^^^^^^^^^^^^^^^^^^^^^^^^^^^^^^^^
  File "d:\NSLearn\copy_trader\client\ns_engine\main_new_plot.py", line 202, in save_trade
    df.to_csv(self.trades_csv, index=False)
    ~~~~~~~~~^^^^^^^^^^^^^^^^^^^^^^^^^^^^^^
  File "C:\Users\narasimharao.allaka\AppData\Roaming\Python\Python313\site-packages\pandas\util\_decorators.py", line 333, in wrapper
    return func(*args, **kwargs)
  File "C:\Users\narasimharao.allaka\AppData\Roaming\Python\Python313\site-packages\pandas\core\generic.py", line 3986, in to_csv
    return DataFrameRenderer(formatter).to_csv(
           ~~~~~~~~~~~~~~~~~~~~~~~~~~~~~~~~~~~^
        path_or_buf,
        ^^^^^^^^^^^^
    ...<14 lines>...
        storage_options=storage_options,
        ^^^^^^^^^^^^^^^^^^^^^^^^^^^^^^^^
    )
    ^
  File "C:\Users\narasimharao.allaka\AppData\Roaming\Python\Python313\site-packages\pandas\io\formats\format.py", line 1014, in to_csv
    csv_formatter.save()
    ~~~~~~~~~~~~~~~~~~^^
  File "C:\Users\narasimharao.allaka\AppData\Roaming\Python\Python313\site-packages\pandas\io\formats\csvs.py", line 251, in save
    with get_handle(
         ~~~~~~~~~~^
        self.filepath_or_buffer,
        ^^^^^^^^^^^^^^^^^^^^^^^^
    ...<4 lines>...
        storage_options=self.storage_options,
        ^^^^^^^^^^^^^^^^^^^^^^^^^^^^^^^^^^^^^
    ) as handles:
    ^
  File "C:\Users\narasimharao.allaka\AppData\Roaming\Python\Python313\site-packages\pandas\io\common.py", line 749, in get_handle
    check_parent_directory(str(handle))
    ~~~~~~~~~~~~~~~~~~~~~~^^^^^^^^^^^^^
  File "C:\Users\narasimharao.allaka\AppData\Roaming\Python\Python313\site-packages\pandas\io\common.py", line 616, in check_parent_directory
    raise OSError(rf"Cannot save file into a non-existent directory: '{parent}'")
OSError: Cannot save file into a non-existent directory: 'd:\NSLearn\copy_trader\client\csv\output'
2025-11-08 12:25:36,878 - INFO - New trading day detected: 2025-09-03. Resetting ORB state.
2025-11-08 12:25:36,881 - INFO - New trading day detected: 2025-09-02. Resetting ORB state.
2025-11-08 12:25:52,888 - INFO - New trading day detected: 2025-09-03. Resetting ORB state.
2025-11-08 12:25:55,787 - INFO - ORB range finalized at 2025-09-03 09:29:00: HIGH=24616.5 LOW=24533.3
2025-11-08 12:25:58,502 - INFO - Bull pivot (touch) at 2025-09-03 12:11:00: close 24621.05 > range_high 24616.5 and low 24610.5 <= range_high
2025-11-08 12:25:58,588 - INFO - LONG entry signal at 2025-09-03 12:12:00 crossing pivot_high=24616.5 SL=24591.8835 (entry_price=24616.5, pct_stop=0.1)
2025-11-08 12:25:58,602 - INFO - Signal #10: buy at 2025-09-03 12:10:00 close=24630.55 (pending=yes)
2025-11-08 12:25:58,603 - INFO - Processing signal 'buy' at 2025-09-03 12:10:00 price=24630.55 option_data_present=True
2025-11-08 12:25:58,603 - INFO - Opened LONG position at 24630.55 on 2025-09-03 12:10:00
2025-11-08 12:25:58,603 - INFO - process_signal returned: None
2025-11-08 12:25:58,755 - INFO - LONG pct trail move: stop 24591.8835 -> 24593.5144 at 2025-09-03 12:21:00
2025-11-08 12:25:58,761 - INFO - LONG pct trail move: stop 24593.5144 -> 24599.1032 at 2025-09-03 12:22:00
2025-11-08 12:25:59,095 - INFO - LONG pct trail move: stop 24599.1032 -> 24599.4026 at 2025-09-03 12:41:00
2025-11-08 12:25:59,361 - INFO - LONG stop EXIT (early check) at 2025-09-03 12:57:00 stop=24599.4026
2025-11-08 12:25:59,368 - INFO - Range retouched at 2025-09-03 12:58:00; re-arming breakout logic.
2025-11-08 12:25:59,376 - INFO - Signal #11: sell at 2025-09-03 12:55:00 close=24599.25 (pending=yes)
2025-11-08 12:25:59,377 - INFO - Processing signal 'sell' at 2025-09-03 12:55:00 price=24599.25 option_data_present=True
2025-11-08 12:25:59,377 - INFO - PL% threshold reached (-10.47%), auto-closing long position
2025-11-08 12:25:59,377 - INFO - Closed LONG position: P&L=-952.50
2025-11-08 12:25:59,377 - INFO - process_signal returned: {'trade_id': 6, 'entry_datetime': Timestamp('2025-09-03 12:10:00'), 'exit_datetime': Timestamp('2025-09-03 12:55:00'), 'entry_price': 24616.5, 'exit_price': 24599.25, 'entry_option_price': np.float64(121.25), 'exit_option_price': np.float64(108.55), 'position_type': 'long', 'action': 'closed', 'position_state': 'closed', 'profit_loss': np.float64(-952.5000000000002), 'lot_size': 75, 'range_high': 24616.5, 'range_low': 24533.3, 'open_range_completed': True, 'pivot_time': Timestamp('2025-09-03 09:29:00'), 'pivot_high': 24616.5, 'pivot_low': 24533.3, 'pivot_direction': None, 'entry_taken': True, 'daily_trade_taken': True, 'trades_taken_today': 1, 'max_trades_per_day': 3, 'in_position': False, 'stop_loss': 24599.4026, 'stop_loss_pct': 0.1, 'trailing_stop_pct': 0.2, 'trailing_anchor': 24648.7, 'target_pct': 0.5, 'target_price': 24739.582499999997, 'target_locked': False, 'in_entry_window': False, 'require_range_retouch': False, 'require_boundary_touch': True, 'option_symbol': 'NIFTY2590924650CE', 'option_type': 'OTM', 'strike_price': np.float64(24650.0), 'option_price': np.float64(108.55), 'instrument_token': np.int64(10386434)}
2025-11-08 12:25:59,378 - ERROR - Trade processing failed
Traceback (most recent call last):
  File "d:\NSLearn\copy_trader\client\ns_engine\main_new_plot.py", line 563, in _process_trade_for_signal
    self.update_trade_data(candle_dt, price, trade_data)
    ~~~~~~~~~~~~~~~~~~~~~~^^^^^^^^^^^^^^^^^^^^^^^^^^^^^^
  File "d:\NSLearn\copy_trader\client\ns_engine\main_new_plot.py", line 655, in update_trade_data
    self.journal.save_trade(trade_data, {'symbol': self.cfg.symbol, 'instrument_type': self.cfg.instrument_type})
    ~~~~~~~~~~~~~~~~~~~~~~~^^^^^^^^^^^^^^^^^^^^^^^^^^^^^^^^^^^^^^^^^^^^^^^^^^^^^^^^^^^^^^^^^^^^^^^^^^^^^^^^^^^^^^
  File "d:\NSLearn\copy_trader\client\ns_engine\main_new_plot.py", line 202, in save_trade
    df.to_csv(self.trades_csv, index=False)
    ~~~~~~~~~^^^^^^^^^^^^^^^^^^^^^^^^^^^^^^
  File "C:\Users\narasimharao.allaka\AppData\Roaming\Python\Python313\site-packages\pandas\util\_decorators.py", line 333, in wrapper
    return func(*args, **kwargs)
  File "C:\Users\narasimharao.allaka\AppData\Roaming\Python\Python313\site-packages\pandas\core\generic.py", line 3986, in to_csv
    return DataFrameRenderer(formatter).to_csv(
           ~~~~~~~~~~~~~~~~~~~~~~~~~~~~~~~~~~~^
        path_or_buf,
        ^^^^^^^^^^^^
    ...<14 lines>...
        storage_options=storage_options,
        ^^^^^^^^^^^^^^^^^^^^^^^^^^^^^^^^
    )
    ^
  File "C:\Users\narasimharao.allaka\AppData\Roaming\Python\Python313\site-packages\pandas\io\formats\format.py", line 1014, in to_csv
    csv_formatter.save()
    ~~~~~~~~~~~~~~~~~~^^
  File "C:\Users\narasimharao.allaka\AppData\Roaming\Python\Python313\site-packages\pandas\io\formats\csvs.py", line 251, in save
    with get_handle(
         ~~~~~~~~~~^
        self.filepath_or_buffer,
        ^^^^^^^^^^^^^^^^^^^^^^^^
    ...<4 lines>...
        storage_options=self.storage_options,
        ^^^^^^^^^^^^^^^^^^^^^^^^^^^^^^^^^^^^^
    ) as handles:
    ^
  File "C:\Users\narasimharao.allaka\AppData\Roaming\Python\Python313\site-packages\pandas\io\common.py", line 749, in get_handle
    check_parent_directory(str(handle))
    ~~~~~~~~~~~~~~~~~~~~~~^^^^^^^^^^^^^
  File "C:\Users\narasimharao.allaka\AppData\Roaming\Python\Python313\site-packages\pandas\io\common.py", line 616, in check_parent_directory
    raise OSError(rf"Cannot save file into a non-existent directory: '{parent}'")
OSError: Cannot save file into a non-existent directory: 'd:\NSLearn\copy_trader\client\csv\output'
2025-11-08 12:25:59,797 - INFO - Bull pivot (touch) at 2025-09-03 13:20:00: close 24617.05 > range_high 24616.5 and low 24615.0 <= range_high
2025-11-08 12:25:59,803 - INFO - LONG entry signal at 2025-09-03 13:21:00 crossing pivot_high=24616.5 SL=24591.8835 (entry_price=24616.5, pct_stop=0.1)
2025-11-08 12:25:59,824 - INFO - Signal #12: buy at 2025-09-03 13:20:00 close=24612.0 (pending=yes)
2025-11-08 12:25:59,825 - INFO - Processing signal 'buy' at 2025-09-03 13:20:00 price=24612.0 option_data_present=True
2025-11-08 12:25:59,825 - INFO - Opened LONG position at 24612.0 on 2025-09-03 13:20:00
2025-11-08 12:25:59,825 - INFO - process_signal returned: None
2025-11-08 12:26:00,355 - INFO - LONG pct trail move: stop 24591.8835 -> 24593.4146 at 2025-09-03 13:50:00
2025-11-08 12:26:00,362 - INFO - LONG pct trail move: stop 24593.4146 -> 24595.111200000003 at 2025-09-03 13:51:00
2025-11-08 12:26:00,374 - INFO - LONG pct trail move: stop 24595.111200000003 -> 24598.9036 at 2025-09-03 13:53:00
2025-11-08 12:26:00,455 - INFO - LONG pct trail move: stop 24598.9036 -> 24600.0014 at 2025-09-03 13:56:00
2025-11-08 12:26:00,461 - INFO - LONG pct trail move: stop 24600.0014 -> 24600.350700000003 at 2025-09-03 13:57:00
2025-11-08 12:26:00,468 - INFO - LONG pct trail move: stop 24600.350700000003 -> 24604.4425 at 2025-09-03 13:58:00
2025-11-08 12:26:00,474 - INFO - LONG pct trail move: stop 24604.4425 -> 24605.2409 at 2025-09-03 13:59:00
2025-11-08 12:26:00,541 - INFO - LONG pct trail move: stop 24605.2409 -> 24605.7399 at 2025-09-03 14:00:00
2025-11-08 12:26:00,643 - INFO - LONG pct trail move: stop 24605.7399 -> 24610.181 at 2025-09-03 14:07:00
2025-11-08 12:26:00,649 - INFO - LONG pct trail move: stop 24610.181 -> 24610.4804 at 2025-09-03 14:08:00
2025-11-08 12:26:00,655 - INFO - LONG pct trail move: stop 24610.4804 -> 24614.073200000003 at 2025-09-03 14:09:00
2025-11-08 12:26:00,723 - INFO - LONG pct trail move: stop 24614.073200000003 -> 24624.0033 at 2025-09-03 14:10:00
2025-11-08 12:26:01,087 - INFO - LONG pct trail move: stop 24624.0033 -> 24624.7019 at 2025-09-03 14:30:00
2025-11-08 12:26:01,520 - INFO - LONG pct trail move: stop 24624.7019 -> 24628.793700000002 at 2025-09-03 14:31:00
2025-11-08 12:26:01,527 - INFO - LONG pct trail move: stop 24628.793700000002 -> 24630.190899999998 at 2025-09-03 14:32:00
2025-11-08 12:26:01,608 - INFO - LONG pct trail move: stop 24630.190899999998 -> 24630.64 at 2025-09-03 14:35:00
2025-11-08 12:26:01,928 - INFO - LONG pct trail move: stop 24630.64 -> 24635.729799999997 at 2025-09-03 14:53:00
2025-11-08 12:26:01,934 - INFO - LONG pct trail move: stop 24635.729799999997 -> 24635.8296 at 2025-09-03 14:54:00
2025-11-08 12:26:02,098 - INFO - LONG pct trail move: stop 24635.8296 -> 24639.7218 at 2025-09-03 15:00:00
2025-11-08 12:26:02,104 - INFO - LONG pct trail move: stop 24639.7218 -> 24640.969299999997 at 2025-09-03 15:01:00
2025-11-08 12:26:02,110 - INFO - LONG pct trail move: stop 24640.969299999997 -> 24646.757700000002 at 2025-09-03 15:02:00
2025-11-08 12:26:02,116 - INFO - LONG pct trail move: stop 24646.757700000002 -> 24653.743700000003 at 2025-09-03 15:03:00
2025-11-08 12:26:02,122 - INFO - LONG pct trail move: stop 24653.743700000003 -> 24653.8934 at 2025-09-03 15:04:00
2025-11-08 12:26:02,124 - INFO - LONG pct trail move: stop 24653.8934 -> 24654.192799999997 at 2025-09-03 15:05:00
2025-11-08 12:26:02,125 - INFO - Closed LONG position: P&L=2403.75
2025-11-08 12:26:02,126 - ERROR - Failed to enforce session constraints
Traceback (most recent call last):
  File "d:\NSLearn\copy_trader\client\ns_engine\main_new_plot.py", line 778, in close_trade_on_endtime
    self.update_trade_data(candle_dt, price, trade_data)
    ~~~~~~~~~~~~~~~~~~~~~~^^^^^^^^^^^^^^^^^^^^^^^^^^^^^^
  File "d:\NSLearn\copy_trader\client\ns_engine\main_new_plot.py", line 655, in update_trade_data
    self.journal.save_trade(trade_data, {'symbol': self.cfg.symbol, 'instrument_type': self.cfg.instrument_type})
    ~~~~~~~~~~~~~~~~~~~~~~~^^^^^^^^^^^^^^^^^^^^^^^^^^^^^^^^^^^^^^^^^^^^^^^^^^^^^^^^^^^^^^^^^^^^^^^^^^^^^^^^^^^^^^
  File "d:\NSLearn\copy_trader\client\ns_engine\main_new_plot.py", line 202, in save_trade
    df.to_csv(self.trades_csv, index=False)
    ~~~~~~~~~^^^^^^^^^^^^^^^^^^^^^^^^^^^^^^
  File "C:\Users\narasimharao.allaka\AppData\Roaming\Python\Python313\site-packages\pandas\util\_decorators.py", line 333, in wrapper
    return func(*args, **kwargs)
  File "C:\Users\narasimharao.allaka\AppData\Roaming\Python\Python313\site-packages\pandas\core\generic.py", line 3986, in to_csv
    return DataFrameRenderer(formatter).to_csv(
           ~~~~~~~~~~~~~~~~~~~~~~~~~~~~~~~~~~~^
        path_or_buf,
        ^^^^^^^^^^^^
    ...<14 lines>...
        storage_options=storage_options,
        ^^^^^^^^^^^^^^^^^^^^^^^^^^^^^^^^
    )
    ^
  File "C:\Users\narasimharao.allaka\AppData\Roaming\Python\Python313\site-packages\pandas\io\formats\format.py", line 1014, in to_csv
    csv_formatter.save()
    ~~~~~~~~~~~~~~~~~~^^
  File "C:\Users\narasimharao.allaka\AppData\Roaming\Python\Python313\site-packages\pandas\io\formats\csvs.py", line 251, in save
    with get_handle(
         ~~~~~~~~~~^
        self.filepath_or_buffer,
        ^^^^^^^^^^^^^^^^^^^^^^^^
    ...<4 lines>...
        storage_options=self.storage_options,
        ^^^^^^^^^^^^^^^^^^^^^^^^^^^^^^^^^^^^^
    ) as handles:
    ^
  File "C:\Users\narasimharao.allaka\AppData\Roaming\Python\Python313\site-packages\pandas\io\common.py", line 749, in get_handle
    check_parent_directory(str(handle))
    ~~~~~~~~~~~~~~~~~~~~~~^^^^^^^^^^^^^
  File "C:\Users\narasimharao.allaka\AppData\Roaming\Python\Python313\site-packages\pandas\io\common.py", line 616, in check_parent_directory
    raise OSError(rf"Cannot save file into a non-existent directory: '{parent}'")
OSError: Cannot save file into a non-existent directory: 'd:\NSLearn\copy_trader\client\csv\output'
2025-11-08 12:26:02,193 - INFO - LONG pct trail move: stop 24654.192799999997 -> 24656.8375 at 2025-09-03 15:05:00
2025-11-08 12:26:02,199 - INFO - LONG pct trail move: stop 24656.8375 -> 24658.8335 at 2025-09-03 15:06:00
2025-11-08 12:26:02,205 - INFO - LONG pct trail move: stop 24658.8335 -> 24660.9293 at 2025-09-03 15:07:00
2025-11-08 12:26:02,217 - INFO - LONG pct trail move: stop 24660.9293 -> 24664.921299999998 at 2025-09-03 15:09:00
2025-11-08 12:26:02,219 - INFO - LONG pct trail move: stop 24664.921299999998 -> 24667.6159 at 2025-09-03 15:10:00
2025-11-08 12:26:02,285 - INFO - LONG pct trail move: stop 24667.6159 -> 24674.8015 at 2025-09-03 15:10:00
2025-11-08 12:26:02,721 - INFO - LONG pct trail move: stop 24674.8015 -> 24681.2386 at 2025-09-03 15:11:00
2025-11-08 12:26:02,728 - INFO - LONG pct trail move: stop 24681.2386 -> 24682.6857 at 2025-09-03 15:12:00
2025-11-08 12:26:02,734 - INFO - LONG pct trail move: stop 24682.6857 -> 24687.1268 at 2025-09-03 15:13:00
2025-11-08 12:26:03,074 - INFO - New trading day detected: 2025-09-04. Resetting ORB state.
2025-11-08 12:26:03,076 - INFO - New trading day detected: 2025-09-03. Resetting ORB state.
2025-11-08 12:26:21,446 - INFO - New trading day detected: 2025-09-04. Resetting ORB state.
2025-11-08 12:26:23,657 - INFO - ORB range finalized at 2025-09-04 09:29:00: HIGH=24980.75 LOW=24848.15
2025-11-08 12:26:24,529 - INFO - Bear pivot (touch) at 2025-09-04 10:13:00: close 24843.65 < range_low 24848.15 and high 24849.0 >= range_low
2025-11-08 12:26:24,536 - INFO - SHORT entry signal at 2025-09-04 10:14:00 crossing pivot_low=24848.15 SL=24872.99815 (entry_price=24848.15, pct_stop=0.1)
2025-11-08 12:26:24,538 - INFO - Signal #13: sell at 2025-09-04 10:10:00 close=24835.7 (pending=yes)
2025-11-08 12:26:24,539 - INFO - Processing signal 'sell' at 2025-09-04 10:10:00 price=24835.7 option_data_present=True
2025-11-08 12:26:24,539 - INFO - Opened SHORT position at 24835.7 on 2025-09-04 10:10:00
2025-11-08 12:26:24,539 - INFO - process_signal returned: None
2025-11-08 12:26:24,725 - INFO - SHORT stop EXIT (early check) at 2025-09-04 10:22:00 stop=24872.99815
2025-11-08 12:26:24,731 - INFO - Range retouched at 2025-09-04 10:23:00; re-arming breakout logic.
2025-11-08 12:26:24,739 - INFO - Signal #14: buy at 2025-09-04 10:20:00 close=24873.75 (pending=yes)
2025-11-08 12:26:24,740 - INFO - Processing signal 'buy' at 2025-09-04 10:20:00 price=24873.75 option_data_present=True
2025-11-08 12:26:24,740 - INFO - Closed SHORT position: P&L=0.00
2025-11-08 12:26:24,740 - INFO - Opened LONG position at 24873.75 on 2025-09-04 10:20:00
2025-11-08 12:26:24,740 - INFO - process_signal returned: {'trade_id': 8, 'entry_datetime': Timestamp('2025-09-04 10:10:00'), 'exit_datetime': Timestamp('2025-09-04 10:20:00'), 'entry_price': 24848.15, 'exit_price': 24873.75, 'entry_option_price': np.float64(96.1), 'exit_option_price': np.float64(96.1), 'position_type': 'short', 'action': 'closed', 'position_state': 'closed', 'profit_loss': np.float64(0.0), 'lot_size': 75, 'range_high': 24980.75, 'range_low': 24848.15, 'open_range_completed': True, 'pivot_time': Timestamp('2025-09-04 09:29:00'), 'pivot_high': 24980.75, 'pivot_low': 24848.15, 'pivot_direction': None, 'entry_taken': True, 'daily_trade_taken': True, 'trades_taken_today': 1, 'max_trades_per_day': 3, 'in_position': False, 'stop_loss': 24872.99815, 'stop_loss_pct': 0.1, 'trailing_stop_pct': 0.2, 'trailing_anchor': 24830.2, 'target_pct': 0.5, 'target_price': 24723.90925, 'target_locked': False, 'in_entry_window': False, 'require_range_retouch': False, 'require_boundary_touch': True, 'option_symbol': 'NIFTY2590924850PE', 'option_type': 'ATM', 'strike_price': np.float64(24850.0), 'option_price': np.float64(96.1), 'instrument_token': np.int64(10389506)}
2025-11-08 12:26:24,741 - ERROR - Trade processing failed
Traceback (most recent call last):
  File "d:\NSLearn\copy_trader\client\ns_engine\main_new_plot.py", line 563, in _process_trade_for_signal
    self.update_trade_data(candle_dt, price, trade_data)
    ~~~~~~~~~~~~~~~~~~~~~~^^^^^^^^^^^^^^^^^^^^^^^^^^^^^^
  File "d:\NSLearn\copy_trader\client\ns_engine\main_new_plot.py", line 655, in update_trade_data
    self.journal.save_trade(trade_data, {'symbol': self.cfg.symbol, 'instrument_type': self.cfg.instrument_type})
    ~~~~~~~~~~~~~~~~~~~~~~~^^^^^^^^^^^^^^^^^^^^^^^^^^^^^^^^^^^^^^^^^^^^^^^^^^^^^^^^^^^^^^^^^^^^^^^^^^^^^^^^^^^^^^
  File "d:\NSLearn\copy_trader\client\ns_engine\main_new_plot.py", line 202, in save_trade
    df.to_csv(self.trades_csv, index=False)
    ~~~~~~~~~^^^^^^^^^^^^^^^^^^^^^^^^^^^^^^
  File "C:\Users\narasimharao.allaka\AppData\Roaming\Python\Python313\site-packages\pandas\util\_decorators.py", line 333, in wrapper
    return func(*args, **kwargs)
  File "C:\Users\narasimharao.allaka\AppData\Roaming\Python\Python313\site-packages\pandas\core\generic.py", line 3986, in to_csv
    return DataFrameRenderer(formatter).to_csv(
           ~~~~~~~~~~~~~~~~~~~~~~~~~~~~~~~~~~~^
        path_or_buf,
        ^^^^^^^^^^^^
    ...<14 lines>...
        storage_options=storage_options,
        ^^^^^^^^^^^^^^^^^^^^^^^^^^^^^^^^
    )
    ^
  File "C:\Users\narasimharao.allaka\AppData\Roaming\Python\Python313\site-packages\pandas\io\formats\format.py", line 1014, in to_csv
    csv_formatter.save()
    ~~~~~~~~~~~~~~~~~~^^
  File "C:\Users\narasimharao.allaka\AppData\Roaming\Python\Python313\site-packages\pandas\io\formats\csvs.py", line 251, in save
    with get_handle(
         ~~~~~~~~~~^
        self.filepath_or_buffer,
        ^^^^^^^^^^^^^^^^^^^^^^^^
    ...<4 lines>...
        storage_options=self.storage_options,
        ^^^^^^^^^^^^^^^^^^^^^^^^^^^^^^^^^^^^^
    ) as handles:
    ^
  File "C:\Users\narasimharao.allaka\AppData\Roaming\Python\Python313\site-packages\pandas\io\common.py", line 749, in get_handle
    check_parent_directory(str(handle))
    ~~~~~~~~~~~~~~~~~~~~~~^^^^^^^^^^^^^
  File "C:\Users\narasimharao.allaka\AppData\Roaming\Python\Python313\site-packages\pandas\io\common.py", line 616, in check_parent_directory
    raise OSError(rf"Cannot save file into a non-existent directory: '{parent}'")
OSError: Cannot save file into a non-existent directory: 'd:\NSLearn\copy_trader\client\csv\output'
2025-11-08 12:26:24,834 - INFO - Bear pivot (touch) at 2025-09-04 10:28:00: close 24846.65 < range_low 24848.15 and high 24853.95 >= range_low
2025-11-08 12:26:24,841 - INFO - SHORT entry signal at 2025-09-04 10:29:00 crossing pivot_low=24848.15 SL=24872.99815 (entry_price=24848.15, pct_stop=0.1)
2025-11-08 12:26:24,842 - INFO - Signal #15: sell at 2025-09-04 10:25:00 close=24846.55 (pending=yes)
2025-11-08 12:26:24,843 - INFO - Processing signal 'sell' at 2025-09-04 10:25:00 price=24846.55 option_data_present=True
2025-11-08 12:26:24,843 - INFO - Closed LONG position: P&L=0.00
2025-11-08 12:26:24,843 - INFO - Opened SHORT position at 24846.55 on 2025-09-04 10:25:00
2025-11-08 12:26:24,843 - INFO - process_signal returned: {'trade_id': 9, 'entry_datetime': Timestamp('2025-09-04 10:20:00'), 'exit_datetime': Timestamp('2025-09-04 10:25:00'), 'entry_price': 24848.15, 'exit_price': 24846.55, 'entry_option_price': np.float64(96.1), 'exit_option_price': np.float64(96.1), 'position_type': 'long', 'action': 'closed', 'position_state': 'closed', 'profit_loss': np.float64(0.0), 'lot_size': 75, 'range_high': 24980.75, 'range_low': 24848.15, 'open_range_completed': True, 'pivot_time': Timestamp('2025-09-04 10:28:00'), 'pivot_high': 24980.75, 'pivot_low': 24848.15, 'pivot_direction': 'bear', 'entry_taken': True, 'daily_trade_taken': True, 'trades_taken_today': 2, 'max_trades_per_day': 3, 'in_position': True, 'stop_loss': 24872.99815, 'stop_loss_pct': 0.1, 'trailing_stop_pct': 0.2, 'trailing_anchor': 24846.3, 'target_pct': 0.5, 'target_price': 24723.90925, 'target_locked': False, 'in_entry_window': False, 'require_range_retouch': True, 'require_boundary_touch': True, 'option_symbol': 'NIFTY2590924850PE', 'option_type': 'ATM', 'strike_price': np.float64(24850.0), 'option_price': np.float64(96.1), 'instrument_token': np.int64(10389506)}
2025-11-08 12:26:24,845 - ERROR - Trade processing failed
Traceback (most recent call last):
  File "d:\NSLearn\copy_trader\client\ns_engine\main_new_plot.py", line 563, in _process_trade_for_signal
    self.update_trade_data(candle_dt, price, trade_data)
    ~~~~~~~~~~~~~~~~~~~~~~^^^^^^^^^^^^^^^^^^^^^^^^^^^^^^
  File "d:\NSLearn\copy_trader\client\ns_engine\main_new_plot.py", line 655, in update_trade_data
    self.journal.save_trade(trade_data, {'symbol': self.cfg.symbol, 'instrument_type': self.cfg.instrument_type})
    ~~~~~~~~~~~~~~~~~~~~~~~^^^^^^^^^^^^^^^^^^^^^^^^^^^^^^^^^^^^^^^^^^^^^^^^^^^^^^^^^^^^^^^^^^^^^^^^^^^^^^^^^^^^^^
  File "d:\NSLearn\copy_trader\client\ns_engine\main_new_plot.py", line 202, in save_trade
    df.to_csv(self.trades_csv, index=False)
    ~~~~~~~~~^^^^^^^^^^^^^^^^^^^^^^^^^^^^^^
  File "C:\Users\narasimharao.allaka\AppData\Roaming\Python\Python313\site-packages\pandas\util\_decorators.py", line 333, in wrapper
    return func(*args, **kwargs)
  File "C:\Users\narasimharao.allaka\AppData\Roaming\Python\Python313\site-packages\pandas\core\generic.py", line 3986, in to_csv
    return DataFrameRenderer(formatter).to_csv(
           ~~~~~~~~~~~~~~~~~~~~~~~~~~~~~~~~~~~^
        path_or_buf,
        ^^^^^^^^^^^^
    ...<14 lines>...
        storage_options=storage_options,
        ^^^^^^^^^^^^^^^^^^^^^^^^^^^^^^^^
    )
    ^
  File "C:\Users\narasimharao.allaka\AppData\Roaming\Python\Python313\site-packages\pandas\io\formats\format.py", line 1014, in to_csv
    csv_formatter.save()
    ~~~~~~~~~~~~~~~~~~^^
  File "C:\Users\narasimharao.allaka\AppData\Roaming\Python\Python313\site-packages\pandas\io\formats\csvs.py", line 251, in save
    with get_handle(
         ~~~~~~~~~~^
        self.filepath_or_buffer,
        ^^^^^^^^^^^^^^^^^^^^^^^^
    ...<4 lines>...
        storage_options=self.storage_options,
        ^^^^^^^^^^^^^^^^^^^^^^^^^^^^^^^^^^^^^
    ) as handles:
    ^
  File "C:\Users\narasimharao.allaka\AppData\Roaming\Python\Python313\site-packages\pandas\io\common.py", line 749, in get_handle
    check_parent_directory(str(handle))
    ~~~~~~~~~~~~~~~~~~~~~~^^^^^^^^^^^^^
  File "C:\Users\narasimharao.allaka\AppData\Roaming\Python\Python313\site-packages\pandas\io\common.py", line 616, in check_parent_directory
    raise OSError(rf"Cannot save file into a non-existent directory: '{parent}'")
OSError: Cannot save file into a non-existent directory: 'd:\NSLearn\copy_trader\client\csv\output'
2025-11-08 12:26:25,605 - INFO - SHORT pct trail move: stop 24872.99815 -> 24871.4937 at 2025-09-04 10:40:00
2025-11-08 12:26:25,611 - INFO - SHORT pct trail move: stop 24871.4937 -> 24858.1671 at 2025-09-04 10:41:00
2025-11-08 12:26:25,617 - INFO - SHORT pct trail move: stop 24858.1671 -> 24854.3595 at 2025-09-04 10:42:00
2025-11-08 12:26:26,421 - INFO - SHORT pct trail move: stop 24854.3595 -> 24853.708199999997 at 2025-09-04 11:22:00
2025-11-08 12:26:26,427 - INFO - SHORT pct trail move: stop 24853.708199999997 -> 24853.608 at 2025-09-04 11:23:00
2025-11-08 12:26:26,434 - INFO - SHORT pct trail move: stop 24853.608 -> 24849.1491 at 2025-09-04 11:24:00
2025-11-08 12:26:27,437 - INFO - SHORT pct trail move: stop 24849.1491 -> 24848.1972 at 2025-09-04 12:11:00
2025-11-08 12:26:27,443 - INFO - SHORT pct trail move: stop 24848.1972 -> 24841.7844 at 2025-09-04 12:12:00
2025-11-08 12:26:27,449 - INFO - SHORT pct trail move: stop 24841.7844 -> 24837.676199999998 at 2025-09-04 12:13:00
2025-11-08 12:26:27,553 - INFO - SHORT pct trail move: stop 24837.676199999998 -> 24834.670199999997 at 2025-09-04 12:18:00
2025-11-08 12:26:27,559 - INFO - SHORT pct trail move: stop 24834.670199999997 -> 24830.8626 at 2025-09-04 12:19:00
2025-11-08 12:26:27,636 - INFO - SHORT pct trail move: stop 24830.8626 -> 24830.712300000003 at 2025-09-04 12:20:00
2025-11-08 12:26:27,642 - INFO - SHORT pct trail move: stop 24830.712300000003 -> 24824.7003 at 2025-09-04 12:21:00
2025-11-08 12:26:27,720 - INFO - SHORT pct trail move: stop 24824.7003 -> 24821.7444 at 2025-09-04 12:22:00
2025-11-08 12:26:27,726 - INFO - SHORT pct trail move: stop 24821.7444 -> 24818.1873 at 2025-09-04 12:23:00
2025-11-08 12:26:27,809 - INFO - SHORT pct trail move: stop 24818.1873 -> 24817.2354 at 2025-09-04 12:25:00
2025-11-08 12:26:28,142 - INFO - SHORT stop EXIT (early check) at 2025-09-04 12:44:00 stop=24817.2354
2025-11-08 12:26:28,143 - INFO - Signal #16: buy at 2025-09-04 12:40:00 close=24819.35 (pending=yes)
2025-11-08 12:26:28,144 - INFO - Processing signal 'buy' at 2025-09-04 12:40:00 price=24819.35 option_data_present=True
2025-11-08 12:26:28,144 - INFO - PL% threshold reached (-10.41%), auto-closing short position
2025-11-08 12:26:28,144 - INFO - Closed SHORT position: P&L=750.00
2025-11-08 12:26:28,144 - INFO - process_signal returned: {'trade_id': 10, 'entry_datetime': Timestamp('2025-09-04 10:25:00'), 'exit_datetime': Timestamp('2025-09-04 12:40:00'), 'entry_price': 24848.15, 'exit_price': 24819.35, 'entry_option_price': np.float64(96.1), 'exit_option_price': np.float64(106.1), 'position_type': 'short', 'action': 'closed', 'position_state': 'closed', 'profit_loss': np.float64(750.0), 'lot_size': 75, 'range_high': 24980.75, 'range_low': 24848.15, 'open_range_completed': True, 'pivot_time': Timestamp('2025-09-04 10:28:00'), 'pivot_high': 24980.75, 'pivot_low': 24848.15, 'pivot_direction': 'bear', 'entry_taken': True, 'daily_trade_taken': True, 'trades_taken_today': 2, 'max_trades_per_day': 3, 'in_position': False, 'stop_loss': 24817.2354, 'stop_loss_pct': 0.1, 'trailing_stop_pct': 0.2, 'trailing_anchor': 24767.7, 'target_pct': 0.5, 'target_price': 24723.90925, 'target_locked': False, 'in_entry_window': False, 'require_range_retouch': True, 'require_boundary_touch': True, 'option_symbol': 'NIFTY2590924850PE', 'option_type': 'ITM', 'strike_price': np.float64(24850.0), 'option_price': np.float64(106.1), 'instrument_token': np.int64(10389506)}
2025-11-08 12:26:28,146 - ERROR - Trade processing failed
Traceback (most recent call last):
  File "d:\NSLearn\copy_trader\client\ns_engine\main_new_plot.py", line 563, in _process_trade_for_signal
    self.update_trade_data(candle_dt, price, trade_data)
    ~~~~~~~~~~~~~~~~~~~~~~^^^^^^^^^^^^^^^^^^^^^^^^^^^^^^
  File "d:\NSLearn\copy_trader\client\ns_engine\main_new_plot.py", line 655, in update_trade_data
    self.journal.save_trade(trade_data, {'symbol': self.cfg.symbol, 'instrument_type': self.cfg.instrument_type})
    ~~~~~~~~~~~~~~~~~~~~~~~^^^^^^^^^^^^^^^^^^^^^^^^^^^^^^^^^^^^^^^^^^^^^^^^^^^^^^^^^^^^^^^^^^^^^^^^^^^^^^^^^^^^^^
  File "d:\NSLearn\copy_trader\client\ns_engine\main_new_plot.py", line 202, in save_trade
    df.to_csv(self.trades_csv, index=False)
    ~~~~~~~~~^^^^^^^^^^^^^^^^^^^^^^^^^^^^^^
  File "C:\Users\narasimharao.allaka\AppData\Roaming\Python\Python313\site-packages\pandas\util\_decorators.py", line 333, in wrapper
    return func(*args, **kwargs)
  File "C:\Users\narasimharao.allaka\AppData\Roaming\Python\Python313\site-packages\pandas\core\generic.py", line 3986, in to_csv
    return DataFrameRenderer(formatter).to_csv(
           ~~~~~~~~~~~~~~~~~~~~~~~~~~~~~~~~~~~^
        path_or_buf,
        ^^^^^^^^^^^^
    ...<14 lines>...
        storage_options=storage_options,
        ^^^^^^^^^^^^^^^^^^^^^^^^^^^^^^^^
    )
    ^
  File "C:\Users\narasimharao.allaka\AppData\Roaming\Python\Python313\site-packages\pandas\io\formats\format.py", line 1014, in to_csv
    csv_formatter.save()
    ~~~~~~~~~~~~~~~~~~^^
  File "C:\Users\narasimharao.allaka\AppData\Roaming\Python\Python313\site-packages\pandas\io\formats\csvs.py", line 251, in save
    with get_handle(
         ~~~~~~~~~~^
        self.filepath_or_buffer,
        ^^^^^^^^^^^^^^^^^^^^^^^^
    ...<4 lines>...
        storage_options=self.storage_options,
        ^^^^^^^^^^^^^^^^^^^^^^^^^^^^^^^^^^^^^
    ) as handles:
    ^
  File "C:\Users\narasimharao.allaka\AppData\Roaming\Python\Python313\site-packages\pandas\io\common.py", line 749, in get_handle
    check_parent_directory(str(handle))
    ~~~~~~~~~~~~~~~~~~~~~~^^^^^^^^^^^^^
  File "C:\Users\narasimharao.allaka\AppData\Roaming\Python\Python313\site-packages\pandas\io\common.py", line 616, in check_parent_directory
    raise OSError(rf"Cannot save file into a non-existent directory: '{parent}'")
OSError: Cannot save file into a non-existent directory: 'd:\NSLearn\copy_trader\client\csv\output'
2025-11-08 12:26:32,745 - INFO - New trading day detected: 2025-09-05. Resetting ORB state.
2025-11-08 12:26:32,747 - INFO - New trading day detected: 2025-09-04. Resetting ORB state.
2025-11-08 12:27:40,213 - INFO - ORB: mapped legacy pl_percent=0.5 to target_pct (explicit target_pct not provided)
2025-11-08 12:27:40,246 - INFO - Starting backtest (close-only execution) for NIFTY
2025-11-08 12:27:42,500 - INFO - Loaded 112651 data points for NIFTY
2025-11-08 12:28:00,491 - INFO - ORB range finalized at 2025-09-01 09:29:00: HIGH=24532.75 LOW=24432.7
2025-11-08 12:28:00,531 - INFO - Bull pivot (touch) at 2025-09-01 09:33:00: close 24535.3 > range_high 24532.75 and low 24528.5 <= range_high
2025-11-08 12:28:00,538 - INFO - LONG entry signal at 2025-09-01 09:34:00 crossing pivot_high=24532.75 SL=24508.21725 (entry_price=24532.75, pct_stop=0.1)
2025-11-08 12:28:00,540 - INFO - Signal #1: buy at 2025-09-01 09:30:00 close=24540.9 (pending=yes)
2025-11-08 12:28:00,541 - INFO - Processing signal 'buy' at 2025-09-01 09:30:00 price=24540.9 option_data_present=True
2025-11-08 12:28:00,541 - INFO - Opened LONG position at 24540.9 on 2025-09-01 09:30:00
2025-11-08 12:28:00,541 - INFO - process_signal returned: None
2025-11-08 12:28:00,711 - INFO - LONG pct trail move: stop 24508.21725 -> 24511.2293 at 2025-09-01 09:54:00
2025-11-08 12:28:00,731 - INFO - LONG pct trail move: stop 24511.2293 -> 24511.6285 at 2025-09-01 09:55:00
2025-11-08 12:28:00,961 - INFO - LONG stop EXIT (early check) at 2025-09-01 10:21:00 stop=24511.6285
2025-11-08 12:28:00,968 - INFO - Range retouched at 2025-09-01 10:22:00; re-arming breakout logic.
2025-11-08 12:28:00,981 - INFO - Signal #2: sell at 2025-09-01 10:20:00 close=24512.15 (pending=yes)
2025-11-08 12:28:00,982 - INFO - Processing signal 'sell' at 2025-09-01 10:20:00 price=24512.15 option_data_present=True
2025-11-08 12:28:00,982 - INFO - PL% threshold reached (-24.73%), auto-closing long position
2025-11-08 12:28:00,982 - INFO - Closed LONG position: P&L=-1391.25
2025-11-08 12:28:00,982 - INFO - process_signal returned: {'trade_id': 0, 'entry_datetime': Timestamp('2025-09-01 09:30:00'), 'exit_datetime': Timestamp('2025-09-01 10:20:00'), 'entry_price': 24532.75, 'exit_price': 24512.15, 'entry_option_price': np.float64(75.0), 'exit_option_price': np.float64(56.45), 'position_type': 'long', 'action': 'closed', 'position_state': 'closed', 'profit_loss': np.float64(-1391.2499999999998), 'lot_size': 75, 'range_high': 24532.75, 'range_low': 24432.7, 'open_range_completed': True, 'pivot_time': Timestamp('2025-09-01 09:29:00'), 'pivot_high': 24532.75, 'pivot_low': 24432.7, 'pivot_direction': None, 'entry_taken': True, 'daily_trade_taken': True, 'trades_taken_today': 1, 'max_trades_per_day': 3, 'in_position': False, 'stop_loss': 24511.6285, 'stop_loss_pct': 0.1, 'trailing_stop_pct': 0.2, 'trailing_anchor': 24560.75, 'target_pct': 0.5, 'target_price': 24655.413749999996, 'target_locked': False, 'in_entry_window': False, 'require_range_retouch': False, 'require_boundary_touch': True, 'option_symbol': 'NIFTY2590224550CE', 'option_type': 'OTM', 'strike_price': np.float64(24550.0), 'option_price': np.float64(56.45), 'instrument_token': np.int64(12526850)}
2025-11-08 12:28:20,202 - INFO - Saved trade: 0, P&L=-1391.25
2025-11-08 12:29:48,102 - INFO - ORB: mapped legacy pl_percent=0.5 to target_pct (explicit target_pct not provided)
2025-11-08 12:29:48,138 - INFO - Starting backtest (close-only execution) for NIFTY
2025-11-08 12:29:50,475 - INFO - Loaded 112651 data points for NIFTY
2025-11-08 12:30:08,305 - INFO - ORB range finalized at 2025-09-01 09:29:00: HIGH=24532.75 LOW=24432.7
2025-11-08 12:30:08,342 - INFO - Bull pivot (touch) at 2025-09-01 09:33:00: close 24535.3 > range_high 24532.75 and low 24528.5 <= range_high
2025-11-08 12:30:08,348 - INFO - LONG entry signal at 2025-09-01 09:34:00 crossing pivot_high=24532.75 SL=24508.21725 (entry_price=24532.75, pct_stop=0.1)
2025-11-08 12:30:08,350 - INFO - Signal #1: buy at 2025-09-01 09:30:00 close=24540.9 (pending=yes)
2025-11-08 12:30:08,352 - INFO - Processing signal 'buy' at 2025-09-01 09:30:00 price=24540.9 option_data_present=True
2025-11-08 12:30:08,352 - INFO - Opened LONG position at 24540.9 on 2025-09-01 09:30:00
2025-11-08 12:30:08,352 - INFO - process_signal returned: None
2025-11-08 12:30:08,525 - INFO - LONG pct trail move: stop 24508.21725 -> 24511.2293 at 2025-09-01 09:54:00
2025-11-08 12:30:08,544 - INFO - LONG pct trail move: stop 24511.2293 -> 24511.6285 at 2025-09-01 09:55:00
2025-11-08 12:30:08,776 - INFO - LONG stop EXIT (early check) at 2025-09-01 10:21:00 stop=24511.6285
2025-11-08 12:30:08,782 - INFO - Range retouched at 2025-09-01 10:22:00; re-arming breakout logic.
2025-11-08 12:30:08,796 - INFO - Signal #2: sell at 2025-09-01 10:20:00 close=24512.15 (pending=yes)
2025-11-08 12:30:08,797 - INFO - Processing signal 'sell' at 2025-09-01 10:20:00 price=24512.15 option_data_present=True
2025-11-08 12:30:08,797 - INFO - PL% threshold reached (-24.73%), auto-closing long position
2025-11-08 12:30:08,797 - INFO - Closed LONG position: P&L=-1391.25
2025-11-08 12:30:08,797 - INFO - process_signal returned: {'trade_id': 0, 'entry_datetime': Timestamp('2025-09-01 09:30:00'), 'exit_datetime': Timestamp('2025-09-01 10:20:00'), 'entry_price': 24532.75, 'exit_price': 24512.15, 'entry_option_price': np.float64(75.0), 'exit_option_price': np.float64(56.45), 'position_type': 'long', 'action': 'closed', 'position_state': 'closed', 'profit_loss': np.float64(-1391.2499999999998), 'lot_size': 75, 'range_high': 24532.75, 'range_low': 24432.7, 'open_range_completed': True, 'pivot_time': Timestamp('2025-09-01 09:29:00'), 'pivot_high': 24532.75, 'pivot_low': 24432.7, 'pivot_direction': None, 'entry_taken': True, 'daily_trade_taken': True, 'trades_taken_today': 1, 'max_trades_per_day': 3, 'in_position': False, 'stop_loss': 24511.6285, 'stop_loss_pct': 0.1, 'trailing_stop_pct': 0.2, 'trailing_anchor': 24560.75, 'target_pct': 0.5, 'target_price': 24655.413749999996, 'target_locked': False, 'in_entry_window': False, 'require_range_retouch': False, 'require_boundary_touch': True, 'option_symbol': 'NIFTY2590224550CE', 'option_type': 'OTM', 'strike_price': np.float64(24550.0), 'option_price': np.float64(56.45), 'instrument_token': np.int64(12526850)}
2025-11-08 12:30:17,071 - INFO - Saved trade: 0, P&L=-1391.25
2025-11-08 12:30:17,299 - INFO - Bull pivot (touch) at 2025-09-01 10:45:00: close 24537.25 > range_high 24532.75 and low 24527.3 <= range_high
2025-11-08 12:30:17,307 - INFO - LONG entry signal at 2025-09-01 10:46:00 crossing pivot_high=24532.75 SL=24508.21725 (entry_price=24532.75, pct_stop=0.1)
2025-11-08 12:30:17,326 - INFO - Signal #3: buy at 2025-09-01 10:45:00 close=24538.75 (pending=yes)
2025-11-08 12:30:17,328 - INFO - Processing signal 'buy' at 2025-09-01 10:45:00 price=24538.75 option_data_present=True
2025-11-08 12:30:17,328 - INFO - Opened LONG position at 24538.75 on 2025-09-01 10:45:00
2025-11-08 12:30:17,328 - INFO - process_signal returned: None
2025-11-08 12:30:18,271 - INFO - LONG pct trail move: stop 24508.21725 -> 24509.383 at 2025-09-01 12:25:00
2025-11-08 12:30:18,296 - INFO - LONG pct trail move: stop 24509.383 -> 24513.6744 at 2025-09-01 12:25:00
2025-11-08 12:30:18,309 - INFO - LONG pct trail move: stop 24513.6744 -> 24516.219299999997 at 2025-09-01 12:27:00
2025-11-08 12:30:18,315 - INFO - LONG pct trail move: stop 24516.219299999997 -> 24523.355 at 2025-09-01 12:28:00
2025-11-08 12:30:18,321 - INFO - LONG pct trail move: stop 24523.355 -> 24524.9019 at 2025-09-01 12:29:00
2025-11-08 12:30:18,348 - INFO - LONG pct trail move: stop 24524.9019 -> 24525.201299999997 at 2025-09-01 12:30:00
2025-11-08 12:30:18,812 - INFO - LONG pct trail move: stop 24525.201299999997 -> 24526.6484 at 2025-09-01 12:39:00
2025-11-08 12:30:19,089 - INFO - LONG pct trail move: stop 24526.6484 -> 24529.1434 at 2025-09-01 13:04:00
2025-11-08 12:30:19,117 - INFO - LONG pct trail move: stop 24529.1434 -> 24532.6364 at 2025-09-01 13:05:00
2025-11-08 12:30:19,130 - INFO - LONG pct trail move: stop 24532.6364 -> 24539.6723 at 2025-09-01 13:07:00
2025-11-08 12:30:19,137 - INFO - LONG pct trail move: stop 24539.6723 -> 24539.822 at 2025-09-01 13:08:00
2025-11-08 12:30:19,143 - INFO - LONG pct trail move: stop 24539.822 -> 24542.1174 at 2025-09-01 13:09:00
2025-11-08 12:30:19,171 - INFO - LONG pct trail move: stop 24542.1174 -> 24542.7661 at 2025-09-01 13:10:00
2025-11-08 12:30:19,226 - INFO - LONG pct trail move: stop 24542.7661 -> 24543.9637 at 2025-09-01 13:15:00
2025-11-08 12:30:19,232 - INFO - LONG pct trail move: stop 24543.9637 -> 24544.911799999998 at 2025-09-01 13:16:00
2025-11-08 12:30:19,288 - INFO - LONG pct trail move: stop 24544.911799999998 -> 24546.458700000003 at 2025-09-01 13:21:00
2025-11-08 12:30:19,392 - INFO - LONG pct trail move: stop 24546.458700000003 -> 24548.6044 at 2025-09-01 13:30:00
2025-11-08 12:30:19,398 - INFO - LONG pct trail move: stop 24548.6044 -> 24552.0475 at 2025-09-01 13:31:00
2025-11-08 12:30:19,405 - INFO - LONG pct trail move: stop 24552.0475 -> 24554.293 at 2025-09-01 13:32:00
2025-11-08 12:30:19,411 - INFO - LONG pct trail move: stop 24554.293 -> 24556.9876 at 2025-09-01 13:33:00
2025-11-08 12:30:19,647 - INFO - LONG pct trail move: stop 24556.9876 -> 24557.0375 at 2025-09-01 13:52:00
2025-11-08 12:30:19,762 - INFO - LONG pct trail move: stop 24557.0375 -> 24557.786 at 2025-09-01 14:04:00
2025-11-08 12:30:19,765 - INFO - LONG pct trail move: stop 24557.786 -> 24558.0854 at 2025-09-01 14:05:00
2025-11-08 12:30:19,800 - INFO - LONG pct trail move: stop 24558.0854 -> 24560.4806 at 2025-09-01 14:05:00
2025-11-08 12:30:19,822 - INFO - LONG pct trail move: stop 24560.4806 -> 24565.1213 at 2025-09-01 14:09:00
2025-11-08 12:30:19,850 - INFO - LONG pct trail move: stop 24565.1213 -> 24566.3189 at 2025-09-01 14:10:00
2025-11-08 12:30:19,856 - INFO - LONG pct trail move: stop 24566.3189 -> 24566.6183 at 2025-09-01 14:11:00
2025-11-08 12:30:19,862 - INFO - LONG pct trail move: stop 24566.6183 -> 24567.2171 at 2025-09-01 14:12:00
2025-11-08 12:30:19,867 - INFO - LONG pct trail move: stop 24567.2171 -> 24567.3668 at 2025-09-01 14:13:00
2025-11-08 12:30:19,873 - INFO - LONG pct trail move: stop 24567.3668 -> 24571.0095 at 2025-09-01 14:14:00
2025-11-08 12:30:20,178 - INFO - LONG pct trail move: stop 24571.0095 -> 24571.259 at 2025-09-01 14:41:00
2025-11-08 12:30:20,183 - INFO - LONG pct trail move: stop 24571.259 -> 24573.754 at 2025-09-01 14:42:00
2025-11-08 12:30:20,345 - INFO - LONG pct trail move: stop 24573.754 -> 24574.203100000002 at 2025-09-01 14:56:00
2025-11-08 12:30:20,736 - INFO - LONG pct trail move: stop 24574.203100000002 -> 24581.239 at 2025-09-01 14:57:00
2025-11-08 12:30:20,744 - INFO - LONG pct trail move: stop 24581.239 -> 24584.1332 at 2025-09-01 14:58:00
2025-11-08 12:30:20,751 - INFO - LONG pct trail move: stop 24584.1332 -> 24584.4825 at 2025-09-01 14:59:00
2025-11-08 12:30:20,789 - INFO - LONG pct trail move: stop 24584.4825 -> 24585.630200000003 at 2025-09-01 15:00:00
2025-11-08 12:30:20,820 - INFO - Closed LONG position: P&L=2497.50
2025-11-08 12:30:20,827 - INFO - Saved trade: 1, P&L=2497.5
2025-11-08 12:30:21,179 - INFO - New trading day detected: 2025-09-02. Resetting ORB state.
2025-11-08 12:30:21,182 - INFO - New trading day detected: 2025-09-01. Resetting ORB state.
2025-11-08 12:30:36,743 - INFO - New trading day detected: 2025-09-02. Resetting ORB state.
2025-11-08 12:30:40,011 - INFO - ORB range finalized at 2025-09-02 09:29:00: HIGH=24685.3 LOW=24632.2
2025-11-08 12:30:40,127 - INFO - Bull pivot (touch) at 2025-09-02 09:37:00: close 24688.35 > range_high 24685.3 and low 24681.35 <= range_high
2025-11-08 12:30:40,134 - INFO - LONG entry signal at 2025-09-02 09:38:00 crossing pivot_high=24685.3 SL=24660.6147 (entry_price=24685.3, pct_stop=0.1)
2025-11-08 12:30:40,144 - INFO - Signal #4: buy at 2025-09-02 09:35:00 close=24687.55 (pending=yes)
2025-11-08 12:30:40,145 - INFO - Processing signal 'buy' at 2025-09-02 09:35:00 price=24687.55 option_data_present=True
2025-11-08 12:30:40,145 - INFO - Opened LONG position at 24687.55 on 2025-09-02 09:35:00
2025-11-08 12:30:40,145 - INFO - process_signal returned: None
2025-11-08 12:30:40,324 - INFO - LONG pct trail move: stop 24660.6147 -> 24669.6119 at 2025-09-02 09:52:00
2025-11-08 12:30:40,454 - INFO - LONG pct trail move: stop 24669.6119 -> 24678.544 at 2025-09-02 09:57:00
2025-11-08 12:30:40,460 - INFO - LONG pct trail move: stop 24678.544 -> 24679.142799999998 at 2025-09-02 09:58:00
2025-11-08 12:30:40,506 - INFO - LONG pct trail move: stop 24679.142799999998 -> 24679.691700000003 at 2025-09-02 10:00:00
2025-11-08 12:30:40,514 - INFO - LONG pct trail move: stop 24679.691700000003 -> 24684.2326 at 2025-09-02 10:01:00
2025-11-08 12:30:40,521 - INFO - LONG pct trail move: stop 24684.2326 -> 24690.3703 at 2025-09-02 10:02:00
2025-11-08 12:30:40,528 - INFO - LONG pct trail move: stop 24690.3703 -> 24692.2166 at 2025-09-02 10:03:00
2025-11-08 12:30:40,534 - INFO - LONG pct trail move: stop 24692.2166 -> 24696.5579 at 2025-09-02 10:04:00
2025-11-08 12:30:40,536 - INFO - LONG pct trail move: stop 24696.5579 -> 24696.7575 at 2025-09-02 10:05:00
2025-11-08 12:30:40,578 - INFO - LONG pct trail move: stop 24696.7575 -> 24697.655700000003 at 2025-09-02 10:05:00
2025-11-08 12:30:41,460 - INFO - LONG pct trail move: stop 24697.655700000003 -> 24698.953100000002 at 2025-09-02 11:10:00
2025-11-08 12:30:41,466 - INFO - LONG pct trail move: stop 24698.953100000002 -> 24699.5519 at 2025-09-02 11:11:00
2025-11-08 12:30:42,569 - INFO - LONG pct trail move: stop 24699.5519 -> 24699.8513 at 2025-09-02 12:34:00
2025-11-08 12:30:42,631 - INFO - LONG pct trail move: stop 24699.8513 -> 24701.5978 at 2025-09-02 12:38:00
2025-11-08 12:30:42,637 - INFO - LONG pct trail move: stop 24701.5978 -> 24705.1407 at 2025-09-02 12:39:00
2025-11-08 12:30:43,198 - INFO - LONG stop EXIT (early check) at 2025-09-02 13:18:00 stop=24705.1407
2025-11-08 12:30:43,206 - INFO - Signal #5: sell at 2025-09-02 13:15:00 close=24707.3 (pending=yes)
2025-11-08 12:30:43,207 - INFO - Processing signal 'sell' at 2025-09-02 13:15:00 price=24707.3 option_data_present=True
2025-11-08 12:30:43,207 - INFO - Closed LONG position: P&L=0.00
2025-11-08 12:30:43,207 - INFO - Opened SHORT position at 24707.3 on 2025-09-02 13:15:00
2025-11-08 12:30:43,207 - INFO - process_signal returned: {'trade_id': 2, 'entry_datetime': Timestamp('2025-09-02 09:35:00'), 'exit_datetime': Timestamp('2025-09-02 13:15:00'), 'entry_price': 24685.3, 'exit_price': 24707.3, 'entry_option_price': np.float64(34.3), 'exit_option_price': np.float64(34.3), 'position_type': 'long', 'action': 'closed', 'position_state': 'closed', 'profit_loss': np.float64(0.0), 'lot_size': 75, 'range_high': 24685.3, 'range_low': 24632.2, 'open_range_completed': True, 'pivot_time': Timestamp('2025-09-02 09:37:00'), 'pivot_high': 24685.3, 'pivot_low': 24632.2, 'pivot_direction': 'bull', 'entry_taken': True, 'daily_trade_taken': True, 'trades_taken_today': 1, 'max_trades_per_day': 3, 'in_position': False, 'stop_loss': 24705.1407, 'stop_loss_pct': 0.1, 'trailing_stop_pct': 0.2, 'trailing_anchor': 24754.65, 'target_pct': 0.5, 'target_price': 24808.726499999997, 'target_locked': False, 'in_entry_window': False, 'require_range_retouch': True, 'require_boundary_touch': True, 'option_symbol': 'NIFTY2590224700CE', 'option_type': 'ATM', 'strike_price': np.float64(24700.0), 'option_price': np.float64(34.3), 'instrument_token': np.int64(12528386)}
2025-11-08 12:30:43,211 - INFO - Saved trade: 2, P&L=0
2025-11-08 12:30:43,355 - INFO - Range retouched at 2025-09-02 13:29:00; re-arming breakout logic.
2025-11-08 12:30:43,403 - INFO - Bull pivot (touch) at 2025-09-02 13:30:00: close 24690.6 > range_high 24685.3 and low 24681.75 <= range_high
2025-11-08 12:30:43,410 - INFO - LONG entry signal at 2025-09-02 13:31:00 crossing pivot_high=24685.3 SL=24660.6147 (entry_price=24685.3, pct_stop=0.1)
2025-11-08 12:30:43,430 - INFO - Signal #6: buy at 2025-09-02 13:30:00 close=24697.0 (pending=yes)
2025-11-08 12:30:43,431 - INFO - Processing signal 'buy' at 2025-09-02 13:30:00 price=24697.0 option_data_present=True
2025-11-08 12:30:43,431 - INFO - Opened LONG position at 24697.0 on 2025-09-02 13:30:00
2025-11-08 12:30:43,431 - INFO - process_signal returned: None
2025-11-08 12:30:43,560 - INFO - LONG stop EXIT (early check) at 2025-09-02 13:42:00 stop=24660.6147
2025-11-08 12:30:43,567 - INFO - Range retouched at 2025-09-02 13:43:00; re-arming breakout logic.
2025-11-08 12:30:43,575 - INFO - Signal #7: sell at 2025-09-02 13:40:00 close=24655.05 (pending=yes)
2025-11-08 12:30:43,575 - INFO - Processing signal 'sell' at 2025-09-02 13:40:00 price=24655.05 option_data_present=True
2025-11-08 12:30:43,576 - INFO - PL% threshold reached (-23.32%), auto-closing long position
2025-11-08 12:30:43,576 - INFO - Closed LONG position: P&L=-600.00
2025-11-08 12:30:43,576 - INFO - process_signal returned: {'trade_id': 3, 'entry_datetime': Timestamp('2025-09-02 13:30:00'), 'exit_datetime': Timestamp('2025-09-02 13:40:00'), 'entry_price': 24685.3, 'exit_price': 24655.05, 'entry_option_price': np.float64(34.3), 'exit_option_price': np.float64(26.3), 'position_type': 'long', 'action': 'closed', 'position_state': 'closed', 'profit_loss': np.float64(-599.9999999999998), 'lot_size': 75, 'range_high': 24685.3, 'range_low': 24632.2, 'open_range_completed': True, 'pivot_time': Timestamp('2025-09-02 09:29:00'), 'pivot_high': 24685.3, 'pivot_low': 24632.2, 'pivot_direction': None, 'entry_taken': True, 'daily_trade_taken': True, 'trades_taken_today': 2, 'max_trades_per_day': 3, 'in_position': False, 'stop_loss': 24660.6147, 'stop_loss_pct': 0.1, 'trailing_stop_pct': 0.2, 'trailing_anchor': 24705.55, 'target_pct': 0.5, 'target_price': 24808.726499999997, 'target_locked': False, 'in_entry_window': False, 'require_range_retouch': False, 'require_boundary_touch': True, 'option_symbol': 'NIFTY2590224700CE', 'option_type': 'ATM', 'strike_price': np.float64(24700.0), 'option_price': np.float64(26.3), 'instrument_token': np.int64(12528386)}
2025-11-08 12:30:43,580 - INFO - Saved trade: 3, P&L=-600.0
2025-11-08 12:30:43,797 - INFO - Bear pivot (touch) at 2025-09-02 13:54:00: close 24627.7 < range_low 24632.2 and high 24644.15 >= range_low
2025-11-08 12:30:43,798 - INFO - SHORT entry signal at 2025-09-02 13:55:00 crossing pivot_low=24632.2 SL=24656.832199999997 (entry_price=24632.2, pct_stop=0.1)
2025-11-08 12:30:43,798 - INFO - Signal #8: sell at 2025-09-02 13:50:00 close=24627.7 (pending=no)
2025-11-08 12:30:43,804 - INFO - Processing signal 'sell' at 2025-09-02 13:50:00 price=24627.7 option_data_present=True
2025-11-08 12:30:43,804 - INFO - Opened SHORT position at 24627.7 on 2025-09-02 13:50:00
2025-11-08 12:30:43,804 - INFO - process_signal returned: None
2025-11-08 12:30:43,851 - INFO - SHORT pct trail move: stop 24656.832199999997 -> 24650.1519 at 2025-09-02 13:55:00
2025-11-08 12:30:43,857 - INFO - SHORT pct trail move: stop 24650.1519 -> 24642.837300000003 at 2025-09-02 13:56:00
2025-11-08 12:30:43,876 - INFO - SHORT pct trail move: stop 24642.837300000003 -> 24632.717099999998 at 2025-09-02 13:59:00
2025-11-08 12:30:43,923 - INFO - SHORT pct trail move: stop 24632.717099999998 -> 24629.059800000003 at 2025-09-02 14:00:00
2025-11-08 12:30:43,936 - INFO - SHORT pct trail move: stop 24629.059800000003 -> 24626.4045 at 2025-09-02 14:02:00
2025-11-08 12:30:44,687 - INFO - SHORT pct trail move: stop 24626.4045 -> 24608.619 at 2025-09-02 14:03:00
2025-11-08 12:30:44,694 - INFO - SHORT pct trail move: stop 24608.619 -> 24604.5108 at 2025-09-02 14:04:00
2025-11-08 12:30:44,754 - INFO - SHORT pct trail move: stop 24604.5108 -> 24594.591 at 2025-09-02 14:06:00
2025-11-08 12:30:44,761 - INFO - SHORT pct trail move: stop 24594.591 -> 24586.725300000002 at 2025-09-02 14:07:00
2025-11-08 12:30:44,822 - INFO - SHORT stop EXIT (early check) at 2025-09-02 14:10:00 stop=24586.725300000002
2025-11-08 12:30:44,851 - INFO - Signal #9: buy at 2025-09-02 14:10:00 close=24561.3 (pending=yes)
2025-11-08 12:30:44,852 - INFO - Processing signal 'buy' at 2025-09-02 14:10:00 price=24561.3 option_data_present=True
2025-11-08 12:30:44,852 - INFO - PL% threshold reached (-100.00%), auto-closing short position
2025-11-08 12:30:44,852 - INFO - Closed SHORT position: P&L=3142.50
2025-11-08 12:30:44,852 - INFO - process_signal returned: {'trade_id': 4, 'entry_datetime': Timestamp('2025-09-02 13:50:00'), 'exit_datetime': Timestamp('2025-09-02 14:10:00'), 'entry_price': 24632.2, 'exit_price': 24561.3, 'entry_option_price': np.float64(41.9), 'exit_option_price': np.float64(83.8), 'position_type': 'short', 'action': 'closed', 'position_state': 'closed', 'profit_loss': np.float64(3142.5), 'lot_size': 75, 'range_high': 24685.3, 'range_low': 24632.2, 'open_range_completed': True, 'pivot_time': Timestamp('2025-09-02 13:54:00'), 'pivot_high': 24685.3, 'pivot_low': 24632.2, 'pivot_direction': 'bear', 'entry_taken': True, 'daily_trade_taken': True, 'trades_taken_today': 3, 'max_trades_per_day': 3, 'in_position': False, 'stop_loss': 24586.725300000002, 'stop_loss_pct': 0.1, 'trailing_stop_pct': 0.2, 'trailing_anchor': 24537.65, 'target_pct': 0.5, 'target_price': 24509.039, 'target_locked': False, 'in_entry_window': False, 'require_range_retouch': True, 'require_boundary_touch': True, 'option_symbol': 'NIFTY2590224650PE', 'option_type': 'ITM', 'strike_price': np.float64(24650.0), 'option_price': np.float64(83.8), 'instrument_token': np.int64(12528130)}
2025-11-08 12:30:44,855 - INFO - Saved trade: 4, P&L=3142.5
2025-11-08 12:30:46,127 - INFO - New trading day detected: 2025-09-03. Resetting ORB state.
2025-11-08 12:30:46,130 - INFO - New trading day detected: 2025-09-02. Resetting ORB state.
2025-11-08 12:31:02,166 - INFO - New trading day detected: 2025-09-03. Resetting ORB state.
2025-11-08 12:31:06,908 - INFO - ORB range finalized at 2025-09-03 09:29:00: HIGH=24616.5 LOW=24533.3
2025-11-08 12:31:11,742 - INFO - Bull pivot (touch) at 2025-09-03 12:11:00: close 24621.05 > range_high 24616.5 and low 24610.5 <= range_high
2025-11-08 12:31:11,819 - INFO - LONG entry signal at 2025-09-03 12:12:00 crossing pivot_high=24616.5 SL=24591.8835 (entry_price=24616.5, pct_stop=0.1)
2025-11-08 12:31:11,834 - INFO - Signal #10: buy at 2025-09-03 12:10:00 close=24630.55 (pending=yes)
2025-11-08 12:31:11,835 - INFO - Processing signal 'buy' at 2025-09-03 12:10:00 price=24630.55 option_data_present=True
2025-11-08 12:31:11,835 - INFO - Opened LONG position at 24630.55 on 2025-09-03 12:10:00
2025-11-08 12:31:11,835 - INFO - process_signal returned: None
2025-11-08 12:31:11,991 - INFO - LONG pct trail move: stop 24591.8835 -> 24593.5144 at 2025-09-03 12:21:00
2025-11-08 12:31:11,998 - INFO - LONG pct trail move: stop 24593.5144 -> 24599.1032 at 2025-09-03 12:22:00
2025-11-08 12:31:12,343 - INFO - LONG pct trail move: stop 24599.1032 -> 24599.4026 at 2025-09-03 12:41:00
2025-11-08 12:31:12,614 - INFO - LONG stop EXIT (early check) at 2025-09-03 12:57:00 stop=24599.4026
2025-11-08 12:31:12,621 - INFO - Range retouched at 2025-09-03 12:58:00; re-arming breakout logic.
2025-11-08 12:31:12,632 - INFO - Signal #11: sell at 2025-09-03 12:55:00 close=24599.25 (pending=yes)
2025-11-08 12:31:12,633 - INFO - Processing signal 'sell' at 2025-09-03 12:55:00 price=24599.25 option_data_present=True
2025-11-08 12:31:12,633 - INFO - PL% threshold reached (-10.47%), auto-closing long position
2025-11-08 12:31:12,633 - INFO - Closed LONG position: P&L=-952.50
2025-11-08 12:31:12,633 - INFO - process_signal returned: {'trade_id': 5, 'entry_datetime': Timestamp('2025-09-03 12:10:00'), 'exit_datetime': Timestamp('2025-09-03 12:55:00'), 'entry_price': 24616.5, 'exit_price': 24599.25, 'entry_option_price': np.float64(121.25), 'exit_option_price': np.float64(108.55), 'position_type': 'long', 'action': 'closed', 'position_state': 'closed', 'profit_loss': np.float64(-952.5000000000002), 'lot_size': 75, 'range_high': 24616.5, 'range_low': 24533.3, 'open_range_completed': True, 'pivot_time': Timestamp('2025-09-03 09:29:00'), 'pivot_high': 24616.5, 'pivot_low': 24533.3, 'pivot_direction': None, 'entry_taken': True, 'daily_trade_taken': True, 'trades_taken_today': 1, 'max_trades_per_day': 3, 'in_position': False, 'stop_loss': 24599.4026, 'stop_loss_pct': 0.1, 'trailing_stop_pct': 0.2, 'trailing_anchor': 24648.7, 'target_pct': 0.5, 'target_price': 24739.582499999997, 'target_locked': False, 'in_entry_window': False, 'require_range_retouch': False, 'require_boundary_touch': True, 'option_symbol': 'NIFTY2590924650CE', 'option_type': 'OTM', 'strike_price': np.float64(24650.0), 'option_price': np.float64(108.55), 'instrument_token': np.int64(10386434)}
2025-11-08 12:31:12,637 - INFO - Saved trade: 5, P&L=-952.5
2025-11-08 12:31:13,069 - INFO - Bull pivot (touch) at 2025-09-03 13:20:00: close 24617.05 > range_high 24616.5 and low 24615.0 <= range_high
2025-11-08 12:31:13,075 - INFO - LONG entry signal at 2025-09-03 13:21:00 crossing pivot_high=24616.5 SL=24591.8835 (entry_price=24616.5, pct_stop=0.1)
2025-11-08 12:31:13,096 - INFO - Signal #12: buy at 2025-09-03 13:20:00 close=24612.0 (pending=yes)
2025-11-08 12:31:13,097 - INFO - Processing signal 'buy' at 2025-09-03 13:20:00 price=24612.0 option_data_present=True
2025-11-08 12:31:13,097 - INFO - Opened LONG position at 24612.0 on 2025-09-03 13:20:00
2025-11-08 12:31:13,097 - INFO - process_signal returned: None
2025-11-08 12:31:13,627 - INFO - LONG pct trail move: stop 24591.8835 -> 24593.4146 at 2025-09-03 13:50:00
2025-11-08 12:31:13,633 - INFO - LONG pct trail move: stop 24593.4146 -> 24595.111200000003 at 2025-09-03 13:51:00
2025-11-08 12:31:13,645 - INFO - LONG pct trail move: stop 24595.111200000003 -> 24598.9036 at 2025-09-03 13:53:00
2025-11-08 12:31:13,729 - INFO - LONG pct trail move: stop 24598.9036 -> 24600.0014 at 2025-09-03 13:56:00
2025-11-08 12:31:13,735 - INFO - LONG pct trail move: stop 24600.0014 -> 24600.350700000003 at 2025-09-03 13:57:00
2025-11-08 12:31:13,742 - INFO - LONG pct trail move: stop 24600.350700000003 -> 24604.4425 at 2025-09-03 13:58:00
2025-11-08 12:31:13,748 - INFO - LONG pct trail move: stop 24604.4425 -> 24605.2409 at 2025-09-03 13:59:00
2025-11-08 12:31:13,814 - INFO - LONG pct trail move: stop 24605.2409 -> 24605.7399 at 2025-09-03 14:00:00
2025-11-08 12:31:13,917 - INFO - LONG pct trail move: stop 24605.7399 -> 24610.181 at 2025-09-03 14:07:00
2025-11-08 12:31:13,923 - INFO - LONG pct trail move: stop 24610.181 -> 24610.4804 at 2025-09-03 14:08:00
2025-11-08 12:31:13,929 - INFO - LONG pct trail move: stop 24610.4804 -> 24614.073200000003 at 2025-09-03 14:09:00
2025-11-08 12:31:13,998 - INFO - LONG pct trail move: stop 24614.073200000003 -> 24624.0033 at 2025-09-03 14:10:00
2025-11-08 12:31:14,385 - INFO - LONG pct trail move: stop 24624.0033 -> 24624.7019 at 2025-09-03 14:30:00
2025-11-08 12:31:14,822 - INFO - LONG pct trail move: stop 24624.7019 -> 24628.793700000002 at 2025-09-03 14:31:00
2025-11-08 12:31:14,829 - INFO - LONG pct trail move: stop 24628.793700000002 -> 24630.190899999998 at 2025-09-03 14:32:00
2025-11-08 12:31:14,909 - INFO - LONG pct trail move: stop 24630.190899999998 -> 24630.64 at 2025-09-03 14:35:00
2025-11-08 12:31:15,210 - INFO - LONG pct trail move: stop 24630.64 -> 24635.729799999997 at 2025-09-03 14:53:00
2025-11-08 12:31:15,217 - INFO - LONG pct trail move: stop 24635.729799999997 -> 24635.8296 at 2025-09-03 14:54:00
2025-11-08 12:31:15,387 - INFO - LONG pct trail move: stop 24635.8296 -> 24639.7218 at 2025-09-03 15:00:00
2025-11-08 12:31:15,394 - INFO - LONG pct trail move: stop 24639.7218 -> 24640.969299999997 at 2025-09-03 15:01:00
2025-11-08 12:31:15,400 - INFO - LONG pct trail move: stop 24640.969299999997 -> 24646.757700000002 at 2025-09-03 15:02:00
2025-11-08 12:31:15,407 - INFO - LONG pct trail move: stop 24646.757700000002 -> 24653.743700000003 at 2025-09-03 15:03:00
2025-11-08 12:31:15,413 - INFO - LONG pct trail move: stop 24653.743700000003 -> 24653.8934 at 2025-09-03 15:04:00
2025-11-08 12:31:15,415 - INFO - LONG pct trail move: stop 24653.8934 -> 24654.192799999997 at 2025-09-03 15:05:00
2025-11-08 12:31:15,416 - INFO - Closed LONG position: P&L=2403.75
2025-11-08 12:31:15,420 - INFO - Saved trade: 6, P&L=2403.75
2025-11-08 12:31:15,493 - INFO - LONG pct trail move: stop 24654.192799999997 -> 24656.8375 at 2025-09-03 15:05:00
2025-11-08 12:31:15,499 - INFO - LONG pct trail move: stop 24656.8375 -> 24658.8335 at 2025-09-03 15:06:00
2025-11-08 12:31:15,506 - INFO - LONG pct trail move: stop 24658.8335 -> 24660.9293 at 2025-09-03 15:07:00
2025-11-08 12:31:15,518 - INFO - LONG pct trail move: stop 24660.9293 -> 24664.921299999998 at 2025-09-03 15:09:00
2025-11-08 12:31:15,520 - INFO - LONG pct trail move: stop 24664.921299999998 -> 24667.6159 at 2025-09-03 15:10:00
2025-11-08 12:31:15,587 - INFO - LONG pct trail move: stop 24667.6159 -> 24674.8015 at 2025-09-03 15:10:00
2025-11-08 12:31:16,031 - INFO - LONG pct trail move: stop 24674.8015 -> 24681.2386 at 2025-09-03 15:11:00
2025-11-08 12:31:16,038 - INFO - LONG pct trail move: stop 24681.2386 -> 24682.6857 at 2025-09-03 15:12:00
2025-11-08 12:31:16,045 - INFO - LONG pct trail move: stop 24682.6857 -> 24687.1268 at 2025-09-03 15:13:00
2025-11-08 12:31:16,403 - INFO - New trading day detected: 2025-09-04. Resetting ORB state.
2025-11-08 12:31:16,406 - INFO - New trading day detected: 2025-09-03. Resetting ORB state.
2025-11-08 12:31:34,718 - INFO - New trading day detected: 2025-09-04. Resetting ORB state.
2025-11-08 12:31:36,833 - INFO - ORB range finalized at 2025-09-04 09:29:00: HIGH=24980.75 LOW=24848.15
2025-11-08 12:31:37,711 - INFO - Bear pivot (touch) at 2025-09-04 10:13:00: close 24843.65 < range_low 24848.15 and high 24849.0 >= range_low
2025-11-08 12:31:37,717 - INFO - SHORT entry signal at 2025-09-04 10:14:00 crossing pivot_low=24848.15 SL=24872.99815 (entry_price=24848.15, pct_stop=0.1)
2025-11-08 12:31:37,719 - INFO - Signal #13: sell at 2025-09-04 10:10:00 close=24835.7 (pending=yes)
2025-11-08 12:31:37,720 - INFO - Processing signal 'sell' at 2025-09-04 10:10:00 price=24835.7 option_data_present=True
2025-11-08 12:31:37,720 - INFO - Opened SHORT position at 24835.7 on 2025-09-04 10:10:00
2025-11-08 12:31:37,720 - INFO - process_signal returned: None
2025-11-08 12:31:37,913 - INFO - SHORT stop EXIT (early check) at 2025-09-04 10:22:00 stop=24872.99815
2025-11-08 12:31:37,919 - INFO - Range retouched at 2025-09-04 10:23:00; re-arming breakout logic.
2025-11-08 12:31:37,927 - INFO - Signal #14: buy at 2025-09-04 10:20:00 close=24873.75 (pending=yes)
2025-11-08 12:31:37,928 - INFO - Processing signal 'buy' at 2025-09-04 10:20:00 price=24873.75 option_data_present=True
2025-11-08 12:31:37,928 - INFO - Closed SHORT position: P&L=0.00
2025-11-08 12:31:37,928 - INFO - Opened LONG position at 24873.75 on 2025-09-04 10:20:00
2025-11-08 12:31:37,928 - INFO - process_signal returned: {'trade_id': 7, 'entry_datetime': Timestamp('2025-09-04 10:10:00'), 'exit_datetime': Timestamp('2025-09-04 10:20:00'), 'entry_price': 24848.15, 'exit_price': 24873.75, 'entry_option_price': np.float64(96.1), 'exit_option_price': np.float64(96.1), 'position_type': 'short', 'action': 'closed', 'position_state': 'closed', 'profit_loss': np.float64(0.0), 'lot_size': 75, 'range_high': 24980.75, 'range_low': 24848.15, 'open_range_completed': True, 'pivot_time': Timestamp('2025-09-04 09:29:00'), 'pivot_high': 24980.75, 'pivot_low': 24848.15, 'pivot_direction': None, 'entry_taken': True, 'daily_trade_taken': True, 'trades_taken_today': 1, 'max_trades_per_day': 3, 'in_position': False, 'stop_loss': 24872.99815, 'stop_loss_pct': 0.1, 'trailing_stop_pct': 0.2, 'trailing_anchor': 24830.2, 'target_pct': 0.5, 'target_price': 24723.90925, 'target_locked': False, 'in_entry_window': False, 'require_range_retouch': False, 'require_boundary_touch': True, 'option_symbol': 'NIFTY2590924850PE', 'option_type': 'ATM', 'strike_price': np.float64(24850.0), 'option_price': np.float64(96.1), 'instrument_token': np.int64(10389506)}
2025-11-08 12:31:37,932 - INFO - Saved trade: 7, P&L=0
2025-11-08 12:31:38,027 - INFO - Bear pivot (touch) at 2025-09-04 10:28:00: close 24846.65 < range_low 24848.15 and high 24853.95 >= range_low
2025-11-08 12:31:38,033 - INFO - SHORT entry signal at 2025-09-04 10:29:00 crossing pivot_low=24848.15 SL=24872.99815 (entry_price=24848.15, pct_stop=0.1)
2025-11-08 12:31:38,035 - INFO - Signal #15: sell at 2025-09-04 10:25:00 close=24846.55 (pending=yes)
2025-11-08 12:31:38,036 - INFO - Processing signal 'sell' at 2025-09-04 10:25:00 price=24846.55 option_data_present=True
2025-11-08 12:31:38,036 - INFO - Opened SHORT position at 24846.55 on 2025-09-04 10:25:00
2025-11-08 12:31:38,036 - INFO - process_signal returned: None
2025-11-08 12:31:38,747 - INFO - SHORT pct trail move: stop 24872.99815 -> 24871.4937 at 2025-09-04 10:40:00
2025-11-08 12:31:38,752 - INFO - SHORT pct trail move: stop 24871.4937 -> 24858.1671 at 2025-09-04 10:41:00
2025-11-08 12:31:38,758 - INFO - SHORT pct trail move: stop 24858.1671 -> 24854.3595 at 2025-09-04 10:42:00
2025-11-08 12:31:39,507 - INFO - SHORT pct trail move: stop 24854.3595 -> 24853.708199999997 at 2025-09-04 11:22:00
2025-11-08 12:31:39,514 - INFO - SHORT pct trail move: stop 24853.708199999997 -> 24853.608 at 2025-09-04 11:23:00
2025-11-08 12:31:39,520 - INFO - SHORT pct trail move: stop 24853.608 -> 24849.1491 at 2025-09-04 11:24:00
2025-11-08 12:31:40,553 - INFO - SHORT pct trail move: stop 24849.1491 -> 24848.1972 at 2025-09-04 12:11:00
2025-11-08 12:31:40,560 - INFO - SHORT pct trail move: stop 24848.1972 -> 24841.7844 at 2025-09-04 12:12:00
2025-11-08 12:31:40,566 - INFO - SHORT pct trail move: stop 24841.7844 -> 24837.676199999998 at 2025-09-04 12:13:00
2025-11-08 12:31:40,670 - INFO - SHORT pct trail move: stop 24837.676199999998 -> 24834.670199999997 at 2025-09-04 12:18:00
2025-11-08 12:31:40,676 - INFO - SHORT pct trail move: stop 24834.670199999997 -> 24830.8626 at 2025-09-04 12:19:00
2025-11-08 12:31:40,755 - INFO - SHORT pct trail move: stop 24830.8626 -> 24830.712300000003 at 2025-09-04 12:20:00
2025-11-08 12:31:40,762 - INFO - SHORT pct trail move: stop 24830.712300000003 -> 24824.7003 at 2025-09-04 12:21:00
2025-11-08 12:31:40,837 - INFO - SHORT pct trail move: stop 24824.7003 -> 24821.7444 at 2025-09-04 12:22:00
2025-11-08 12:31:40,844 - INFO - SHORT pct trail move: stop 24821.7444 -> 24818.1873 at 2025-09-04 12:23:00
2025-11-08 12:31:40,930 - INFO - SHORT pct trail move: stop 24818.1873 -> 24817.2354 at 2025-09-04 12:25:00
2025-11-08 12:31:41,276 - INFO - SHORT stop EXIT (early check) at 2025-09-04 12:44:00 stop=24817.2354
2025-11-08 12:31:41,278 - INFO - Signal #16: buy at 2025-09-04 12:40:00 close=24819.35 (pending=yes)
2025-11-08 12:31:41,279 - INFO - Processing signal 'buy' at 2025-09-04 12:40:00 price=24819.35 option_data_present=True
2025-11-08 12:31:41,279 - INFO - PL% threshold reached (-10.41%), auto-closing short position
2025-11-08 12:31:41,279 - INFO - Closed SHORT position: P&L=750.00
2025-11-08 12:31:41,279 - INFO - process_signal returned: {'trade_id': 8, 'entry_datetime': Timestamp('2025-09-04 10:25:00'), 'exit_datetime': Timestamp('2025-09-04 12:40:00'), 'entry_price': 24848.15, 'exit_price': 24819.35, 'entry_option_price': np.float64(96.1), 'exit_option_price': np.float64(106.1), 'position_type': 'short', 'action': 'closed', 'position_state': 'closed', 'profit_loss': np.float64(750.0), 'lot_size': 75, 'range_high': 24980.75, 'range_low': 24848.15, 'open_range_completed': True, 'pivot_time': Timestamp('2025-09-04 10:28:00'), 'pivot_high': 24980.75, 'pivot_low': 24848.15, 'pivot_direction': 'bear', 'entry_taken': True, 'daily_trade_taken': True, 'trades_taken_today': 2, 'max_trades_per_day': 3, 'in_position': False, 'stop_loss': 24817.2354, 'stop_loss_pct': 0.1, 'trailing_stop_pct': 0.2, 'trailing_anchor': 24767.7, 'target_pct': 0.5, 'target_price': 24723.90925, 'target_locked': False, 'in_entry_window': False, 'require_range_retouch': True, 'require_boundary_touch': True, 'option_symbol': 'NIFTY2590924850PE', 'option_type': 'ITM', 'strike_price': np.float64(24850.0), 'option_price': np.float64(106.1), 'instrument_token': np.int64(10389506)}
2025-11-08 12:31:41,283 - INFO - Saved trade: 8, P&L=750.0
2025-11-08 12:31:45,765 - INFO - New trading day detected: 2025-09-05. Resetting ORB state.
2025-11-08 12:31:45,768 - INFO - New trading day detected: 2025-09-04. Resetting ORB state.
2025-11-08 12:32:03,160 - INFO - New trading day detected: 2025-09-05. Resetting ORB state.
2025-11-08 12:32:06,241 - INFO - ORB range finalized at 2025-09-05 09:29:00: HIGH=24831.65 LOW=24781.05
2025-11-08 12:32:06,555 - INFO - Bear pivot (touch) at 2025-09-05 09:40:00: close 24780.2 < range_low 24781.05 and high 24782.9 >= range_low
2025-11-08 12:32:06,562 - INFO - SHORT entry signal at 2025-09-05 09:41:00 crossing pivot_low=24781.05 SL=24805.831049999997 (entry_price=24781.05, pct_stop=0.1)
2025-11-08 12:32:06,581 - INFO - Signal #17: sell at 2025-09-05 09:40:00 close=24778.85 (pending=yes)
2025-11-08 12:32:06,582 - INFO - Processing signal 'sell' at 2025-09-05 09:40:00 price=24778.85 option_data_present=True
2025-11-08 12:32:06,582 - INFO - Opened SHORT position at 24778.85 on 2025-09-05 09:40:00
2025-11-08 12:32:06,582 - INFO - process_signal returned: None
2025-11-08 12:32:07,589 - INFO - SHORT pct trail move: stop 24805.831049999997 -> 24805.6122 at 2025-09-05 10:08:00
2025-11-08 12:32:07,597 - INFO - SHORT pct trail move: stop 24805.6122 -> 24803.3076 at 2025-09-05 10:09:00
2025-11-08 12:32:07,689 - INFO - SHORT pct trail move: stop 24803.3076 -> 24775.101300000002 at 2025-09-05 10:10:00
2025-11-08 12:32:08,155 - INFO - SHORT pct trail move: stop 24775.101300000002 -> 24762.0753 at 2025-09-05 10:11:00
2025-11-08 12:32:08,161 - INFO - SHORT pct trail move: stop 24762.0753 -> 24734.219699999998 at 2025-09-05 10:12:00
2025-11-08 12:32:08,167 - INFO - SHORT pct trail move: stop 24734.219699999998 -> 24728.2077 at 2025-09-05 10:13:00
2025-11-08 12:32:08,174 - INFO - SHORT pct trail move: stop 24728.2077 -> 24724.6506 at 2025-09-05 10:14:00
2025-11-08 12:32:08,650 - INFO - SHORT target reached: stop 24724.6506 -> 24657.14475 at 2025-09-05 10:15:00
2025-11-08 12:32:08,655 - INFO - SHORT stop EXIT (post adjust) at 2025-09-05 10:15:00 stop=24657.14475
2025-11-08 12:32:08,678 - INFO - Signal #18: buy at 2025-09-05 10:15:00 close=24650.45 (pending=yes)
2025-11-08 12:32:08,807 - INFO - Processing signal 'buy' at 2025-09-05 10:15:00 price=24650.45 option_data_present=True
2025-11-08 12:32:08,807 - INFO - PL% threshold reached (-103.84%), auto-closing short position
2025-11-08 12:32:08,807 - INFO - Closed SHORT position: P&L=6900.00
2025-11-08 12:32:08,807 - INFO - process_signal returned: {'trade_id': 9, 'entry_datetime': Timestamp('2025-09-05 09:40:00'), 'exit_datetime': Timestamp('2025-09-05 10:15:00'), 'entry_price': 24781.05, 'exit_price': 24650.45, 'entry_option_price': np.float64(88.6), 'exit_option_price': np.float64(180.6), 'position_type': 'short', 'action': 'closed', 'position_state': 'closed', 'profit_loss': np.float64(6900.0), 'lot_size': 75, 'range_high': 24831.65, 'range_low': 24781.05, 'open_range_completed': True, 'pivot_time': Timestamp('2025-09-05 09:40:00'), 'pivot_high': 24831.65, 'pivot_low': 24781.05, 'pivot_direction': 'bear', 'entry_taken': True, 'daily_trade_taken': True, 'trades_taken_today': 1, 'max_trades_per_day': 3, 'in_position': False, 'stop_loss': 24657.14475, 'stop_loss_pct': 0.1, 'trailing_stop_pct': 0.2, 'trailing_anchor': 24652.05, 'target_pct': 0.5, 'target_price': 24657.14475, 'target_locked': True, 'in_entry_window': False, 'require_range_retouch': True, 'require_boundary_touch': True, 'option_symbol': 'NIFTY2590924800PE', 'option_type': 'ITM', 'strike_price': np.float64(24800.0), 'option_price': np.float64(180.6), 'instrument_token': np.int64(10388994)}
2025-11-08 12:32:08,810 - INFO - Saved trade: 9, P&L=6900.0
2025-11-08 12:32:15,559 - INFO - Range retouched at 2025-09-05 14:00:00; re-arming breakout logic.
2025-11-08 12:32:15,565 - INFO - Bear pivot (touch) at 2025-09-05 14:01:00: close 24780.2 < range_low 24781.05 and high 24790.75 >= range_low
2025-11-08 12:32:15,571 - INFO - SHORT entry signal at 2025-09-05 14:02:00 crossing pivot_low=24781.05 SL=24805.831049999997 (entry_price=24781.05, pct_stop=0.1)
2025-11-08 12:32:15,584 - INFO - Signal #19: sell at 2025-09-05 14:00:00 close=24773.7 (pending=yes)
2025-11-08 12:32:15,585 - INFO - Processing signal 'sell' at 2025-09-05 14:00:00 price=24773.7 option_data_present=True
2025-11-08 12:32:15,585 - INFO - Opened SHORT position at 24773.7 on 2025-09-05 14:00:00
2025-11-08 12:32:15,585 - INFO - process_signal returned: None
2025-11-08 12:32:15,692 - INFO - SHORT pct trail move: stop 24805.831049999997 -> 24800.1513 at 2025-09-05 14:08:00
2025-11-08 12:32:15,793 - INFO - SHORT pct trail move: stop 24800.1513 -> 24796.0932 at 2025-09-05 14:11:00
2025-11-08 12:32:15,799 - INFO - SHORT pct trail move: stop 24796.0932 -> 24795.8928 at 2025-09-05 14:12:00
2025-11-08 12:32:15,810 - INFO - SHORT pct trail move: stop 24795.8928 -> 24794.840699999997 at 2025-09-05 14:14:00
2025-11-08 12:32:15,898 - INFO - SHORT pct trail move: stop 24794.840699999997 -> 24791.2335 at 2025-09-05 14:15:00
2025-11-08 12:32:16,350 - INFO - SHORT pct trail move: stop 24791.2335 -> 24782.466 at 2025-09-05 14:35:00
2025-11-08 12:32:16,355 - INFO - SHORT pct trail move: stop 24782.466 -> 24778.959 at 2025-09-05 14:36:00
2025-11-08 12:32:16,371 - INFO - SHORT pct trail move: stop 24778.959 -> 24772.345800000003 at 2025-09-05 14:39:00
2025-11-08 12:32:16,472 - INFO - SHORT pct trail move: stop 24772.345800000003 -> 24770.1915 at 2025-09-05 14:40:00
2025-11-08 12:32:17,017 - INFO - Closed SHORT position: P&L=0.00
2025-11-08 12:32:17,021 - INFO - Saved trade: 10, P&L=0
2025-11-08 12:32:17,789 - INFO - Backtest finished: signals=19 trades=11
2025-11-08 12:32:17,790 - INFO - BACKTEST SUMMARY:
2025-11-08 12:32:17,790 - INFO - Total Trades: 11
2025-11-08 12:32:17,790 - INFO - Total P&L: 12750.00
2025-11-08 12:32:17,791 - INFO - Winning Trades: 5
2025-11-08 12:32:17,791 - INFO - Losing Trades: 3
2025-11-08 12:32:17,791 - INFO - Win Rate: 45.45%
2025-11-08 12:32:45,116 - INFO - ORB: mapped legacy pl_percent=0.5 to target_pct (explicit target_pct not provided)
2025-11-08 12:32:45,155 - INFO - Starting backtest (close-only execution) for NIFTY
2025-11-08 12:32:47,440 - INFO - Loaded 112651 data points for NIFTY
2025-11-08 12:33:13,982 - INFO - ORB range finalized at 2025-09-01 09:29:00: HIGH=24532.75 LOW=24432.7
2025-11-08 12:33:14,019 - INFO - Bull pivot (touch) at 2025-09-01 09:33:00: close 24535.3 > range_high 24532.75 and low 24528.5 <= range_high
2025-11-08 12:33:14,026 - INFO - LONG entry signal at 2025-09-01 09:34:00 crossing pivot_high=24532.75 SL=24508.21725 (entry_price=24532.75, pct_stop=0.1)
2025-11-08 12:33:14,028 - INFO - Signal #1: buy at 2025-09-01 09:30:00 close=24540.9 (pending=yes)
2025-11-08 12:33:14,029 - INFO - Processing signal 'buy' at 2025-09-01 09:30:00 price=24540.9 option_data_present=True
2025-11-08 12:33:14,030 - INFO - Opened LONG position at 24540.9 on 2025-09-01 09:30:00
2025-11-08 12:33:14,030 - INFO - process_signal returned: None
2025-11-08 12:33:14,202 - INFO - LONG pct trail move: stop 24508.21725 -> 24511.2293 at 2025-09-01 09:54:00
2025-11-08 12:33:14,225 - INFO - LONG pct trail move: stop 24511.2293 -> 24511.6285 at 2025-09-01 09:55:00
2025-11-08 12:33:14,450 - INFO - LONG stop EXIT (early check) at 2025-09-01 10:21:00 stop=24511.6285
2025-11-08 12:33:14,456 - INFO - Range retouched at 2025-09-01 10:22:00; re-arming breakout logic.
2025-11-08 12:33:14,471 - INFO - Signal #2: sell at 2025-09-01 10:20:00 close=24512.15 (pending=yes)
2025-11-08 12:33:14,472 - INFO - Processing signal 'sell' at 2025-09-01 10:20:00 price=24512.15 option_data_present=True
2025-11-08 12:33:14,472 - INFO - PL% threshold reached (-24.73%), auto-closing long position
2025-11-08 12:33:14,472 - INFO - Closed LONG position: P&L=-1391.25
2025-11-08 12:33:14,472 - INFO - process_signal returned: {'trade_id': 0, 'entry_datetime': Timestamp('2025-09-01 09:30:00'), 'exit_datetime': Timestamp('2025-09-01 10:20:00'), 'entry_price': 24532.75, 'exit_price': 24512.15, 'entry_option_price': np.float64(75.0), 'exit_option_price': np.float64(56.45), 'position_type': 'long', 'action': 'closed', 'position_state': 'closed', 'profit_loss': np.float64(-1391.2499999999998), 'lot_size': 75, 'range_high': 24532.75, 'range_low': 24432.7, 'open_range_completed': True, 'pivot_time': Timestamp('2025-09-01 09:29:00'), 'pivot_high': 24532.75, 'pivot_low': 24432.7, 'pivot_direction': None, 'entry_taken': True, 'daily_trade_taken': True, 'trades_taken_today': 1, 'max_trades_per_day': 3, 'in_position': False, 'stop_loss': 24511.6285, 'stop_loss_pct': 0.1, 'trailing_stop_pct': 0.2, 'trailing_anchor': 24560.75, 'target_pct': 0.5, 'target_price': 24655.413749999996, 'target_locked': False, 'in_entry_window': False, 'require_range_retouch': False, 'require_boundary_touch': True, 'option_symbol': 'NIFTY2590224550CE', 'option_type': 'OTM', 'strike_price': np.float64(24550.0), 'option_price': np.float64(56.45), 'instrument_token': np.int64(12526850)}
2025-11-08 12:33:14,475 - INFO - Saved trade: 0, P&L=-1391.25
2025-11-08 12:33:14,681 - INFO - Bull pivot (touch) at 2025-09-01 10:45:00: close 24537.25 > range_high 24532.75 and low 24527.3 <= range_high
2025-11-08 12:33:14,687 - INFO - LONG entry signal at 2025-09-01 10:46:00 crossing pivot_high=24532.75 SL=24508.21725 (entry_price=24532.75, pct_stop=0.1)
2025-11-08 12:33:14,708 - INFO - Signal #3: buy at 2025-09-01 10:45:00 close=24538.75 (pending=yes)
2025-11-08 12:33:14,709 - INFO - Processing signal 'buy' at 2025-09-01 10:45:00 price=24538.75 option_data_present=True
2025-11-08 12:33:14,709 - INFO - Opened LONG position at 24538.75 on 2025-09-01 10:45:00
2025-11-08 12:33:14,709 - INFO - process_signal returned: None
2025-11-08 12:33:15,651 - INFO - LONG pct trail move: stop 24508.21725 -> 24509.383 at 2025-09-01 12:25:00
2025-11-08 12:33:15,676 - INFO - LONG pct trail move: stop 24509.383 -> 24513.6744 at 2025-09-01 12:25:00
2025-11-08 12:33:15,687 - INFO - LONG pct trail move: stop 24513.6744 -> 24516.219299999997 at 2025-09-01 12:27:00
2025-11-08 12:33:15,692 - INFO - LONG pct trail move: stop 24516.219299999997 -> 24523.355 at 2025-09-01 12:28:00
2025-11-08 12:33:15,698 - INFO - LONG pct trail move: stop 24523.355 -> 24524.9019 at 2025-09-01 12:29:00
2025-11-08 12:33:15,723 - INFO - LONG pct trail move: stop 24524.9019 -> 24525.201299999997 at 2025-09-01 12:30:00
2025-11-08 12:33:16,117 - INFO - LONG pct trail move: stop 24525.201299999997 -> 24526.6484 at 2025-09-01 12:39:00
2025-11-08 12:33:16,349 - INFO - LONG pct trail move: stop 24526.6484 -> 24529.1434 at 2025-09-01 13:04:00
2025-11-08 12:33:16,374 - INFO - LONG pct trail move: stop 24529.1434 -> 24532.6364 at 2025-09-01 13:05:00
2025-11-08 12:33:16,385 - INFO - LONG pct trail move: stop 24532.6364 -> 24539.6723 at 2025-09-01 13:07:00
2025-11-08 12:33:16,391 - INFO - LONG pct trail move: stop 24539.6723 -> 24539.822 at 2025-09-01 13:08:00
2025-11-08 12:33:16,397 - INFO - LONG pct trail move: stop 24539.822 -> 24542.1174 at 2025-09-01 13:09:00
2025-11-08 12:33:16,422 - INFO - LONG pct trail move: stop 24542.1174 -> 24542.7661 at 2025-09-01 13:10:00
2025-11-08 12:33:16,469 - INFO - LONG pct trail move: stop 24542.7661 -> 24543.9637 at 2025-09-01 13:15:00
2025-11-08 12:33:16,475 - INFO - LONG pct trail move: stop 24543.9637 -> 24544.911799999998 at 2025-09-01 13:16:00
2025-11-08 12:33:16,525 - INFO - LONG pct trail move: stop 24544.911799999998 -> 24546.458700000003 at 2025-09-01 13:21:00
2025-11-08 12:33:16,623 - INFO - LONG pct trail move: stop 24546.458700000003 -> 24548.6044 at 2025-09-01 13:30:00
2025-11-08 12:33:16,629 - INFO - LONG pct trail move: stop 24548.6044 -> 24552.0475 at 2025-09-01 13:31:00
2025-11-08 12:33:16,635 - INFO - LONG pct trail move: stop 24552.0475 -> 24554.293 at 2025-09-01 13:32:00
2025-11-08 12:33:16,642 - INFO - LONG pct trail move: stop 24554.293 -> 24556.9876 at 2025-09-01 13:33:00
2025-11-08 12:33:16,859 - INFO - LONG pct trail move: stop 24556.9876 -> 24557.0375 at 2025-09-01 13:52:00
2025-11-08 12:33:16,982 - INFO - LONG pct trail move: stop 24557.0375 -> 24557.786 at 2025-09-01 14:04:00
2025-11-08 12:33:16,984 - INFO - LONG pct trail move: stop 24557.786 -> 24558.0854 at 2025-09-01 14:05:00
2025-11-08 12:33:17,011 - INFO - LONG pct trail move: stop 24558.0854 -> 24560.4806 at 2025-09-01 14:05:00
2025-11-08 12:33:17,033 - INFO - LONG pct trail move: stop 24560.4806 -> 24565.1213 at 2025-09-01 14:09:00
2025-11-08 12:33:17,062 - INFO - LONG pct trail move: stop 24565.1213 -> 24566.3189 at 2025-09-01 14:10:00
2025-11-08 12:33:17,067 - INFO - LONG pct trail move: stop 24566.3189 -> 24566.6183 at 2025-09-01 14:11:00
2025-11-08 12:33:17,072 - INFO - LONG pct trail move: stop 24566.6183 -> 24567.2171 at 2025-09-01 14:12:00
2025-11-08 12:33:17,078 - INFO - LONG pct trail move: stop 24567.2171 -> 24567.3668 at 2025-09-01 14:13:00
2025-11-08 12:33:17,084 - INFO - LONG pct trail move: stop 24567.3668 -> 24571.0095 at 2025-09-01 14:14:00
2025-11-08 12:33:17,375 - INFO - LONG pct trail move: stop 24571.0095 -> 24571.259 at 2025-09-01 14:41:00
2025-11-08 12:33:17,380 - INFO - LONG pct trail move: stop 24571.259 -> 24573.754 at 2025-09-01 14:42:00
2025-11-08 12:33:17,529 - INFO - LONG pct trail move: stop 24573.754 -> 24574.203100000002 at 2025-09-01 14:56:00
2025-11-08 12:33:17,900 - INFO - LONG pct trail move: stop 24574.203100000002 -> 24581.239 at 2025-09-01 14:57:00
2025-11-08 12:33:17,906 - INFO - LONG pct trail move: stop 24581.239 -> 24584.1332 at 2025-09-01 14:58:00
2025-11-08 12:33:17,912 - INFO - LONG pct trail move: stop 24584.1332 -> 24584.4825 at 2025-09-01 14:59:00
2025-11-08 12:33:17,944 - INFO - LONG pct trail move: stop 24584.4825 -> 24585.630200000003 at 2025-09-01 15:00:00
2025-11-08 12:33:17,971 - INFO - Closed LONG position: P&L=2497.50
2025-11-08 12:33:17,977 - INFO - Saved trade: 1, P&L=2497.5
2025-11-08 12:33:18,283 - INFO - New trading day detected: 2025-09-02. Resetting ORB state.
2025-11-08 12:33:18,285 - INFO - New trading day detected: 2025-09-01. Resetting ORB state.
2025-11-08 12:33:33,504 - INFO - New trading day detected: 2025-09-02. Resetting ORB state.
2025-11-08 12:33:36,681 - INFO - ORB range finalized at 2025-09-02 09:29:00: HIGH=24685.3 LOW=24632.2
2025-11-08 12:33:36,793 - INFO - Bull pivot (touch) at 2025-09-02 09:37:00: close 24688.35 > range_high 24685.3 and low 24681.35 <= range_high
2025-11-08 12:33:36,799 - INFO - LONG entry signal at 2025-09-02 09:38:00 crossing pivot_high=24685.3 SL=24660.6147 (entry_price=24685.3, pct_stop=0.1)
2025-11-08 12:33:36,808 - INFO - Signal #4: buy at 2025-09-02 09:35:00 close=24687.55 (pending=yes)
2025-11-08 12:33:36,809 - INFO - Processing signal 'buy' at 2025-09-02 09:35:00 price=24687.55 option_data_present=True
2025-11-08 12:33:36,809 - INFO - Opened LONG position at 24687.55 on 2025-09-02 09:35:00
2025-11-08 12:33:36,809 - INFO - process_signal returned: None
2025-11-08 12:33:36,987 - INFO - LONG pct trail move: stop 24660.6147 -> 24669.6119 at 2025-09-02 09:52:00
2025-11-08 12:33:37,121 - INFO - LONG pct trail move: stop 24669.6119 -> 24678.544 at 2025-09-02 09:57:00
2025-11-08 12:33:37,128 - INFO - LONG pct trail move: stop 24678.544 -> 24679.142799999998 at 2025-09-02 09:58:00
2025-11-08 12:33:37,172 - INFO - LONG pct trail move: stop 24679.142799999998 -> 24679.691700000003 at 2025-09-02 10:00:00
2025-11-08 12:33:37,178 - INFO - LONG pct trail move: stop 24679.691700000003 -> 24684.2326 at 2025-09-02 10:01:00
2025-11-08 12:33:37,185 - INFO - LONG pct trail move: stop 24684.2326 -> 24690.3703 at 2025-09-02 10:02:00
2025-11-08 12:33:37,191 - INFO - LONG pct trail move: stop 24690.3703 -> 24692.2166 at 2025-09-02 10:03:00
2025-11-08 12:33:37,198 - INFO - LONG pct trail move: stop 24692.2166 -> 24696.5579 at 2025-09-02 10:04:00
2025-11-08 12:33:37,199 - INFO - LONG pct trail move: stop 24696.5579 -> 24696.7575 at 2025-09-02 10:05:00
2025-11-08 12:33:37,237 - INFO - LONG pct trail move: stop 24696.7575 -> 24697.655700000003 at 2025-09-02 10:05:00
2025-11-08 12:33:38,076 - INFO - LONG pct trail move: stop 24697.655700000003 -> 24698.953100000002 at 2025-09-02 11:10:00
2025-11-08 12:33:38,082 - INFO - LONG pct trail move: stop 24698.953100000002 -> 24699.5519 at 2025-09-02 11:11:00
2025-11-08 12:33:39,256 - INFO - LONG pct trail move: stop 24699.5519 -> 24699.8513 at 2025-09-02 12:34:00
2025-11-08 12:33:39,322 - INFO - LONG pct trail move: stop 24699.8513 -> 24701.5978 at 2025-09-02 12:38:00
2025-11-08 12:33:39,329 - INFO - LONG pct trail move: stop 24701.5978 -> 24705.1407 at 2025-09-02 12:39:00
2025-11-08 12:33:39,917 - INFO - LONG stop EXIT (early check) at 2025-09-02 13:18:00 stop=24705.1407
2025-11-08 12:33:39,926 - INFO - Signal #5: sell at 2025-09-02 13:15:00 close=24707.3 (pending=yes)
2025-11-08 12:33:39,926 - INFO - Processing signal 'sell' at 2025-09-02 13:15:00 price=24707.3 option_data_present=True
2025-11-08 12:33:39,927 - INFO - Closed LONG position: P&L=0.00
2025-11-08 12:33:39,927 - INFO - Opened SHORT position at 24707.3 on 2025-09-02 13:15:00
2025-11-08 12:33:39,927 - INFO - process_signal returned: {'trade_id': 2, 'entry_datetime': Timestamp('2025-09-02 09:35:00'), 'exit_datetime': Timestamp('2025-09-02 13:15:00'), 'entry_price': 24685.3, 'exit_price': 24707.3, 'entry_option_price': np.float64(34.3), 'exit_option_price': np.float64(34.3), 'position_type': 'long', 'action': 'closed', 'position_state': 'closed', 'profit_loss': np.float64(0.0), 'lot_size': 75, 'range_high': 24685.3, 'range_low': 24632.2, 'open_range_completed': True, 'pivot_time': Timestamp('2025-09-02 09:37:00'), 'pivot_high': 24685.3, 'pivot_low': 24632.2, 'pivot_direction': 'bull', 'entry_taken': True, 'daily_trade_taken': True, 'trades_taken_today': 1, 'max_trades_per_day': 3, 'in_position': False, 'stop_loss': 24705.1407, 'stop_loss_pct': 0.1, 'trailing_stop_pct': 0.2, 'trailing_anchor': 24754.65, 'target_pct': 0.5, 'target_price': 24808.726499999997, 'target_locked': False, 'in_entry_window': False, 'require_range_retouch': True, 'require_boundary_touch': True, 'option_symbol': 'NIFTY2590224700CE', 'option_type': 'ATM', 'strike_price': np.float64(24700.0), 'option_price': np.float64(34.3), 'instrument_token': np.int64(12528386)}
2025-11-08 12:33:39,933 - INFO - Saved trade: 2, P&L=0
2025-11-08 12:33:40,073 - INFO - Range retouched at 2025-09-02 13:29:00; re-arming breakout logic.
2025-11-08 12:33:40,120 - INFO - Bull pivot (touch) at 2025-09-02 13:30:00: close 24690.6 > range_high 24685.3 and low 24681.75 <= range_high
2025-11-08 12:33:40,127 - INFO - LONG entry signal at 2025-09-02 13:31:00 crossing pivot_high=24685.3 SL=24660.6147 (entry_price=24685.3, pct_stop=0.1)
2025-11-08 12:33:40,147 - INFO - Signal #6: buy at 2025-09-02 13:30:00 close=24697.0 (pending=yes)
2025-11-08 12:33:40,148 - INFO - Processing signal 'buy' at 2025-09-02 13:30:00 price=24697.0 option_data_present=True
2025-11-08 12:33:40,148 - INFO - Opened LONG position at 24697.0 on 2025-09-02 13:30:00
2025-11-08 12:33:40,148 - INFO - process_signal returned: None
2025-11-08 12:33:40,283 - INFO - LONG stop EXIT (early check) at 2025-09-02 13:42:00 stop=24660.6147
2025-11-08 12:33:40,291 - INFO - Range retouched at 2025-09-02 13:43:00; re-arming breakout logic.
2025-11-08 12:33:40,300 - INFO - Signal #7: sell at 2025-09-02 13:40:00 close=24655.05 (pending=yes)
2025-11-08 12:33:40,301 - INFO - Processing signal 'sell' at 2025-09-02 13:40:00 price=24655.05 option_data_present=True
2025-11-08 12:33:40,301 - INFO - PL% threshold reached (-23.32%), auto-closing long position
2025-11-08 12:33:40,301 - INFO - Closed LONG position: P&L=-600.00
2025-11-08 12:33:40,301 - INFO - process_signal returned: {'trade_id': 3, 'entry_datetime': Timestamp('2025-09-02 13:30:00'), 'exit_datetime': Timestamp('2025-09-02 13:40:00'), 'entry_price': 24685.3, 'exit_price': 24655.05, 'entry_option_price': np.float64(34.3), 'exit_option_price': np.float64(26.3), 'position_type': 'long', 'action': 'closed', 'position_state': 'closed', 'profit_loss': np.float64(-599.9999999999998), 'lot_size': 75, 'range_high': 24685.3, 'range_low': 24632.2, 'open_range_completed': True, 'pivot_time': Timestamp('2025-09-02 09:29:00'), 'pivot_high': 24685.3, 'pivot_low': 24632.2, 'pivot_direction': None, 'entry_taken': True, 'daily_trade_taken': True, 'trades_taken_today': 2, 'max_trades_per_day': 3, 'in_position': False, 'stop_loss': 24660.6147, 'stop_loss_pct': 0.1, 'trailing_stop_pct': 0.2, 'trailing_anchor': 24705.55, 'target_pct': 0.5, 'target_price': 24808.726499999997, 'target_locked': False, 'in_entry_window': False, 'require_range_retouch': False, 'require_boundary_touch': True, 'option_symbol': 'NIFTY2590224700CE', 'option_type': 'ATM', 'strike_price': np.float64(24700.0), 'option_price': np.float64(26.3), 'instrument_token': np.int64(12528386)}
2025-11-08 12:33:40,305 - INFO - Saved trade: 3, P&L=-600.0
2025-11-08 12:33:40,518 - INFO - Bear pivot (touch) at 2025-09-02 13:54:00: close 24627.7 < range_low 24632.2 and high 24644.15 >= range_low
2025-11-08 12:33:40,519 - INFO - SHORT entry signal at 2025-09-02 13:55:00 crossing pivot_low=24632.2 SL=24656.832199999997 (entry_price=24632.2, pct_stop=0.1)
2025-11-08 12:33:40,519 - INFO - Signal #8: sell at 2025-09-02 13:50:00 close=24627.7 (pending=no)
2025-11-08 12:33:40,525 - INFO - Processing signal 'sell' at 2025-09-02 13:50:00 price=24627.7 option_data_present=True
2025-11-08 12:33:40,526 - INFO - Opened SHORT position at 24627.7 on 2025-09-02 13:50:00
2025-11-08 12:33:40,526 - INFO - process_signal returned: None
2025-11-08 12:33:40,573 - INFO - SHORT pct trail move: stop 24656.832199999997 -> 24650.1519 at 2025-09-02 13:55:00
2025-11-08 12:33:40,580 - INFO - SHORT pct trail move: stop 24650.1519 -> 24642.837300000003 at 2025-09-02 13:56:00
2025-11-08 12:33:40,599 - INFO - SHORT pct trail move: stop 24642.837300000003 -> 24632.717099999998 at 2025-09-02 13:59:00
2025-11-08 12:33:40,650 - INFO - SHORT pct trail move: stop 24632.717099999998 -> 24629.059800000003 at 2025-09-02 14:00:00
2025-11-08 12:33:40,662 - INFO - SHORT pct trail move: stop 24629.059800000003 -> 24626.4045 at 2025-09-02 14:02:00
2025-11-08 12:33:41,410 - INFO - SHORT pct trail move: stop 24626.4045 -> 24608.619 at 2025-09-02 14:03:00
2025-11-08 12:33:41,416 - INFO - SHORT pct trail move: stop 24608.619 -> 24604.5108 at 2025-09-02 14:04:00
2025-11-08 12:33:41,473 - INFO - SHORT pct trail move: stop 24604.5108 -> 24594.591 at 2025-09-02 14:06:00
2025-11-08 12:33:41,480 - INFO - SHORT pct trail move: stop 24594.591 -> 24586.725300000002 at 2025-09-02 14:07:00
2025-11-08 12:33:41,545 - INFO - SHORT stop EXIT (early check) at 2025-09-02 14:10:00 stop=24586.725300000002
2025-11-08 12:33:41,572 - INFO - Signal #9: buy at 2025-09-02 14:10:00 close=24561.3 (pending=yes)
2025-11-08 12:33:41,573 - INFO - Processing signal 'buy' at 2025-09-02 14:10:00 price=24561.3 option_data_present=True
2025-11-08 12:33:41,573 - INFO - PL% threshold reached (-100.00%), auto-closing short position
2025-11-08 12:33:41,573 - INFO - Closed SHORT position: P&L=3142.50
2025-11-08 12:33:41,573 - INFO - process_signal returned: {'trade_id': 4, 'entry_datetime': Timestamp('2025-09-02 13:50:00'), 'exit_datetime': Timestamp('2025-09-02 14:10:00'), 'entry_price': 24632.2, 'exit_price': 24561.3, 'entry_option_price': np.float64(41.9), 'exit_option_price': np.float64(83.8), 'position_type': 'short', 'action': 'closed', 'position_state': 'closed', 'profit_loss': np.float64(3142.5), 'lot_size': 75, 'range_high': 24685.3, 'range_low': 24632.2, 'open_range_completed': True, 'pivot_time': Timestamp('2025-09-02 13:54:00'), 'pivot_high': 24685.3, 'pivot_low': 24632.2, 'pivot_direction': 'bear', 'entry_taken': True, 'daily_trade_taken': True, 'trades_taken_today': 3, 'max_trades_per_day': 3, 'in_position': False, 'stop_loss': 24586.725300000002, 'stop_loss_pct': 0.1, 'trailing_stop_pct': 0.2, 'trailing_anchor': 24537.65, 'target_pct': 0.5, 'target_price': 24509.039, 'target_locked': False, 'in_entry_window': False, 'require_range_retouch': True, 'require_boundary_touch': True, 'option_symbol': 'NIFTY2590224650PE', 'option_type': 'ITM', 'strike_price': np.float64(24650.0), 'option_price': np.float64(83.8), 'instrument_token': np.int64(12528130)}
2025-11-08 12:33:41,577 - INFO - Saved trade: 4, P&L=3142.5
2025-11-08 12:33:42,854 - INFO - New trading day detected: 2025-09-03. Resetting ORB state.
2025-11-08 12:33:42,856 - INFO - New trading day detected: 2025-09-02. Resetting ORB state.
2025-11-08 12:33:58,861 - INFO - New trading day detected: 2025-09-03. Resetting ORB state.
2025-11-08 12:34:01,748 - INFO - ORB range finalized at 2025-09-03 09:29:00: HIGH=24616.5 LOW=24533.3
2025-11-08 12:34:04,445 - INFO - Bull pivot (touch) at 2025-09-03 12:11:00: close 24621.05 > range_high 24616.5 and low 24610.5 <= range_high
2025-11-08 12:34:04,520 - INFO - LONG entry signal at 2025-09-03 12:12:00 crossing pivot_high=24616.5 SL=24591.8835 (entry_price=24616.5, pct_stop=0.1)
2025-11-08 12:34:04,533 - INFO - Signal #10: buy at 2025-09-03 12:10:00 close=24630.55 (pending=yes)
2025-11-08 12:34:04,534 - INFO - Processing signal 'buy' at 2025-09-03 12:10:00 price=24630.55 option_data_present=True
2025-11-08 12:34:04,534 - INFO - Opened LONG position at 24630.55 on 2025-09-03 12:10:00
2025-11-08 12:34:04,534 - INFO - process_signal returned: None
2025-11-08 12:34:04,694 - INFO - LONG pct trail move: stop 24591.8835 -> 24593.5144 at 2025-09-03 12:21:00
2025-11-08 12:34:04,701 - INFO - LONG pct trail move: stop 24593.5144 -> 24599.1032 at 2025-09-03 12:22:00
2025-11-08 12:34:05,056 - INFO - LONG pct trail move: stop 24599.1032 -> 24599.4026 at 2025-09-03 12:41:00
2025-11-08 12:34:05,321 - INFO - LONG stop EXIT (early check) at 2025-09-03 12:57:00 stop=24599.4026
2025-11-08 12:34:05,328 - INFO - Range retouched at 2025-09-03 12:58:00; re-arming breakout logic.
2025-11-08 12:34:05,336 - INFO - Signal #11: sell at 2025-09-03 12:55:00 close=24599.25 (pending=yes)
2025-11-08 12:34:05,337 - INFO - Processing signal 'sell' at 2025-09-03 12:55:00 price=24599.25 option_data_present=True
2025-11-08 12:34:05,337 - INFO - PL% threshold reached (-10.47%), auto-closing long position
2025-11-08 12:34:05,337 - INFO - Closed LONG position: P&L=-952.50
2025-11-08 12:34:05,337 - INFO - process_signal returned: {'trade_id': 5, 'entry_datetime': Timestamp('2025-09-03 12:10:00'), 'exit_datetime': Timestamp('2025-09-03 12:55:00'), 'entry_price': 24616.5, 'exit_price': 24599.25, 'entry_option_price': np.float64(121.25), 'exit_option_price': np.float64(108.55), 'position_type': 'long', 'action': 'closed', 'position_state': 'closed', 'profit_loss': np.float64(-952.5000000000002), 'lot_size': 75, 'range_high': 24616.5, 'range_low': 24533.3, 'open_range_completed': True, 'pivot_time': Timestamp('2025-09-03 09:29:00'), 'pivot_high': 24616.5, 'pivot_low': 24533.3, 'pivot_direction': None, 'entry_taken': True, 'daily_trade_taken': True, 'trades_taken_today': 1, 'max_trades_per_day': 3, 'in_position': False, 'stop_loss': 24599.4026, 'stop_loss_pct': 0.1, 'trailing_stop_pct': 0.2, 'trailing_anchor': 24648.7, 'target_pct': 0.5, 'target_price': 24739.582499999997, 'target_locked': False, 'in_entry_window': False, 'require_range_retouch': False, 'require_boundary_touch': True, 'option_symbol': 'NIFTY2590924650CE', 'option_type': 'OTM', 'strike_price': np.float64(24650.0), 'option_price': np.float64(108.55), 'instrument_token': np.int64(10386434)}
2025-11-08 12:34:05,341 - INFO - Saved trade: 5, P&L=-952.5
2025-11-08 12:34:05,756 - INFO - Bull pivot (touch) at 2025-09-03 13:20:00: close 24617.05 > range_high 24616.5 and low 24615.0 <= range_high
2025-11-08 12:34:05,762 - INFO - LONG entry signal at 2025-09-03 13:21:00 crossing pivot_high=24616.5 SL=24591.8835 (entry_price=24616.5, pct_stop=0.1)
2025-11-08 12:34:05,783 - INFO - Signal #12: buy at 2025-09-03 13:20:00 close=24612.0 (pending=yes)
2025-11-08 12:34:05,784 - INFO - Processing signal 'buy' at 2025-09-03 13:20:00 price=24612.0 option_data_present=True
2025-11-08 12:34:05,784 - INFO - Opened LONG position at 24612.0 on 2025-09-03 13:20:00
2025-11-08 12:34:05,784 - INFO - process_signal returned: None
2025-11-08 12:34:06,300 - INFO - LONG pct trail move: stop 24591.8835 -> 24593.4146 at 2025-09-03 13:50:00
2025-11-08 12:34:06,307 - INFO - LONG pct trail move: stop 24593.4146 -> 24595.111200000003 at 2025-09-03 13:51:00
2025-11-08 12:34:06,319 - INFO - LONG pct trail move: stop 24595.111200000003 -> 24598.9036 at 2025-09-03 13:53:00
2025-11-08 12:34:06,398 - INFO - LONG pct trail move: stop 24598.9036 -> 24600.0014 at 2025-09-03 13:56:00
2025-11-08 12:34:06,404 - INFO - LONG pct trail move: stop 24600.0014 -> 24600.350700000003 at 2025-09-03 13:57:00
2025-11-08 12:34:06,410 - INFO - LONG pct trail move: stop 24600.350700000003 -> 24604.4425 at 2025-09-03 13:58:00
2025-11-08 12:34:06,416 - INFO - LONG pct trail move: stop 24604.4425 -> 24605.2409 at 2025-09-03 13:59:00
2025-11-08 12:34:06,485 - INFO - LONG pct trail move: stop 24605.2409 -> 24605.7399 at 2025-09-03 14:00:00
2025-11-08 12:34:06,590 - INFO - LONG pct trail move: stop 24605.7399 -> 24610.181 at 2025-09-03 14:07:00
2025-11-08 12:34:06,596 - INFO - LONG pct trail move: stop 24610.181 -> 24610.4804 at 2025-09-03 14:08:00
2025-11-08 12:34:06,602 - INFO - LONG pct trail move: stop 24610.4804 -> 24614.073200000003 at 2025-09-03 14:09:00
2025-11-08 12:34:06,667 - INFO - LONG pct trail move: stop 24614.073200000003 -> 24624.0033 at 2025-09-03 14:10:00
2025-11-08 12:34:07,031 - INFO - LONG pct trail move: stop 24624.0033 -> 24624.7019 at 2025-09-03 14:30:00
2025-11-08 12:34:07,449 - INFO - LONG pct trail move: stop 24624.7019 -> 24628.793700000002 at 2025-09-03 14:31:00
2025-11-08 12:34:07,455 - INFO - LONG pct trail move: stop 24628.793700000002 -> 24630.190899999998 at 2025-09-03 14:32:00
2025-11-08 12:34:07,544 - INFO - LONG pct trail move: stop 24630.190899999998 -> 24630.64 at 2025-09-03 14:35:00
2025-11-08 12:34:07,840 - INFO - LONG pct trail move: stop 24630.64 -> 24635.729799999997 at 2025-09-03 14:53:00
2025-11-08 12:34:07,846 - INFO - LONG pct trail move: stop 24635.729799999997 -> 24635.8296 at 2025-09-03 14:54:00
2025-11-08 12:34:08,018 - INFO - LONG pct trail move: stop 24635.8296 -> 24639.7218 at 2025-09-03 15:00:00
2025-11-08 12:34:08,025 - INFO - LONG pct trail move: stop 24639.7218 -> 24640.969299999997 at 2025-09-03 15:01:00
2025-11-08 12:34:08,031 - INFO - LONG pct trail move: stop 24640.969299999997 -> 24646.757700000002 at 2025-09-03 15:02:00
2025-11-08 12:34:08,037 - INFO - LONG pct trail move: stop 24646.757700000002 -> 24653.743700000003 at 2025-09-03 15:03:00
2025-11-08 12:34:08,043 - INFO - LONG pct trail move: stop 24653.743700000003 -> 24653.8934 at 2025-09-03 15:04:00
2025-11-08 12:34:08,045 - INFO - LONG pct trail move: stop 24653.8934 -> 24654.192799999997 at 2025-09-03 15:05:00
2025-11-08 12:34:08,046 - INFO - Closed LONG position: P&L=2403.75
2025-11-08 12:34:08,050 - INFO - Saved trade: 6, P&L=2403.75
2025-11-08 12:34:08,116 - INFO - LONG pct trail move: stop 24654.192799999997 -> 24656.8375 at 2025-09-03 15:05:00
2025-11-08 12:34:08,122 - INFO - LONG pct trail move: stop 24656.8375 -> 24658.8335 at 2025-09-03 15:06:00
2025-11-08 12:34:08,128 - INFO - LONG pct trail move: stop 24658.8335 -> 24660.9293 at 2025-09-03 15:07:00
2025-11-08 12:34:08,140 - INFO - LONG pct trail move: stop 24660.9293 -> 24664.921299999998 at 2025-09-03 15:09:00
2025-11-08 12:34:08,142 - INFO - LONG pct trail move: stop 24664.921299999998 -> 24667.6159 at 2025-09-03 15:10:00
2025-11-08 12:34:08,208 - INFO - LONG pct trail move: stop 24667.6159 -> 24674.8015 at 2025-09-03 15:10:00
2025-11-08 12:34:08,630 - INFO - LONG pct trail move: stop 24674.8015 -> 24681.2386 at 2025-09-03 15:11:00
2025-11-08 12:34:08,637 - INFO - LONG pct trail move: stop 24681.2386 -> 24682.6857 at 2025-09-03 15:12:00
2025-11-08 12:34:08,643 - INFO - LONG pct trail move: stop 24682.6857 -> 24687.1268 at 2025-09-03 15:13:00
2025-11-08 12:34:08,999 - INFO - New trading day detected: 2025-09-04. Resetting ORB state.
2025-11-08 12:34:09,001 - INFO - New trading day detected: 2025-09-03. Resetting ORB state.
2025-11-08 12:34:26,896 - INFO - New trading day detected: 2025-09-04. Resetting ORB state.
2025-11-08 12:34:28,986 - INFO - ORB range finalized at 2025-09-04 09:29:00: HIGH=24980.75 LOW=24848.15
2025-11-08 12:34:29,872 - INFO - Bear pivot (touch) at 2025-09-04 10:13:00: close 24843.65 < range_low 24848.15 and high 24849.0 >= range_low
2025-11-08 12:34:29,879 - INFO - SHORT entry signal at 2025-09-04 10:14:00 crossing pivot_low=24848.15 SL=24872.99815 (entry_price=24848.15, pct_stop=0.1)
2025-11-08 12:34:29,880 - INFO - Signal #13: sell at 2025-09-04 10:10:00 close=24835.7 (pending=yes)
2025-11-08 12:34:29,882 - INFO - Processing signal 'sell' at 2025-09-04 10:10:00 price=24835.7 option_data_present=True
2025-11-08 12:34:29,882 - INFO - Opened SHORT position at 24835.7 on 2025-09-04 10:10:00
2025-11-08 12:34:29,882 - INFO - process_signal returned: None
2025-11-08 12:34:30,066 - INFO - SHORT stop EXIT (early check) at 2025-09-04 10:22:00 stop=24872.99815
2025-11-08 12:34:30,072 - INFO - Range retouched at 2025-09-04 10:23:00; re-arming breakout logic.
2025-11-08 12:34:30,080 - INFO - Signal #14: buy at 2025-09-04 10:20:00 close=24873.75 (pending=yes)
2025-11-08 12:34:30,081 - INFO - Processing signal 'buy' at 2025-09-04 10:20:00 price=24873.75 option_data_present=True
2025-11-08 12:34:30,081 - INFO - Closed SHORT position: P&L=0.00
2025-11-08 12:34:30,081 - INFO - Opened LONG position at 24873.75 on 2025-09-04 10:20:00
2025-11-08 12:34:30,081 - INFO - process_signal returned: {'trade_id': 7, 'entry_datetime': Timestamp('2025-09-04 10:10:00'), 'exit_datetime': Timestamp('2025-09-04 10:20:00'), 'entry_price': 24848.15, 'exit_price': 24873.75, 'entry_option_price': np.float64(96.1), 'exit_option_price': np.float64(96.1), 'position_type': 'short', 'action': 'closed', 'position_state': 'closed', 'profit_loss': np.float64(0.0), 'lot_size': 75, 'range_high': 24980.75, 'range_low': 24848.15, 'open_range_completed': True, 'pivot_time': Timestamp('2025-09-04 09:29:00'), 'pivot_high': 24980.75, 'pivot_low': 24848.15, 'pivot_direction': None, 'entry_taken': True, 'daily_trade_taken': True, 'trades_taken_today': 1, 'max_trades_per_day': 3, 'in_position': False, 'stop_loss': 24872.99815, 'stop_loss_pct': 0.1, 'trailing_stop_pct': 0.2, 'trailing_anchor': 24830.2, 'target_pct': 0.5, 'target_price': 24723.90925, 'target_locked': False, 'in_entry_window': False, 'require_range_retouch': False, 'require_boundary_touch': True, 'option_symbol': 'NIFTY2590924850PE', 'option_type': 'ATM', 'strike_price': np.float64(24850.0), 'option_price': np.float64(96.1), 'instrument_token': np.int64(10389506)}
2025-11-08 12:34:30,086 - INFO - Saved trade: 7, P&L=0
2025-11-08 12:34:30,177 - INFO - Bear pivot (touch) at 2025-09-04 10:28:00: close 24846.65 < range_low 24848.15 and high 24853.95 >= range_low
2025-11-08 12:34:30,183 - INFO - SHORT entry signal at 2025-09-04 10:29:00 crossing pivot_low=24848.15 SL=24872.99815 (entry_price=24848.15, pct_stop=0.1)
2025-11-08 12:34:30,185 - INFO - Signal #15: sell at 2025-09-04 10:25:00 close=24846.55 (pending=yes)
2025-11-08 12:34:30,186 - INFO - Processing signal 'sell' at 2025-09-04 10:25:00 price=24846.55 option_data_present=True
2025-11-08 12:34:30,186 - INFO - Opened SHORT position at 24846.55 on 2025-09-04 10:25:00
2025-11-08 12:34:30,186 - INFO - process_signal returned: None
2025-11-08 12:34:30,945 - INFO - SHORT pct trail move: stop 24872.99815 -> 24871.4937 at 2025-09-04 10:40:00
2025-11-08 12:34:30,952 - INFO - SHORT pct trail move: stop 24871.4937 -> 24858.1671 at 2025-09-04 10:41:00
2025-11-08 12:34:30,958 - INFO - SHORT pct trail move: stop 24858.1671 -> 24854.3595 at 2025-09-04 10:42:00
2025-11-08 12:34:31,785 - INFO - SHORT pct trail move: stop 24854.3595 -> 24853.708199999997 at 2025-09-04 11:22:00
2025-11-08 12:34:31,791 - INFO - SHORT pct trail move: stop 24853.708199999997 -> 24853.608 at 2025-09-04 11:23:00
2025-11-08 12:34:31,797 - INFO - SHORT pct trail move: stop 24853.608 -> 24849.1491 at 2025-09-04 11:24:00
2025-11-08 12:34:32,818 - INFO - SHORT pct trail move: stop 24849.1491 -> 24848.1972 at 2025-09-04 12:11:00
2025-11-08 12:34:32,824 - INFO - SHORT pct trail move: stop 24848.1972 -> 24841.7844 at 2025-09-04 12:12:00
2025-11-08 12:34:32,831 - INFO - SHORT pct trail move: stop 24841.7844 -> 24837.676199999998 at 2025-09-04 12:13:00
2025-11-08 12:34:32,935 - INFO - SHORT pct trail move: stop 24837.676199999998 -> 24834.670199999997 at 2025-09-04 12:18:00
2025-11-08 12:34:32,941 - INFO - SHORT pct trail move: stop 24834.670199999997 -> 24830.8626 at 2025-09-04 12:19:00
2025-11-08 12:34:33,028 - INFO - SHORT pct trail move: stop 24830.8626 -> 24830.712300000003 at 2025-09-04 12:20:00
2025-11-08 12:34:33,034 - INFO - SHORT pct trail move: stop 24830.712300000003 -> 24824.7003 at 2025-09-04 12:21:00
2025-11-08 12:34:33,108 - INFO - SHORT pct trail move: stop 24824.7003 -> 24821.7444 at 2025-09-04 12:22:00
2025-11-08 12:34:33,114 - INFO - SHORT pct trail move: stop 24821.7444 -> 24818.1873 at 2025-09-04 12:23:00
2025-11-08 12:34:33,200 - INFO - SHORT pct trail move: stop 24818.1873 -> 24817.2354 at 2025-09-04 12:25:00
2025-11-08 12:34:33,552 - INFO - SHORT stop EXIT (early check) at 2025-09-04 12:44:00 stop=24817.2354
2025-11-08 12:34:33,554 - INFO - Signal #16: buy at 2025-09-04 12:40:00 close=24819.35 (pending=yes)
2025-11-08 12:34:33,555 - INFO - Processing signal 'buy' at 2025-09-04 12:40:00 price=24819.35 option_data_present=True
2025-11-08 12:34:33,555 - INFO - PL% threshold reached (-10.41%), auto-closing short position
2025-11-08 12:34:33,555 - INFO - Closed SHORT position: P&L=750.00
2025-11-08 12:34:33,555 - INFO - process_signal returned: {'trade_id': 8, 'entry_datetime': Timestamp('2025-09-04 10:25:00'), 'exit_datetime': Timestamp('2025-09-04 12:40:00'), 'entry_price': 24848.15, 'exit_price': 24819.35, 'entry_option_price': np.float64(96.1), 'exit_option_price': np.float64(106.1), 'position_type': 'short', 'action': 'closed', 'position_state': 'closed', 'profit_loss': np.float64(750.0), 'lot_size': 75, 'range_high': 24980.75, 'range_low': 24848.15, 'open_range_completed': True, 'pivot_time': Timestamp('2025-09-04 10:28:00'), 'pivot_high': 24980.75, 'pivot_low': 24848.15, 'pivot_direction': 'bear', 'entry_taken': True, 'daily_trade_taken': True, 'trades_taken_today': 2, 'max_trades_per_day': 3, 'in_position': False, 'stop_loss': 24817.2354, 'stop_loss_pct': 0.1, 'trailing_stop_pct': 0.2, 'trailing_anchor': 24767.7, 'target_pct': 0.5, 'target_price': 24723.90925, 'target_locked': False, 'in_entry_window': False, 'require_range_retouch': True, 'require_boundary_touch': True, 'option_symbol': 'NIFTY2590924850PE', 'option_type': 'ITM', 'strike_price': np.float64(24850.0), 'option_price': np.float64(106.1), 'instrument_token': np.int64(10389506)}
2025-11-08 12:34:33,559 - INFO - Saved trade: 8, P&L=750.0
2025-11-08 12:34:42,024 - INFO - ORB: mapped legacy pl_percent=0.5 to target_pct (explicit target_pct not provided)
2025-11-08 12:34:42,064 - INFO - Starting backtest (close-only execution) for NIFTY
2025-11-08 12:37:32,027 - INFO - ORB: mapped legacy pl_percent=0.5 to target_pct (explicit target_pct not provided)
2025-11-08 12:37:32,059 - INFO - Starting backtest (close-only execution) for NIFTY
2025-11-08 12:37:39,938 - INFO - Loaded 112651 data points for NIFTY
2025-11-08 12:37:57,821 - INFO - ORB range finalized at 2025-09-01 09:29:00: HIGH=24532.75 LOW=24432.7
2025-11-08 12:37:57,858 - INFO - Bull pivot (touch) at 2025-09-01 09:33:00: close 24535.3 > range_high 24532.75 and low 24528.5 <= range_high
2025-11-08 12:37:57,864 - INFO - LONG entry signal at 2025-09-01 09:34:00 crossing pivot_high=24532.75 SL=24508.21725 (entry_price=24532.75, pct_stop=0.1)
2025-11-08 12:37:57,866 - INFO - Signal #1: buy at 2025-09-01 09:30:00 close=24540.9 (pending=yes)
2025-11-08 12:37:57,868 - INFO - Processing signal 'buy' at 2025-09-01 09:30:00 price=24540.9 option_data_present=True
2025-11-08 12:37:57,868 - INFO - Opened LONG position at 24540.9 on 2025-09-01 09:30:00
2025-11-08 12:37:57,868 - INFO - process_signal returned: None
2025-11-08 12:37:58,043 - INFO - LONG pct trail move: stop 24508.21725 -> 24511.2293 at 2025-09-01 09:54:00
2025-11-08 12:37:58,061 - INFO - LONG pct trail move: stop 24511.2293 -> 24511.6285 at 2025-09-01 09:55:00
2025-11-08 12:37:58,295 - INFO - LONG stop EXIT (early check) at 2025-09-01 10:21:00 stop=24511.6285
2025-11-08 12:37:58,301 - INFO - Range retouched at 2025-09-01 10:22:00; re-arming breakout logic.
2025-11-08 12:37:58,315 - INFO - Signal #2: sell at 2025-09-01 10:20:00 close=24512.15 (pending=yes)
2025-11-08 12:37:58,316 - INFO - Processing signal 'sell' at 2025-09-01 10:20:00 price=24512.15 option_data_present=True
2025-11-08 12:37:58,316 - INFO - PL% threshold reached (-24.73%), auto-closing long position
2025-11-08 12:37:58,316 - INFO - Closed LONG position: P&L=-1391.25
2025-11-08 12:37:58,316 - INFO - process_signal returned: {'trade_id': 0, 'entry_datetime': Timestamp('2025-09-01 09:30:00'), 'exit_datetime': Timestamp('2025-09-01 10:20:00'), 'entry_price': 24532.75, 'exit_price': 24512.15, 'entry_option_price': np.float64(75.0), 'exit_option_price': np.float64(56.45), 'position_type': 'long', 'action': 'closed', 'position_state': 'closed', 'profit_loss': np.float64(-1391.2499999999998), 'lot_size': 75, 'range_high': 24532.75, 'range_low': 24432.7, 'open_range_completed': True, 'pivot_time': Timestamp('2025-09-01 09:29:00'), 'pivot_high': 24532.75, 'pivot_low': 24432.7, 'pivot_direction': None, 'entry_taken': True, 'daily_trade_taken': True, 'trades_taken_today': 1, 'max_trades_per_day': 3, 'in_position': False, 'stop_loss': 24511.6285, 'stop_loss_pct': 0.1, 'trailing_stop_pct': 0.2, 'trailing_anchor': 24560.75, 'target_pct': 0.5, 'target_price': 24655.413749999996, 'target_locked': False, 'in_entry_window': False, 'require_range_retouch': False, 'require_boundary_touch': True, 'option_symbol': 'NIFTY2590224550CE', 'option_type': 'OTM', 'strike_price': np.float64(24550.0), 'option_price': np.float64(56.45), 'instrument_token': np.int64(12526850)}
2025-11-08 12:37:58,322 - INFO - Saved trade: 0, P&L=-1391.25
2025-11-08 12:37:58,538 - INFO - Bull pivot (touch) at 2025-09-01 10:45:00: close 24537.25 > range_high 24532.75 and low 24527.3 <= range_high
2025-11-08 12:37:58,545 - INFO - LONG entry signal at 2025-09-01 10:46:00 crossing pivot_high=24532.75 SL=24508.21725 (entry_price=24532.75, pct_stop=0.1)
2025-11-08 12:37:58,565 - INFO - Signal #3: buy at 2025-09-01 10:45:00 close=24538.75 (pending=yes)
2025-11-08 12:37:58,566 - INFO - Processing signal 'buy' at 2025-09-01 10:45:00 price=24538.75 option_data_present=True
2025-11-08 12:37:58,566 - INFO - Opened LONG position at 24538.75 on 2025-09-01 10:45:00
2025-11-08 12:37:58,566 - INFO - process_signal returned: None
2025-11-08 12:37:59,646 - INFO - LONG pct trail move: stop 24508.21725 -> 24509.383 at 2025-09-01 12:25:00
2025-11-08 12:37:59,670 - INFO - LONG pct trail move: stop 24509.383 -> 24513.6744 at 2025-09-01 12:25:00
2025-11-08 12:37:59,681 - INFO - LONG pct trail move: stop 24513.6744 -> 24516.219299999997 at 2025-09-01 12:27:00
2025-11-08 12:37:59,688 - INFO - LONG pct trail move: stop 24516.219299999997 -> 24523.355 at 2025-09-01 12:28:00
2025-11-08 12:37:59,694 - INFO - LONG pct trail move: stop 24523.355 -> 24524.9019 at 2025-09-01 12:29:00
2025-11-08 12:37:59,721 - INFO - LONG pct trail move: stop 24524.9019 -> 24525.201299999997 at 2025-09-01 12:30:00
2025-11-08 12:38:00,118 - INFO - LONG pct trail move: stop 24525.201299999997 -> 24526.6484 at 2025-09-01 12:39:00
2025-11-08 12:38:00,362 - INFO - LONG pct trail move: stop 24526.6484 -> 24529.1434 at 2025-09-01 13:04:00
2025-11-08 12:38:00,390 - INFO - LONG pct trail move: stop 24529.1434 -> 24532.6364 at 2025-09-01 13:05:00
2025-11-08 12:38:00,402 - INFO - LONG pct trail move: stop 24532.6364 -> 24539.6723 at 2025-09-01 13:07:00
2025-11-08 12:38:00,408 - INFO - LONG pct trail move: stop 24539.6723 -> 24539.822 at 2025-09-01 13:08:00
2025-11-08 12:38:00,414 - INFO - LONG pct trail move: stop 24539.822 -> 24542.1174 at 2025-09-01 13:09:00
2025-11-08 12:38:00,442 - INFO - LONG pct trail move: stop 24542.1174 -> 24542.7661 at 2025-09-01 13:10:00
2025-11-08 12:38:00,495 - INFO - LONG pct trail move: stop 24542.7661 -> 24543.9637 at 2025-09-01 13:15:00
2025-11-08 12:38:00,502 - INFO - LONG pct trail move: stop 24543.9637 -> 24544.911799999998 at 2025-09-01 13:16:00
2025-11-08 12:38:00,558 - INFO - LONG pct trail move: stop 24544.911799999998 -> 24546.458700000003 at 2025-09-01 13:21:00
2025-11-08 12:38:00,658 - INFO - LONG pct trail move: stop 24546.458700000003 -> 24548.6044 at 2025-09-01 13:30:00
2025-11-08 12:38:00,665 - INFO - LONG pct trail move: stop 24548.6044 -> 24552.0475 at 2025-09-01 13:31:00
2025-11-08 12:38:00,671 - INFO - LONG pct trail move: stop 24552.0475 -> 24554.293 at 2025-09-01 13:32:00
2025-11-08 12:38:00,678 - INFO - LONG pct trail move: stop 24554.293 -> 24556.9876 at 2025-09-01 13:33:00
2025-11-08 12:38:00,890 - INFO - LONG pct trail move: stop 24556.9876 -> 24557.0375 at 2025-09-01 13:52:00
2025-11-08 12:38:01,017 - INFO - LONG pct trail move: stop 24557.0375 -> 24557.786 at 2025-09-01 14:04:00
2025-11-08 12:38:01,019 - INFO - LONG pct trail move: stop 24557.786 -> 24558.0854 at 2025-09-01 14:05:00
2025-11-08 12:38:01,049 - INFO - LONG pct trail move: stop 24558.0854 -> 24560.4806 at 2025-09-01 14:05:00
2025-11-08 12:38:01,076 - INFO - LONG pct trail move: stop 24560.4806 -> 24565.1213 at 2025-09-01 14:09:00
2025-11-08 12:38:01,106 - INFO - LONG pct trail move: stop 24565.1213 -> 24566.3189 at 2025-09-01 14:10:00
2025-11-08 12:38:01,113 - INFO - LONG pct trail move: stop 24566.3189 -> 24566.6183 at 2025-09-01 14:11:00
2025-11-08 12:38:01,119 - INFO - LONG pct trail move: stop 24566.6183 -> 24567.2171 at 2025-09-01 14:12:00
2025-11-08 12:38:01,125 - INFO - LONG pct trail move: stop 24567.2171 -> 24567.3668 at 2025-09-01 14:13:00
2025-11-08 12:38:01,132 - INFO - LONG pct trail move: stop 24567.3668 -> 24571.0095 at 2025-09-01 14:14:00
2025-11-08 12:38:01,453 - INFO - LONG pct trail move: stop 24571.0095 -> 24571.259 at 2025-09-01 14:41:00
2025-11-08 12:38:01,459 - INFO - LONG pct trail move: stop 24571.259 -> 24573.754 at 2025-09-01 14:42:00
2025-11-08 12:38:01,627 - INFO - LONG pct trail move: stop 24573.754 -> 24574.203100000002 at 2025-09-01 14:56:00
2025-11-08 12:38:02,002 - INFO - LONG pct trail move: stop 24574.203100000002 -> 24581.239 at 2025-09-01 14:57:00
2025-11-08 12:38:02,008 - INFO - LONG pct trail move: stop 24581.239 -> 24584.1332 at 2025-09-01 14:58:00
2025-11-08 12:38:02,015 - INFO - LONG pct trail move: stop 24584.1332 -> 24584.4825 at 2025-09-01 14:59:00
2025-11-08 12:38:02,048 - INFO - LONG pct trail move: stop 24584.4825 -> 24585.630200000003 at 2025-09-01 15:00:00
2025-11-08 12:38:02,074 - INFO - Closed LONG position: P&L=2497.50
2025-11-08 12:38:02,080 - INFO - Saved trade: 1, P&L=2497.5
2025-11-08 12:38:02,393 - INFO - New trading day detected: 2025-09-02. Resetting ORB state.
2025-11-08 12:38:02,395 - INFO - New trading day detected: 2025-09-01. Resetting ORB state.
2025-11-08 12:38:29,882 - INFO - New trading day detected: 2025-09-02. Resetting ORB state.
2025-11-08 12:38:33,044 - INFO - ORB range finalized at 2025-09-02 09:29:00: HIGH=24685.3 LOW=24632.2
2025-11-08 12:38:33,154 - INFO - Bull pivot (touch) at 2025-09-02 09:37:00: close 24688.35 > range_high 24685.3 and low 24681.35 <= range_high
2025-11-08 12:38:33,160 - INFO - LONG entry signal at 2025-09-02 09:38:00 crossing pivot_high=24685.3 SL=24660.6147 (entry_price=24685.3, pct_stop=0.1)
2025-11-08 12:38:33,168 - INFO - Signal #4: buy at 2025-09-02 09:35:00 close=24687.55 (pending=yes)
2025-11-08 12:38:33,169 - INFO - Processing signal 'buy' at 2025-09-02 09:35:00 price=24687.55 option_data_present=True
2025-11-08 12:38:33,169 - INFO - Opened LONG position at 24687.55 on 2025-09-02 09:35:00
2025-11-08 12:38:33,169 - INFO - process_signal returned: None
2025-11-08 12:38:33,343 - INFO - LONG pct trail move: stop 24660.6147 -> 24669.6119 at 2025-09-02 09:52:00
2025-11-08 12:38:33,471 - INFO - LONG pct trail move: stop 24669.6119 -> 24678.544 at 2025-09-02 09:57:00
2025-11-08 12:38:33,479 - INFO - LONG pct trail move: stop 24678.544 -> 24679.142799999998 at 2025-09-02 09:58:00
2025-11-08 12:38:33,522 - INFO - LONG pct trail move: stop 24679.142799999998 -> 24679.691700000003 at 2025-09-02 10:00:00
2025-11-08 12:38:33,528 - INFO - LONG pct trail move: stop 24679.691700000003 -> 24684.2326 at 2025-09-02 10:01:00
2025-11-08 12:38:33,535 - INFO - LONG pct trail move: stop 24684.2326 -> 24690.3703 at 2025-09-02 10:02:00
2025-11-08 12:38:33,541 - INFO - LONG pct trail move: stop 24690.3703 -> 24692.2166 at 2025-09-02 10:03:00
2025-11-08 12:38:33,548 - INFO - LONG pct trail move: stop 24692.2166 -> 24696.5579 at 2025-09-02 10:04:00
2025-11-08 12:38:33,550 - INFO - LONG pct trail move: stop 24696.5579 -> 24696.7575 at 2025-09-02 10:05:00
2025-11-08 12:38:33,586 - INFO - LONG pct trail move: stop 24696.7575 -> 24697.655700000003 at 2025-09-02 10:05:00
2025-11-08 12:38:34,426 - INFO - LONG pct trail move: stop 24697.655700000003 -> 24698.953100000002 at 2025-09-02 11:10:00
2025-11-08 12:38:34,432 - INFO - LONG pct trail move: stop 24698.953100000002 -> 24699.5519 at 2025-09-02 11:11:00
2025-11-08 12:38:35,549 - INFO - LONG pct trail move: stop 24699.5519 -> 24699.8513 at 2025-09-02 12:34:00
2025-11-08 12:38:35,612 - INFO - LONG pct trail move: stop 24699.8513 -> 24701.5978 at 2025-09-02 12:38:00
2025-11-08 12:38:35,618 - INFO - LONG pct trail move: stop 24701.5978 -> 24705.1407 at 2025-09-02 12:39:00
2025-11-08 12:38:36,169 - INFO - LONG stop EXIT (early check) at 2025-09-02 13:18:00 stop=24705.1407
2025-11-08 12:38:36,177 - INFO - Signal #5: sell at 2025-09-02 13:15:00 close=24707.3 (pending=yes)
2025-11-08 12:38:36,178 - INFO - Processing signal 'sell' at 2025-09-02 13:15:00 price=24707.3 option_data_present=True
2025-11-08 12:38:36,178 - INFO - Closed LONG position: P&L=0.00
2025-11-08 12:38:36,178 - INFO - Opened SHORT position at 24707.3 on 2025-09-02 13:15:00
2025-11-08 12:38:36,178 - INFO - process_signal returned: {'trade_id': 2, 'entry_datetime': Timestamp('2025-09-02 09:35:00'), 'exit_datetime': Timestamp('2025-09-02 13:15:00'), 'entry_price': 24685.3, 'exit_price': 24707.3, 'entry_option_price': np.float64(34.3), 'exit_option_price': np.float64(34.3), 'position_type': 'long', 'action': 'closed', 'position_state': 'closed', 'profit_loss': np.float64(0.0), 'lot_size': 75, 'range_high': 24685.3, 'range_low': 24632.2, 'open_range_completed': True, 'pivot_time': Timestamp('2025-09-02 09:37:00'), 'pivot_high': 24685.3, 'pivot_low': 24632.2, 'pivot_direction': 'bull', 'entry_taken': True, 'daily_trade_taken': True, 'trades_taken_today': 1, 'max_trades_per_day': 3, 'in_position': False, 'stop_loss': 24705.1407, 'stop_loss_pct': 0.1, 'trailing_stop_pct': 0.2, 'trailing_anchor': 24754.65, 'target_pct': 0.5, 'target_price': 24808.726499999997, 'target_locked': False, 'in_entry_window': False, 'require_range_retouch': True, 'require_boundary_touch': True, 'option_symbol': 'NIFTY2590224700CE', 'option_type': 'ATM', 'strike_price': np.float64(24700.0), 'option_price': np.float64(34.3), 'instrument_token': np.int64(12528386)}
2025-11-08 12:38:36,182 - INFO - Saved trade: 2, P&L=0
2025-11-08 12:38:36,321 - INFO - Range retouched at 2025-09-02 13:29:00; re-arming breakout logic.
2025-11-08 12:38:36,368 - INFO - Bull pivot (touch) at 2025-09-02 13:30:00: close 24690.6 > range_high 24685.3 and low 24681.75 <= range_high
2025-11-08 12:38:36,375 - INFO - LONG entry signal at 2025-09-02 13:31:00 crossing pivot_high=24685.3 SL=24660.6147 (entry_price=24685.3, pct_stop=0.1)
2025-11-08 12:38:36,396 - INFO - Signal #6: buy at 2025-09-02 13:30:00 close=24697.0 (pending=yes)
2025-11-08 12:38:36,397 - INFO - Processing signal 'buy' at 2025-09-02 13:30:00 price=24697.0 option_data_present=True
2025-11-08 12:38:36,397 - INFO - Opened LONG position at 24697.0 on 2025-09-02 13:30:00
2025-11-08 12:38:36,397 - INFO - process_signal returned: None
2025-11-08 12:38:36,531 - INFO - LONG stop EXIT (early check) at 2025-09-02 13:42:00 stop=24660.6147
2025-11-08 12:38:36,537 - INFO - Range retouched at 2025-09-02 13:43:00; re-arming breakout logic.
2025-11-08 12:38:36,545 - INFO - Signal #7: sell at 2025-09-02 13:40:00 close=24655.05 (pending=yes)
2025-11-08 12:38:36,545 - INFO - Processing signal 'sell' at 2025-09-02 13:40:00 price=24655.05 option_data_present=True
2025-11-08 12:38:36,545 - INFO - PL% threshold reached (-23.32%), auto-closing long position
2025-11-08 12:38:36,545 - INFO - Closed LONG position: P&L=-600.00
2025-11-08 12:38:36,546 - INFO - process_signal returned: {'trade_id': 3, 'entry_datetime': Timestamp('2025-09-02 13:30:00'), 'exit_datetime': Timestamp('2025-09-02 13:40:00'), 'entry_price': 24685.3, 'exit_price': 24655.05, 'entry_option_price': np.float64(34.3), 'exit_option_price': np.float64(26.3), 'position_type': 'long', 'action': 'closed', 'position_state': 'closed', 'profit_loss': np.float64(-599.9999999999998), 'lot_size': 75, 'range_high': 24685.3, 'range_low': 24632.2, 'open_range_completed': True, 'pivot_time': Timestamp('2025-09-02 09:29:00'), 'pivot_high': 24685.3, 'pivot_low': 24632.2, 'pivot_direction': None, 'entry_taken': True, 'daily_trade_taken': True, 'trades_taken_today': 2, 'max_trades_per_day': 3, 'in_position': False, 'stop_loss': 24660.6147, 'stop_loss_pct': 0.1, 'trailing_stop_pct': 0.2, 'trailing_anchor': 24705.55, 'target_pct': 0.5, 'target_price': 24808.726499999997, 'target_locked': False, 'in_entry_window': False, 'require_range_retouch': False, 'require_boundary_touch': True, 'option_symbol': 'NIFTY2590224700CE', 'option_type': 'ATM', 'strike_price': np.float64(24700.0), 'option_price': np.float64(26.3), 'instrument_token': np.int64(12528386)}
2025-11-08 12:38:36,549 - INFO - Saved trade: 3, P&L=-600.0
2025-11-08 12:38:36,753 - INFO - Bear pivot (touch) at 2025-09-02 13:54:00: close 24627.7 < range_low 24632.2 and high 24644.15 >= range_low
2025-11-08 12:38:36,755 - INFO - SHORT entry signal at 2025-09-02 13:55:00 crossing pivot_low=24632.2 SL=24656.832199999997 (entry_price=24632.2, pct_stop=0.1)
2025-11-08 12:38:36,755 - INFO - Signal #8: sell at 2025-09-02 13:50:00 close=24627.7 (pending=no)
2025-11-08 12:38:36,759 - INFO - Processing signal 'sell' at 2025-09-02 13:50:00 price=24627.7 option_data_present=True
2025-11-08 12:38:36,759 - INFO - Opened SHORT position at 24627.7 on 2025-09-02 13:50:00
2025-11-08 12:38:36,759 - INFO - process_signal returned: None
2025-11-08 12:38:36,812 - INFO - SHORT pct trail move: stop 24656.832199999997 -> 24650.1519 at 2025-09-02 13:55:00
2025-11-08 12:38:36,819 - INFO - SHORT pct trail move: stop 24650.1519 -> 24642.837300000003 at 2025-09-02 13:56:00
2025-11-08 12:38:36,837 - INFO - SHORT pct trail move: stop 24642.837300000003 -> 24632.717099999998 at 2025-09-02 13:59:00
2025-11-08 12:38:36,887 - INFO - SHORT pct trail move: stop 24632.717099999998 -> 24629.059800000003 at 2025-09-02 14:00:00
2025-11-08 12:38:36,899 - INFO - SHORT pct trail move: stop 24629.059800000003 -> 24626.4045 at 2025-09-02 14:02:00
2025-11-08 12:38:37,644 - INFO - SHORT pct trail move: stop 24626.4045 -> 24608.619 at 2025-09-02 14:03:00
2025-11-08 12:38:37,651 - INFO - SHORT pct trail move: stop 24608.619 -> 24604.5108 at 2025-09-02 14:04:00
2025-11-08 12:38:37,724 - INFO - SHORT pct trail move: stop 24604.5108 -> 24594.591 at 2025-09-02 14:06:00
2025-11-08 12:38:37,730 - INFO - SHORT pct trail move: stop 24594.591 -> 24586.725300000002 at 2025-09-02 14:07:00
2025-11-08 12:38:37,790 - INFO - SHORT stop EXIT (early check) at 2025-09-02 14:10:00 stop=24586.725300000002
2025-11-08 12:38:37,816 - INFO - Signal #9: buy at 2025-09-02 14:10:00 close=24561.3 (pending=yes)
2025-11-08 12:38:37,817 - INFO - Processing signal 'buy' at 2025-09-02 14:10:00 price=24561.3 option_data_present=True
2025-11-08 12:38:37,817 - INFO - PL% threshold reached (-100.00%), auto-closing short position
2025-11-08 12:38:37,817 - INFO - Closed SHORT position: P&L=3142.50
2025-11-08 12:38:37,817 - INFO - process_signal returned: {'trade_id': 4, 'entry_datetime': Timestamp('2025-09-02 13:50:00'), 'exit_datetime': Timestamp('2025-09-02 14:10:00'), 'entry_price': 24632.2, 'exit_price': 24561.3, 'entry_option_price': np.float64(41.9), 'exit_option_price': np.float64(83.8), 'position_type': 'short', 'action': 'closed', 'position_state': 'closed', 'profit_loss': np.float64(3142.5), 'lot_size': 75, 'range_high': 24685.3, 'range_low': 24632.2, 'open_range_completed': True, 'pivot_time': Timestamp('2025-09-02 13:54:00'), 'pivot_high': 24685.3, 'pivot_low': 24632.2, 'pivot_direction': 'bear', 'entry_taken': True, 'daily_trade_taken': True, 'trades_taken_today': 3, 'max_trades_per_day': 3, 'in_position': False, 'stop_loss': 24586.725300000002, 'stop_loss_pct': 0.1, 'trailing_stop_pct': 0.2, 'trailing_anchor': 24537.65, 'target_pct': 0.5, 'target_price': 24509.039, 'target_locked': False, 'in_entry_window': False, 'require_range_retouch': True, 'require_boundary_touch': True, 'option_symbol': 'NIFTY2590224650PE', 'option_type': 'ITM', 'strike_price': np.float64(24650.0), 'option_price': np.float64(83.8), 'instrument_token': np.int64(12528130)}
2025-11-08 12:38:37,821 - INFO - Saved trade: 4, P&L=3142.5
2025-11-08 12:38:39,067 - INFO - New trading day detected: 2025-09-03. Resetting ORB state.
2025-11-08 12:38:39,070 - INFO - New trading day detected: 2025-09-02. Resetting ORB state.
2025-11-08 12:38:56,628 - INFO - ORB: mapped legacy pl_percent=0.5 to target_pct (explicit target_pct not provided)
2025-11-08 12:38:56,662 - INFO - Starting backtest (close-only execution) for NIFTY
2025-11-08 12:39:06,653 - INFO - Loaded 112651 data points for NIFTY
2025-11-08 12:39:23,728 - INFO - ORB range finalized at 2025-09-01 09:29:00: HIGH=24532.75 LOW=24432.7
2025-11-08 12:39:23,767 - INFO - Bull pivot (touch) at 2025-09-01 09:33:00: close 24535.3 > range_high 24532.75 and low 24528.5 <= range_high
2025-11-08 12:39:23,774 - INFO - LONG entry signal at 2025-09-01 09:34:00 crossing pivot_high=24532.75 SL=24508.21725 (entry_price=24532.75, pct_stop=0.1)
2025-11-08 12:39:23,775 - INFO - Signal #1: buy at 2025-09-01 09:30:00 close=24540.9 (pending=yes)
2025-11-08 12:39:23,778 - INFO - Processing signal 'buy' at 2025-09-01 09:30:00 price=24540.9 option_data_present=True
2025-11-08 12:39:23,778 - INFO - Opened LONG position at 24540.9 on 2025-09-01 09:30:00
2025-11-08 12:39:23,778 - INFO - process_signal returned: None
2025-11-08 12:39:23,957 - INFO - LONG pct trail move: stop 24508.21725 -> 24511.2293 at 2025-09-01 09:54:00
2025-11-08 12:39:23,976 - INFO - LONG pct trail move: stop 24511.2293 -> 24511.6285 at 2025-09-01 09:55:00
2025-11-08 12:39:24,212 - INFO - LONG stop EXIT (early check) at 2025-09-01 10:21:00 stop=24511.6285
2025-11-08 12:39:24,218 - INFO - Range retouched at 2025-09-01 10:22:00; re-arming breakout logic.
2025-11-08 12:39:24,233 - INFO - Signal #2: sell at 2025-09-01 10:20:00 close=24512.15 (pending=yes)
2025-11-08 12:39:24,233 - INFO - Processing signal 'sell' at 2025-09-01 10:20:00 price=24512.15 option_data_present=True
2025-11-08 12:39:24,233 - INFO - PL% threshold reached (-24.73%), auto-closing long position
2025-11-08 12:39:24,234 - INFO - Closed LONG position: P&L=-1391.25
2025-11-08 12:39:24,234 - INFO - process_signal returned: {'trade_id': 0, 'entry_datetime': Timestamp('2025-09-01 09:30:00'), 'exit_datetime': Timestamp('2025-09-01 10:20:00'), 'entry_price': 24532.75, 'exit_price': 24512.15, 'entry_option_price': np.float64(75.0), 'exit_option_price': np.float64(56.45), 'position_type': 'long', 'action': 'closed', 'position_state': 'closed', 'profit_loss': np.float64(-1391.2499999999998), 'lot_size': 75, 'range_high': 24532.75, 'range_low': 24432.7, 'open_range_completed': True, 'pivot_time': Timestamp('2025-09-01 09:29:00'), 'pivot_high': 24532.75, 'pivot_low': 24432.7, 'pivot_direction': None, 'entry_taken': True, 'daily_trade_taken': True, 'trades_taken_today': 1, 'max_trades_per_day': 3, 'in_position': False, 'stop_loss': 24511.6285, 'stop_loss_pct': 0.1, 'trailing_stop_pct': 0.2, 'trailing_anchor': 24560.75, 'target_pct': 0.5, 'target_price': 24655.413749999996, 'target_locked': False, 'in_entry_window': False, 'require_range_retouch': False, 'require_boundary_touch': True, 'option_symbol': 'NIFTY2590224550CE', 'option_type': 'OTM', 'strike_price': np.float64(24550.0), 'option_price': np.float64(56.45), 'instrument_token': np.int64(12526850)}
2025-11-08 12:39:24,239 - INFO - Saved trade: 0, P&L=-1391.25
2025-11-08 12:39:24,444 - INFO - Bull pivot (touch) at 2025-09-01 10:45:00: close 24537.25 > range_high 24532.75 and low 24527.3 <= range_high
2025-11-08 12:39:24,451 - INFO - LONG entry signal at 2025-09-01 10:46:00 crossing pivot_high=24532.75 SL=24508.21725 (entry_price=24532.75, pct_stop=0.1)
2025-11-08 12:39:24,471 - INFO - Signal #3: buy at 2025-09-01 10:45:00 close=24538.75 (pending=yes)
2025-11-08 12:39:24,472 - INFO - Processing signal 'buy' at 2025-09-01 10:45:00 price=24538.75 option_data_present=True
2025-11-08 12:39:24,472 - INFO - Opened LONG position at 24538.75 on 2025-09-01 10:45:00
2025-11-08 12:39:24,472 - INFO - process_signal returned: None
2025-11-08 12:39:25,409 - INFO - LONG pct trail move: stop 24508.21725 -> 24509.383 at 2025-09-01 12:25:00
2025-11-08 12:39:25,432 - INFO - LONG pct trail move: stop 24509.383 -> 24513.6744 at 2025-09-01 12:25:00
2025-11-08 12:39:25,443 - INFO - LONG pct trail move: stop 24513.6744 -> 24516.219299999997 at 2025-09-01 12:27:00
2025-11-08 12:39:25,449 - INFO - LONG pct trail move: stop 24516.219299999997 -> 24523.355 at 2025-09-01 12:28:00
2025-11-08 12:39:25,455 - INFO - LONG pct trail move: stop 24523.355 -> 24524.9019 at 2025-09-01 12:29:00
2025-11-08 12:39:25,478 - INFO - LONG pct trail move: stop 24524.9019 -> 24525.201299999997 at 2025-09-01 12:30:00
2025-11-08 12:39:25,866 - INFO - LONG pct trail move: stop 24525.201299999997 -> 24526.6484 at 2025-09-01 12:39:00
2025-11-08 12:39:26,128 - INFO - LONG pct trail move: stop 24526.6484 -> 24529.1434 at 2025-09-01 13:04:00
2025-11-08 12:39:26,156 - INFO - LONG pct trail move: stop 24529.1434 -> 24532.6364 at 2025-09-01 13:05:00
2025-11-08 12:39:26,170 - INFO - LONG pct trail move: stop 24532.6364 -> 24539.6723 at 2025-09-01 13:07:00
2025-11-08 12:39:26,176 - INFO - LONG pct trail move: stop 24539.6723 -> 24539.822 at 2025-09-01 13:08:00
2025-11-08 12:39:26,183 - INFO - LONG pct trail move: stop 24539.822 -> 24542.1174 at 2025-09-01 13:09:00
2025-11-08 12:39:26,212 - INFO - LONG pct trail move: stop 24542.1174 -> 24542.7661 at 2025-09-01 13:10:00
2025-11-08 12:39:26,263 - INFO - LONG pct trail move: stop 24542.7661 -> 24543.9637 at 2025-09-01 13:15:00
2025-11-08 12:39:26,269 - INFO - LONG pct trail move: stop 24543.9637 -> 24544.911799999998 at 2025-09-01 13:16:00
2025-11-08 12:39:26,326 - INFO - LONG pct trail move: stop 24544.911799999998 -> 24546.458700000003 at 2025-09-01 13:21:00
2025-11-08 12:39:26,424 - INFO - LONG pct trail move: stop 24546.458700000003 -> 24548.6044 at 2025-09-01 13:30:00
2025-11-08 12:39:26,431 - INFO - LONG pct trail move: stop 24548.6044 -> 24552.0475 at 2025-09-01 13:31:00
2025-11-08 12:39:26,437 - INFO - LONG pct trail move: stop 24552.0475 -> 24554.293 at 2025-09-01 13:32:00
2025-11-08 12:39:26,444 - INFO - LONG pct trail move: stop 24554.293 -> 24556.9876 at 2025-09-01 13:33:00
2025-11-08 12:39:26,657 - INFO - LONG pct trail move: stop 24556.9876 -> 24557.0375 at 2025-09-01 13:52:00
2025-11-08 12:39:26,787 - INFO - LONG pct trail move: stop 24557.0375 -> 24557.786 at 2025-09-01 14:04:00
2025-11-08 12:39:26,790 - INFO - LONG pct trail move: stop 24557.786 -> 24558.0854 at 2025-09-01 14:05:00
2025-11-08 12:39:26,821 - INFO - LONG pct trail move: stop 24558.0854 -> 24560.4806 at 2025-09-01 14:05:00
2025-11-08 12:39:26,849 - INFO - LONG pct trail move: stop 24560.4806 -> 24565.1213 at 2025-09-01 14:09:00
2025-11-08 12:39:26,884 - INFO - LONG pct trail move: stop 24565.1213 -> 24566.3189 at 2025-09-01 14:10:00
2025-11-08 12:39:26,891 - INFO - LONG pct trail move: stop 24566.3189 -> 24566.6183 at 2025-09-01 14:11:00
2025-11-08 12:39:26,897 - INFO - LONG pct trail move: stop 24566.6183 -> 24567.2171 at 2025-09-01 14:12:00
2025-11-08 12:39:26,903 - INFO - LONG pct trail move: stop 24567.2171 -> 24567.3668 at 2025-09-01 14:13:00
2025-11-08 12:39:26,910 - INFO - LONG pct trail move: stop 24567.3668 -> 24571.0095 at 2025-09-01 14:14:00
2025-11-08 12:39:27,250 - INFO - LONG pct trail move: stop 24571.0095 -> 24571.259 at 2025-09-01 14:41:00
2025-11-08 12:39:27,256 - INFO - LONG pct trail move: stop 24571.259 -> 24573.754 at 2025-09-01 14:42:00
2025-11-08 12:39:27,428 - INFO - LONG pct trail move: stop 24573.754 -> 24574.203100000002 at 2025-09-01 14:56:00
2025-11-08 12:39:27,819 - INFO - LONG pct trail move: stop 24574.203100000002 -> 24581.239 at 2025-09-01 14:57:00
2025-11-08 12:39:27,825 - INFO - LONG pct trail move: stop 24581.239 -> 24584.1332 at 2025-09-01 14:58:00
2025-11-08 12:39:27,832 - INFO - LONG pct trail move: stop 24584.1332 -> 24584.4825 at 2025-09-01 14:59:00
2025-11-08 12:39:27,865 - INFO - LONG pct trail move: stop 24584.4825 -> 24585.630200000003 at 2025-09-01 15:00:00
2025-11-08 12:39:27,893 - INFO - Closed LONG position: P&L=2497.50
2025-11-08 12:39:27,897 - INFO - Saved trade: 1, P&L=2497.5
2025-11-08 12:39:28,229 - INFO - New trading day detected: 2025-09-02. Resetting ORB state.
2025-11-08 12:39:28,231 - INFO - New trading day detected: 2025-09-01. Resetting ORB state.
2025-11-08 12:39:48,812 - INFO - New trading day detected: 2025-09-02. Resetting ORB state.
2025-11-08 12:39:52,008 - INFO - ORB range finalized at 2025-09-02 09:29:00: HIGH=24685.3 LOW=24632.2
2025-11-08 12:39:52,121 - INFO - Bull pivot (touch) at 2025-09-02 09:37:00: close 24688.35 > range_high 24685.3 and low 24681.35 <= range_high
2025-11-08 12:39:52,127 - INFO - LONG entry signal at 2025-09-02 09:38:00 crossing pivot_high=24685.3 SL=24660.6147 (entry_price=24685.3, pct_stop=0.1)
2025-11-08 12:39:52,135 - INFO - Signal #4: buy at 2025-09-02 09:35:00 close=24687.55 (pending=yes)
2025-11-08 12:39:52,136 - INFO - Processing signal 'buy' at 2025-09-02 09:35:00 price=24687.55 option_data_present=True
2025-11-08 12:39:52,136 - INFO - Opened LONG position at 24687.55 on 2025-09-02 09:35:00
2025-11-08 12:39:52,136 - INFO - process_signal returned: None
2025-11-08 12:39:52,295 - INFO - LONG pct trail move: stop 24660.6147 -> 24669.6119 at 2025-09-02 09:52:00
2025-11-08 12:39:52,411 - INFO - LONG pct trail move: stop 24669.6119 -> 24678.544 at 2025-09-02 09:57:00
2025-11-08 12:39:52,416 - INFO - LONG pct trail move: stop 24678.544 -> 24679.142799999998 at 2025-09-02 09:58:00
2025-11-08 12:39:52,458 - INFO - LONG pct trail move: stop 24679.142799999998 -> 24679.691700000003 at 2025-09-02 10:00:00
2025-11-08 12:39:52,463 - INFO - LONG pct trail move: stop 24679.691700000003 -> 24684.2326 at 2025-09-02 10:01:00
2025-11-08 12:39:52,469 - INFO - LONG pct trail move: stop 24684.2326 -> 24690.3703 at 2025-09-02 10:02:00
2025-11-08 12:39:52,476 - INFO - LONG pct trail move: stop 24690.3703 -> 24692.2166 at 2025-09-02 10:03:00
2025-11-08 12:39:52,481 - INFO - LONG pct trail move: stop 24692.2166 -> 24696.5579 at 2025-09-02 10:04:00
2025-11-08 12:39:52,483 - INFO - LONG pct trail move: stop 24696.5579 -> 24696.7575 at 2025-09-02 10:05:00
2025-11-08 12:39:52,517 - INFO - LONG pct trail move: stop 24696.7575 -> 24697.655700000003 at 2025-09-02 10:05:00
2025-11-08 12:39:53,285 - INFO - LONG pct trail move: stop 24697.655700000003 -> 24698.953100000002 at 2025-09-02 11:10:00
2025-11-08 12:39:53,291 - INFO - LONG pct trail move: stop 24698.953100000002 -> 24699.5519 at 2025-09-02 11:11:00
2025-11-08 12:39:54,392 - INFO - LONG pct trail move: stop 24699.5519 -> 24699.8513 at 2025-09-02 12:34:00
2025-11-08 12:39:54,457 - INFO - LONG pct trail move: stop 24699.8513 -> 24701.5978 at 2025-09-02 12:38:00
2025-11-08 12:39:54,464 - INFO - LONG pct trail move: stop 24701.5978 -> 24705.1407 at 2025-09-02 12:39:00
2025-11-08 12:39:55,059 - INFO - LONG stop EXIT (early check) at 2025-09-02 13:18:00 stop=24705.1407
2025-11-08 12:39:55,066 - INFO - Signal #5: sell at 2025-09-02 13:15:00 close=24707.3 (pending=yes)
2025-11-08 12:39:55,067 - INFO - Processing signal 'sell' at 2025-09-02 13:15:00 price=24707.3 option_data_present=True
2025-11-08 12:39:55,067 - INFO - Closed LONG position: P&L=0.00
2025-11-08 12:39:55,067 - INFO - Opened SHORT position at 24707.3 on 2025-09-02 13:15:00
2025-11-08 12:39:55,067 - INFO - process_signal returned: {'trade_id': 2, 'entry_datetime': Timestamp('2025-09-02 09:35:00'), 'exit_datetime': Timestamp('2025-09-02 13:15:00'), 'entry_price': 24685.3, 'exit_price': 24707.3, 'entry_option_price': np.float64(34.3), 'exit_option_price': np.float64(34.3), 'position_type': 'long', 'action': 'closed', 'position_state': 'closed', 'profit_loss': np.float64(0.0), 'lot_size': 75, 'range_high': 24685.3, 'range_low': 24632.2, 'open_range_completed': True, 'pivot_time': Timestamp('2025-09-02 09:37:00'), 'pivot_high': 24685.3, 'pivot_low': 24632.2, 'pivot_direction': 'bull', 'entry_taken': True, 'daily_trade_taken': True, 'trades_taken_today': 1, 'max_trades_per_day': 3, 'in_position': False, 'stop_loss': 24705.1407, 'stop_loss_pct': 0.1, 'trailing_stop_pct': 0.2, 'trailing_anchor': 24754.65, 'target_pct': 0.5, 'target_price': 24808.726499999997, 'target_locked': False, 'in_entry_window': False, 'require_range_retouch': True, 'require_boundary_touch': True, 'option_symbol': 'NIFTY2590224700CE', 'option_type': 'ATM', 'strike_price': np.float64(24700.0), 'option_price': np.float64(34.3), 'instrument_token': np.int64(12528386)}
2025-11-08 12:39:55,070 - INFO - Saved trade: 2, P&L=0
2025-11-08 12:39:55,200 - INFO - Range retouched at 2025-09-02 13:29:00; re-arming breakout logic.
2025-11-08 12:39:55,242 - INFO - Bull pivot (touch) at 2025-09-02 13:30:00: close 24690.6 > range_high 24685.3 and low 24681.75 <= range_high
2025-11-08 12:39:55,248 - INFO - LONG entry signal at 2025-09-02 13:31:00 crossing pivot_high=24685.3 SL=24660.6147 (entry_price=24685.3, pct_stop=0.1)
2025-11-08 12:39:55,267 - INFO - Signal #6: buy at 2025-09-02 13:30:00 close=24697.0 (pending=yes)
2025-11-08 12:39:55,268 - INFO - Processing signal 'buy' at 2025-09-02 13:30:00 price=24697.0 option_data_present=True
2025-11-08 12:39:55,268 - INFO - Opened LONG position at 24697.0 on 2025-09-02 13:30:00
2025-11-08 12:39:55,268 - INFO - process_signal returned: None
2025-11-08 12:39:55,399 - INFO - LONG stop EXIT (early check) at 2025-09-02 13:42:00 stop=24660.6147
2025-11-08 12:39:55,405 - INFO - Range retouched at 2025-09-02 13:43:00; re-arming breakout logic.
2025-11-08 12:39:55,413 - INFO - Signal #7: sell at 2025-09-02 13:40:00 close=24655.05 (pending=yes)
2025-11-08 12:39:55,413 - INFO - Processing signal 'sell' at 2025-09-02 13:40:00 price=24655.05 option_data_present=True
2025-11-08 12:39:55,413 - INFO - PL% threshold reached (-23.32%), auto-closing long position
2025-11-08 12:39:55,413 - INFO - Closed LONG position: P&L=-600.00
2025-11-08 12:39:55,414 - INFO - process_signal returned: {'trade_id': 3, 'entry_datetime': Timestamp('2025-09-02 13:30:00'), 'exit_datetime': Timestamp('2025-09-02 13:40:00'), 'entry_price': 24685.3, 'exit_price': 24655.05, 'entry_option_price': np.float64(34.3), 'exit_option_price': np.float64(26.3), 'position_type': 'long', 'action': 'closed', 'position_state': 'closed', 'profit_loss': np.float64(-599.9999999999998), 'lot_size': 75, 'range_high': 24685.3, 'range_low': 24632.2, 'open_range_completed': True, 'pivot_time': Timestamp('2025-09-02 09:29:00'), 'pivot_high': 24685.3, 'pivot_low': 24632.2, 'pivot_direction': None, 'entry_taken': True, 'daily_trade_taken': True, 'trades_taken_today': 2, 'max_trades_per_day': 3, 'in_position': False, 'stop_loss': 24660.6147, 'stop_loss_pct': 0.1, 'trailing_stop_pct': 0.2, 'trailing_anchor': 24705.55, 'target_pct': 0.5, 'target_price': 24808.726499999997, 'target_locked': False, 'in_entry_window': False, 'require_range_retouch': False, 'require_boundary_touch': True, 'option_symbol': 'NIFTY2590224700CE', 'option_type': 'ATM', 'strike_price': np.float64(24700.0), 'option_price': np.float64(26.3), 'instrument_token': np.int64(12528386)}
2025-11-08 12:39:55,417 - INFO - Saved trade: 3, P&L=-600.0
2025-11-08 12:39:55,626 - INFO - Bear pivot (touch) at 2025-09-02 13:54:00: close 24627.7 < range_low 24632.2 and high 24644.15 >= range_low
2025-11-08 12:39:55,628 - INFO - SHORT entry signal at 2025-09-02 13:55:00 crossing pivot_low=24632.2 SL=24656.832199999997 (entry_price=24632.2, pct_stop=0.1)
2025-11-08 12:39:55,628 - INFO - Signal #8: sell at 2025-09-02 13:50:00 close=24627.7 (pending=no)
2025-11-08 12:39:55,631 - INFO - Processing signal 'sell' at 2025-09-02 13:50:00 price=24627.7 option_data_present=True
2025-11-08 12:39:55,632 - INFO - Opened SHORT position at 24627.7 on 2025-09-02 13:50:00
2025-11-08 12:39:55,632 - INFO - process_signal returned: None
2025-11-08 12:39:55,678 - INFO - SHORT pct trail move: stop 24656.832199999997 -> 24650.1519 at 2025-09-02 13:55:00
2025-11-08 12:39:55,684 - INFO - SHORT pct trail move: stop 24650.1519 -> 24642.837300000003 at 2025-09-02 13:56:00
2025-11-08 12:39:55,702 - INFO - SHORT pct trail move: stop 24642.837300000003 -> 24632.717099999998 at 2025-09-02 13:59:00
2025-11-08 12:39:55,750 - INFO - SHORT pct trail move: stop 24632.717099999998 -> 24629.059800000003 at 2025-09-02 14:00:00
2025-11-08 12:39:55,763 - INFO - SHORT pct trail move: stop 24629.059800000003 -> 24626.4045 at 2025-09-02 14:02:00
2025-11-08 12:39:56,509 - INFO - SHORT pct trail move: stop 24626.4045 -> 24608.619 at 2025-09-02 14:03:00
2025-11-08 12:39:56,515 - INFO - SHORT pct trail move: stop 24608.619 -> 24604.5108 at 2025-09-02 14:04:00
2025-11-08 12:39:56,576 - INFO - SHORT pct trail move: stop 24604.5108 -> 24594.591 at 2025-09-02 14:06:00
2025-11-08 12:39:56,583 - INFO - SHORT pct trail move: stop 24594.591 -> 24586.725300000002 at 2025-09-02 14:07:00
2025-11-08 12:39:56,650 - INFO - SHORT stop EXIT (early check) at 2025-09-02 14:10:00 stop=24586.725300000002
2025-11-08 12:39:56,678 - INFO - Signal #9: buy at 2025-09-02 14:10:00 close=24561.3 (pending=yes)
2025-11-08 12:39:56,679 - INFO - Processing signal 'buy' at 2025-09-02 14:10:00 price=24561.3 option_data_present=True
2025-11-08 12:39:56,679 - INFO - PL% threshold reached (-100.00%), auto-closing short position
2025-11-08 12:39:56,679 - INFO - Closed SHORT position: P&L=3142.50
2025-11-08 12:39:56,679 - INFO - process_signal returned: {'trade_id': 4, 'entry_datetime': Timestamp('2025-09-02 13:50:00'), 'exit_datetime': Timestamp('2025-09-02 14:10:00'), 'entry_price': 24632.2, 'exit_price': 24561.3, 'entry_option_price': np.float64(41.9), 'exit_option_price': np.float64(83.8), 'position_type': 'short', 'action': 'closed', 'position_state': 'closed', 'profit_loss': np.float64(3142.5), 'lot_size': 75, 'range_high': 24685.3, 'range_low': 24632.2, 'open_range_completed': True, 'pivot_time': Timestamp('2025-09-02 13:54:00'), 'pivot_high': 24685.3, 'pivot_low': 24632.2, 'pivot_direction': 'bear', 'entry_taken': True, 'daily_trade_taken': True, 'trades_taken_today': 3, 'max_trades_per_day': 3, 'in_position': False, 'stop_loss': 24586.725300000002, 'stop_loss_pct': 0.1, 'trailing_stop_pct': 0.2, 'trailing_anchor': 24537.65, 'target_pct': 0.5, 'target_price': 24509.039, 'target_locked': False, 'in_entry_window': False, 'require_range_retouch': True, 'require_boundary_touch': True, 'option_symbol': 'NIFTY2590224650PE', 'option_type': 'ITM', 'strike_price': np.float64(24650.0), 'option_price': np.float64(83.8), 'instrument_token': np.int64(12528130)}
2025-11-08 12:39:56,683 - INFO - Saved trade: 4, P&L=3142.5
2025-11-08 12:39:57,972 - INFO - New trading day detected: 2025-09-03. Resetting ORB state.
2025-11-08 12:39:57,975 - INFO - New trading day detected: 2025-09-02. Resetting ORB state.
2025-11-08 12:40:06,500 - INFO - ORB: mapped legacy pl_percent=0.5 to target_pct (explicit target_pct not provided)
2025-11-08 12:40:06,533 - INFO - Starting backtest (close-only execution) for NIFTY
2025-11-08 12:40:32,279 - INFO - ORB: mapped legacy pl_percent=0.5 to target_pct (explicit target_pct not provided)
2025-11-08 12:40:32,311 - INFO - Starting backtest (close-only execution) for NIFTY
2025-11-08 12:40:40,201 - INFO - Loaded 112651 data points for NIFTY
2025-11-08 12:41:05,492 - INFO - ORB range finalized at 2025-09-01 09:29:00: HIGH=24532.75 LOW=24432.7
2025-11-08 12:41:05,532 - INFO - Bull pivot (touch) at 2025-09-01 09:33:00: close 24535.3 > range_high 24532.75 and low 24528.5 <= range_high
2025-11-08 12:41:05,538 - INFO - LONG entry signal at 2025-09-01 09:34:00 crossing pivot_high=24532.75 SL=24508.21725 (entry_price=24532.75, pct_stop=0.1)
2025-11-08 12:41:05,540 - INFO - Signal #1: buy at 2025-09-01 09:30:00 close=24540.9 (pending=yes)
2025-11-08 12:41:05,541 - INFO - Processing signal 'buy' at 2025-09-01 09:30:00 price=24540.9 option_data_present=True
2025-11-08 12:41:05,541 - INFO - Opened LONG position at 24540.9 on 2025-09-01 09:30:00
2025-11-08 12:41:05,542 - INFO - process_signal returned: None
2025-11-08 12:41:05,720 - INFO - LONG pct trail move: stop 24508.21725 -> 24511.2293 at 2025-09-01 09:54:00
2025-11-08 12:41:05,741 - INFO - LONG pct trail move: stop 24511.2293 -> 24511.6285 at 2025-09-01 09:55:00
2025-11-08 12:41:05,983 - INFO - LONG stop EXIT (early check) at 2025-09-01 10:21:00 stop=24511.6285
2025-11-08 12:41:05,990 - INFO - Range retouched at 2025-09-01 10:22:00; re-arming breakout logic.
2025-11-08 12:41:06,005 - INFO - Signal #2: sell at 2025-09-01 10:20:00 close=24512.15 (pending=yes)
2025-11-08 12:41:06,005 - INFO - Processing signal 'sell' at 2025-09-01 10:20:00 price=24512.15 option_data_present=True
2025-11-08 12:41:06,005 - INFO - PL% threshold reached (-24.73%), auto-closing long position
2025-11-08 12:41:06,006 - INFO - Closed LONG position: P&L=-1391.25
2025-11-08 12:41:06,006 - INFO - process_signal returned: {'trade_id': 0, 'entry_datetime': Timestamp('2025-09-01 09:30:00'), 'exit_datetime': Timestamp('2025-09-01 10:20:00'), 'entry_price': 24532.75, 'exit_price': 24512.15, 'entry_option_price': np.float64(75.0), 'exit_option_price': np.float64(56.45), 'position_type': 'long', 'action': 'closed', 'position_state': 'closed', 'profit_loss': np.float64(-1391.2499999999998), 'lot_size': 75, 'range_high': 24532.75, 'range_low': 24432.7, 'open_range_completed': True, 'pivot_time': Timestamp('2025-09-01 09:29:00'), 'pivot_high': 24532.75, 'pivot_low': 24432.7, 'pivot_direction': None, 'entry_taken': True, 'daily_trade_taken': True, 'trades_taken_today': 1, 'max_trades_per_day': 3, 'in_position': False, 'stop_loss': 24511.6285, 'stop_loss_pct': 0.1, 'trailing_stop_pct': 0.2, 'trailing_anchor': 24560.75, 'target_pct': 0.5, 'target_price': 24655.413749999996, 'target_locked': False, 'in_entry_window': False, 'require_range_retouch': False, 'require_boundary_touch': True, 'option_symbol': 'NIFTY2590224550CE', 'option_type': 'OTM', 'strike_price': np.float64(24550.0), 'option_price': np.float64(56.45), 'instrument_token': np.int64(12526850)}
2025-11-08 12:41:06,008 - INFO - Saved trade: 0, P&L=-1391.25
2025-11-08 12:41:06,220 - INFO - Bull pivot (touch) at 2025-09-01 10:45:00: close 24537.25 > range_high 24532.75 and low 24527.3 <= range_high
2025-11-08 12:41:06,226 - INFO - LONG entry signal at 2025-09-01 10:46:00 crossing pivot_high=24532.75 SL=24508.21725 (entry_price=24532.75, pct_stop=0.1)
2025-11-08 12:41:06,249 - INFO - Signal #3: buy at 2025-09-01 10:45:00 close=24538.75 (pending=yes)
2025-11-08 12:41:06,250 - INFO - Processing signal 'buy' at 2025-09-01 10:45:00 price=24538.75 option_data_present=True
2025-11-08 12:41:06,250 - INFO - Opened LONG position at 24538.75 on 2025-09-01 10:45:00
2025-11-08 12:41:06,250 - INFO - process_signal returned: None
2025-11-08 12:41:07,231 - INFO - LONG pct trail move: stop 24508.21725 -> 24509.383 at 2025-09-01 12:25:00
2025-11-08 12:41:07,257 - INFO - LONG pct trail move: stop 24509.383 -> 24513.6744 at 2025-09-01 12:25:00
2025-11-08 12:41:07,271 - INFO - LONG pct trail move: stop 24513.6744 -> 24516.219299999997 at 2025-09-01 12:27:00
2025-11-08 12:41:07,278 - INFO - LONG pct trail move: stop 24516.219299999997 -> 24523.355 at 2025-09-01 12:28:00
2025-11-08 12:41:07,285 - INFO - LONG pct trail move: stop 24523.355 -> 24524.9019 at 2025-09-01 12:29:00
2025-11-08 12:41:07,314 - INFO - LONG pct trail move: stop 24524.9019 -> 24525.201299999997 at 2025-09-01 12:30:00
2025-11-08 12:41:07,763 - INFO - LONG pct trail move: stop 24525.201299999997 -> 24526.6484 at 2025-09-01 12:39:00
2025-11-08 12:41:08,049 - INFO - LONG pct trail move: stop 24526.6484 -> 24529.1434 at 2025-09-01 13:04:00
2025-11-08 12:41:08,076 - INFO - LONG pct trail move: stop 24529.1434 -> 24532.6364 at 2025-09-01 13:05:00
2025-11-08 12:41:08,089 - INFO - LONG pct trail move: stop 24532.6364 -> 24539.6723 at 2025-09-01 13:07:00
2025-11-08 12:41:08,095 - INFO - LONG pct trail move: stop 24539.6723 -> 24539.822 at 2025-09-01 13:08:00
2025-11-08 12:41:08,101 - INFO - LONG pct trail move: stop 24539.822 -> 24542.1174 at 2025-09-01 13:09:00
2025-11-08 12:41:08,132 - INFO - LONG pct trail move: stop 24542.1174 -> 24542.7661 at 2025-09-01 13:10:00
2025-11-08 12:41:08,184 - INFO - LONG pct trail move: stop 24542.7661 -> 24543.9637 at 2025-09-01 13:15:00
2025-11-08 12:41:08,190 - INFO - LONG pct trail move: stop 24543.9637 -> 24544.911799999998 at 2025-09-01 13:16:00
2025-11-08 12:41:08,246 - INFO - LONG pct trail move: stop 24544.911799999998 -> 24546.458700000003 at 2025-09-01 13:21:00
2025-11-08 12:41:08,352 - INFO - LONG pct trail move: stop 24546.458700000003 -> 24548.6044 at 2025-09-01 13:30:00
2025-11-08 12:41:08,358 - INFO - LONG pct trail move: stop 24548.6044 -> 24552.0475 at 2025-09-01 13:31:00
2025-11-08 12:41:08,365 - INFO - LONG pct trail move: stop 24552.0475 -> 24554.293 at 2025-09-01 13:32:00
2025-11-08 12:41:08,371 - INFO - LONG pct trail move: stop 24554.293 -> 24556.9876 at 2025-09-01 13:33:00
2025-11-08 12:41:08,591 - INFO - LONG pct trail move: stop 24556.9876 -> 24557.0375 at 2025-09-01 13:52:00
2025-11-08 12:41:08,716 - INFO - LONG pct trail move: stop 24557.0375 -> 24557.786 at 2025-09-01 14:04:00
2025-11-08 12:41:08,717 - INFO - LONG pct trail move: stop 24557.786 -> 24558.0854 at 2025-09-01 14:05:00
2025-11-08 12:41:08,745 - INFO - LONG pct trail move: stop 24558.0854 -> 24560.4806 at 2025-09-01 14:05:00
2025-11-08 12:41:08,770 - INFO - LONG pct trail move: stop 24560.4806 -> 24565.1213 at 2025-09-01 14:09:00
2025-11-08 12:41:08,802 - INFO - LONG pct trail move: stop 24565.1213 -> 24566.3189 at 2025-09-01 14:10:00
2025-11-08 12:41:08,808 - INFO - LONG pct trail move: stop 24566.3189 -> 24566.6183 at 2025-09-01 14:11:00
2025-11-08 12:41:08,815 - INFO - LONG pct trail move: stop 24566.6183 -> 24567.2171 at 2025-09-01 14:12:00
2025-11-08 12:41:08,821 - INFO - LONG pct trail move: stop 24567.2171 -> 24567.3668 at 2025-09-01 14:13:00
2025-11-08 12:41:08,828 - INFO - LONG pct trail move: stop 24567.3668 -> 24571.0095 at 2025-09-01 14:14:00
2025-11-08 12:41:09,154 - INFO - LONG pct trail move: stop 24571.0095 -> 24571.259 at 2025-09-01 14:41:00
2025-11-08 12:41:09,161 - INFO - LONG pct trail move: stop 24571.259 -> 24573.754 at 2025-09-01 14:42:00
2025-11-08 12:41:09,333 - INFO - LONG pct trail move: stop 24573.754 -> 24574.203100000002 at 2025-09-01 14:56:00
2025-11-08 12:41:09,717 - INFO - LONG pct trail move: stop 24574.203100000002 -> 24581.239 at 2025-09-01 14:57:00
2025-11-08 12:41:09,723 - INFO - LONG pct trail move: stop 24581.239 -> 24584.1332 at 2025-09-01 14:58:00
2025-11-08 12:41:09,731 - INFO - LONG pct trail move: stop 24584.1332 -> 24584.4825 at 2025-09-01 14:59:00
2025-11-08 12:41:09,766 - INFO - LONG pct trail move: stop 24584.4825 -> 24585.630200000003 at 2025-09-01 15:00:00
2025-11-08 12:41:09,792 - INFO - Closed LONG position: P&L=2497.50
2025-11-08 12:41:09,798 - INFO - Saved trade: 1, P&L=2497.5
2025-11-08 12:41:10,125 - INFO - New trading day detected: 2025-09-02. Resetting ORB state.
2025-11-08 12:41:10,128 - INFO - New trading day detected: 2025-09-01. Resetting ORB state.
2025-11-08 12:41:25,530 - INFO - New trading day detected: 2025-09-02. Resetting ORB state.
2025-11-08 12:41:28,778 - INFO - ORB range finalized at 2025-09-02 09:29:00: HIGH=24685.3 LOW=24632.2
2025-11-08 12:41:28,892 - INFO - Bull pivot (touch) at 2025-09-02 09:37:00: close 24688.35 > range_high 24685.3 and low 24681.35 <= range_high
2025-11-08 12:41:28,898 - INFO - LONG entry signal at 2025-09-02 09:38:00 crossing pivot_high=24685.3 SL=24660.6147 (entry_price=24685.3, pct_stop=0.1)
2025-11-08 12:41:28,906 - INFO - Signal #4: buy at 2025-09-02 09:35:00 close=24687.55 (pending=yes)
2025-11-08 12:41:28,907 - INFO - Processing signal 'buy' at 2025-09-02 09:35:00 price=24687.55 option_data_present=True
2025-11-08 12:41:28,908 - INFO - Opened LONG position at 24687.55 on 2025-09-02 09:35:00
2025-11-08 12:41:28,908 - INFO - process_signal returned: None
2025-11-08 12:41:29,091 - INFO - LONG pct trail move: stop 24660.6147 -> 24669.6119 at 2025-09-02 09:52:00
2025-11-08 12:41:29,224 - INFO - LONG pct trail move: stop 24669.6119 -> 24678.544 at 2025-09-02 09:57:00
2025-11-08 12:41:29,232 - INFO - LONG pct trail move: stop 24678.544 -> 24679.142799999998 at 2025-09-02 09:58:00
2025-11-08 12:41:29,278 - INFO - LONG pct trail move: stop 24679.142799999998 -> 24679.691700000003 at 2025-09-02 10:00:00
2025-11-08 12:41:29,284 - INFO - LONG pct trail move: stop 24679.691700000003 -> 24684.2326 at 2025-09-02 10:01:00
2025-11-08 12:41:29,292 - INFO - LONG pct trail move: stop 24684.2326 -> 24690.3703 at 2025-09-02 10:02:00
2025-11-08 12:41:29,299 - INFO - LONG pct trail move: stop 24690.3703 -> 24692.2166 at 2025-09-02 10:03:00
2025-11-08 12:41:29,306 - INFO - LONG pct trail move: stop 24692.2166 -> 24696.5579 at 2025-09-02 10:04:00
2025-11-08 12:41:29,307 - INFO - LONG pct trail move: stop 24696.5579 -> 24696.7575 at 2025-09-02 10:05:00
2025-11-08 12:41:29,347 - INFO - LONG pct trail move: stop 24696.7575 -> 24697.655700000003 at 2025-09-02 10:05:00
2025-11-08 12:41:30,223 - INFO - LONG pct trail move: stop 24697.655700000003 -> 24698.953100000002 at 2025-09-02 11:10:00
2025-11-08 12:41:30,229 - INFO - LONG pct trail move: stop 24698.953100000002 -> 24699.5519 at 2025-09-02 11:11:00
2025-11-08 12:41:31,387 - INFO - LONG pct trail move: stop 24699.5519 -> 24699.8513 at 2025-09-02 12:34:00
2025-11-08 12:41:31,454 - INFO - LONG pct trail move: stop 24699.8513 -> 24701.5978 at 2025-09-02 12:38:00
2025-11-08 12:41:31,462 - INFO - LONG pct trail move: stop 24701.5978 -> 24705.1407 at 2025-09-02 12:39:00
2025-11-08 12:41:32,032 - INFO - LONG stop EXIT (early check) at 2025-09-02 13:18:00 stop=24705.1407
2025-11-08 12:41:32,040 - INFO - Signal #5: sell at 2025-09-02 13:15:00 close=24707.3 (pending=yes)
2025-11-08 12:41:32,041 - INFO - Processing signal 'sell' at 2025-09-02 13:15:00 price=24707.3 option_data_present=True
2025-11-08 12:41:32,041 - INFO - Closed LONG position: P&L=0.00
2025-11-08 12:41:32,041 - INFO - Opened SHORT position at 24707.3 on 2025-09-02 13:15:00
2025-11-08 12:41:32,041 - INFO - process_signal returned: {'trade_id': 2, 'entry_datetime': Timestamp('2025-09-02 09:35:00'), 'exit_datetime': Timestamp('2025-09-02 13:15:00'), 'entry_price': 24685.3, 'exit_price': 24707.3, 'entry_option_price': np.float64(34.3), 'exit_option_price': np.float64(34.3), 'position_type': 'long', 'action': 'closed', 'position_state': 'closed', 'profit_loss': np.float64(0.0), 'lot_size': 75, 'range_high': 24685.3, 'range_low': 24632.2, 'open_range_completed': True, 'pivot_time': Timestamp('2025-09-02 09:37:00'), 'pivot_high': 24685.3, 'pivot_low': 24632.2, 'pivot_direction': 'bull', 'entry_taken': True, 'daily_trade_taken': True, 'trades_taken_today': 1, 'max_trades_per_day': 3, 'in_position': False, 'stop_loss': 24705.1407, 'stop_loss_pct': 0.1, 'trailing_stop_pct': 0.2, 'trailing_anchor': 24754.65, 'target_pct': 0.5, 'target_price': 24808.726499999997, 'target_locked': False, 'in_entry_window': False, 'require_range_retouch': True, 'require_boundary_touch': True, 'option_symbol': 'NIFTY2590224700CE', 'option_type': 'ATM', 'strike_price': np.float64(24700.0), 'option_price': np.float64(34.3), 'instrument_token': np.int64(12528386)}
2025-11-08 12:41:32,044 - INFO - Saved trade: 2, P&L=0
2025-11-08 12:41:32,177 - INFO - Range retouched at 2025-09-02 13:29:00; re-arming breakout logic.
2025-11-08 12:41:32,221 - INFO - Bull pivot (touch) at 2025-09-02 13:30:00: close 24690.6 > range_high 24685.3 and low 24681.75 <= range_high
2025-11-08 12:41:32,226 - INFO - LONG entry signal at 2025-09-02 13:31:00 crossing pivot_high=24685.3 SL=24660.6147 (entry_price=24685.3, pct_stop=0.1)
2025-11-08 12:41:32,244 - INFO - Signal #6: buy at 2025-09-02 13:30:00 close=24697.0 (pending=yes)
2025-11-08 12:41:32,246 - INFO - Processing signal 'buy' at 2025-09-02 13:30:00 price=24697.0 option_data_present=True
2025-11-08 12:41:32,246 - INFO - Opened LONG position at 24697.0 on 2025-09-02 13:30:00
2025-11-08 12:41:32,246 - INFO - process_signal returned: None
2025-11-08 12:41:32,363 - INFO - LONG stop EXIT (early check) at 2025-09-02 13:42:00 stop=24660.6147
2025-11-08 12:41:32,368 - INFO - Range retouched at 2025-09-02 13:43:00; re-arming breakout logic.
2025-11-08 12:41:32,376 - INFO - Signal #7: sell at 2025-09-02 13:40:00 close=24655.05 (pending=yes)
2025-11-08 12:41:32,377 - INFO - Processing signal 'sell' at 2025-09-02 13:40:00 price=24655.05 option_data_present=True
2025-11-08 12:41:32,377 - INFO - PL% threshold reached (-23.32%), auto-closing long position
2025-11-08 12:41:32,377 - INFO - Closed LONG position: P&L=-600.00
2025-11-08 12:41:32,377 - INFO - process_signal returned: {'trade_id': 3, 'entry_datetime': Timestamp('2025-09-02 13:30:00'), 'exit_datetime': Timestamp('2025-09-02 13:40:00'), 'entry_price': 24685.3, 'exit_price': 24655.05, 'entry_option_price': np.float64(34.3), 'exit_option_price': np.float64(26.3), 'position_type': 'long', 'action': 'closed', 'position_state': 'closed', 'profit_loss': np.float64(-599.9999999999998), 'lot_size': 75, 'range_high': 24685.3, 'range_low': 24632.2, 'open_range_completed': True, 'pivot_time': Timestamp('2025-09-02 09:29:00'), 'pivot_high': 24685.3, 'pivot_low': 24632.2, 'pivot_direction': None, 'entry_taken': True, 'daily_trade_taken': True, 'trades_taken_today': 2, 'max_trades_per_day': 3, 'in_position': False, 'stop_loss': 24660.6147, 'stop_loss_pct': 0.1, 'trailing_stop_pct': 0.2, 'trailing_anchor': 24705.55, 'target_pct': 0.5, 'target_price': 24808.726499999997, 'target_locked': False, 'in_entry_window': False, 'require_range_retouch': False, 'require_boundary_touch': True, 'option_symbol': 'NIFTY2590224700CE', 'option_type': 'ATM', 'strike_price': np.float64(24700.0), 'option_price': np.float64(26.3), 'instrument_token': np.int64(12528386)}
2025-11-08 12:41:32,380 - INFO - Saved trade: 3, P&L=-600.0
2025-11-08 12:41:32,590 - INFO - Bear pivot (touch) at 2025-09-02 13:54:00: close 24627.7 < range_low 24632.2 and high 24644.15 >= range_low
2025-11-08 12:41:32,592 - INFO - SHORT entry signal at 2025-09-02 13:55:00 crossing pivot_low=24632.2 SL=24656.832199999997 (entry_price=24632.2, pct_stop=0.1)
2025-11-08 12:41:32,592 - INFO - Signal #8: sell at 2025-09-02 13:50:00 close=24627.7 (pending=no)
2025-11-08 12:41:32,597 - INFO - Processing signal 'sell' at 2025-09-02 13:50:00 price=24627.7 option_data_present=True
2025-11-08 12:41:32,597 - INFO - Opened SHORT position at 24627.7 on 2025-09-02 13:50:00
2025-11-08 12:41:32,597 - INFO - process_signal returned: None
2025-11-08 12:41:32,641 - INFO - SHORT pct trail move: stop 24656.832199999997 -> 24650.1519 at 2025-09-02 13:55:00
2025-11-08 12:41:32,648 - INFO - SHORT pct trail move: stop 24650.1519 -> 24642.837300000003 at 2025-09-02 13:56:00
2025-11-08 12:41:32,681 - INFO - SHORT pct trail move: stop 24642.837300000003 -> 24632.717099999998 at 2025-09-02 13:59:00
2025-11-08 12:41:32,736 - INFO - SHORT pct trail move: stop 24632.717099999998 -> 24629.059800000003 at 2025-09-02 14:00:00
2025-11-08 12:41:32,749 - INFO - SHORT pct trail move: stop 24629.059800000003 -> 24626.4045 at 2025-09-02 14:02:00
2025-11-08 12:41:33,622 - INFO - SHORT pct trail move: stop 24626.4045 -> 24608.619 at 2025-09-02 14:03:00
2025-11-08 12:41:33,628 - INFO - SHORT pct trail move: stop 24608.619 -> 24604.5108 at 2025-09-02 14:04:00
2025-11-08 12:41:33,690 - INFO - SHORT pct trail move: stop 24604.5108 -> 24594.591 at 2025-09-02 14:06:00
2025-11-08 12:41:33,698 - INFO - SHORT pct trail move: stop 24594.591 -> 24586.725300000002 at 2025-09-02 14:07:00
2025-11-08 12:41:33,756 - INFO - SHORT stop EXIT (early check) at 2025-09-02 14:10:00 stop=24586.725300000002
2025-11-08 12:41:33,788 - INFO - Signal #9: buy at 2025-09-02 14:10:00 close=24561.3 (pending=yes)
2025-11-08 12:41:33,789 - INFO - Processing signal 'buy' at 2025-09-02 14:10:00 price=24561.3 option_data_present=True
2025-11-08 12:41:33,789 - INFO - PL% threshold reached (-100.00%), auto-closing short position
2025-11-08 12:41:33,789 - INFO - Closed SHORT position: P&L=3142.50
2025-11-08 12:41:33,789 - INFO - process_signal returned: {'trade_id': 4, 'entry_datetime': Timestamp('2025-09-02 13:50:00'), 'exit_datetime': Timestamp('2025-09-02 14:10:00'), 'entry_price': 24632.2, 'exit_price': 24561.3, 'entry_option_price': np.float64(41.9), 'exit_option_price': np.float64(83.8), 'position_type': 'short', 'action': 'closed', 'position_state': 'closed', 'profit_loss': np.float64(3142.5), 'lot_size': 75, 'range_high': 24685.3, 'range_low': 24632.2, 'open_range_completed': True, 'pivot_time': Timestamp('2025-09-02 13:54:00'), 'pivot_high': 24685.3, 'pivot_low': 24632.2, 'pivot_direction': 'bear', 'entry_taken': True, 'daily_trade_taken': True, 'trades_taken_today': 3, 'max_trades_per_day': 3, 'in_position': False, 'stop_loss': 24586.725300000002, 'stop_loss_pct': 0.1, 'trailing_stop_pct': 0.2, 'trailing_anchor': 24537.65, 'target_pct': 0.5, 'target_price': 24509.039, 'target_locked': False, 'in_entry_window': False, 'require_range_retouch': True, 'require_boundary_touch': True, 'option_symbol': 'NIFTY2590224650PE', 'option_type': 'ITM', 'strike_price': np.float64(24650.0), 'option_price': np.float64(83.8), 'instrument_token': np.int64(12528130)}
2025-11-08 12:41:33,793 - INFO - Saved trade: 4, P&L=3142.5
2025-11-08 12:41:35,446 - INFO - New trading day detected: 2025-09-03. Resetting ORB state.
2025-11-08 12:41:35,450 - INFO - New trading day detected: 2025-09-02. Resetting ORB state.
2025-11-08 12:41:53,252 - INFO - New trading day detected: 2025-09-03. Resetting ORB state.
2025-11-08 12:41:57,143 - INFO - ORB range finalized at 2025-09-03 09:29:00: HIGH=24616.5 LOW=24533.3
2025-11-08 12:42:00,017 - INFO - Bull pivot (touch) at 2025-09-03 12:11:00: close 24621.05 > range_high 24616.5 and low 24610.5 <= range_high
2025-11-08 12:42:00,093 - INFO - LONG entry signal at 2025-09-03 12:12:00 crossing pivot_high=24616.5 SL=24591.8835 (entry_price=24616.5, pct_stop=0.1)
2025-11-08 12:42:00,107 - INFO - Signal #10: buy at 2025-09-03 12:10:00 close=24630.55 (pending=yes)
2025-11-08 12:42:00,108 - INFO - Processing signal 'buy' at 2025-09-03 12:10:00 price=24630.55 option_data_present=True
2025-11-08 12:42:00,109 - INFO - Opened LONG position at 24630.55 on 2025-09-03 12:10:00
2025-11-08 12:42:00,109 - INFO - process_signal returned: None
2025-11-08 12:42:00,266 - INFO - LONG pct trail move: stop 24591.8835 -> 24593.5144 at 2025-09-03 12:21:00
2025-11-08 12:42:00,272 - INFO - LONG pct trail move: stop 24593.5144 -> 24599.1032 at 2025-09-03 12:22:00
2025-11-08 12:42:00,619 - INFO - LONG pct trail move: stop 24599.1032 -> 24599.4026 at 2025-09-03 12:41:00
2025-11-08 12:42:00,905 - INFO - LONG stop EXIT (early check) at 2025-09-03 12:57:00 stop=24599.4026
2025-11-08 12:42:00,911 - INFO - Range retouched at 2025-09-03 12:58:00; re-arming breakout logic.
2025-11-08 12:42:00,919 - INFO - Signal #11: sell at 2025-09-03 12:55:00 close=24599.25 (pending=yes)
2025-11-08 12:42:00,920 - INFO - Processing signal 'sell' at 2025-09-03 12:55:00 price=24599.25 option_data_present=True
2025-11-08 12:42:00,920 - INFO - PL% threshold reached (-10.47%), auto-closing long position
2025-11-08 12:42:00,920 - INFO - Closed LONG position: P&L=-952.50
2025-11-08 12:42:00,920 - INFO - process_signal returned: {'trade_id': 5, 'entry_datetime': Timestamp('2025-09-03 12:10:00'), 'exit_datetime': Timestamp('2025-09-03 12:55:00'), 'entry_price': 24616.5, 'exit_price': 24599.25, 'entry_option_price': np.float64(121.25), 'exit_option_price': np.float64(108.55), 'position_type': 'long', 'action': 'closed', 'position_state': 'closed', 'profit_loss': np.float64(-952.5000000000002), 'lot_size': 75, 'range_high': 24616.5, 'range_low': 24533.3, 'open_range_completed': True, 'pivot_time': Timestamp('2025-09-03 09:29:00'), 'pivot_high': 24616.5, 'pivot_low': 24533.3, 'pivot_direction': None, 'entry_taken': True, 'daily_trade_taken': True, 'trades_taken_today': 1, 'max_trades_per_day': 3, 'in_position': False, 'stop_loss': 24599.4026, 'stop_loss_pct': 0.1, 'trailing_stop_pct': 0.2, 'trailing_anchor': 24648.7, 'target_pct': 0.5, 'target_price': 24739.582499999997, 'target_locked': False, 'in_entry_window': False, 'require_range_retouch': False, 'require_boundary_touch': True, 'option_symbol': 'NIFTY2590924650CE', 'option_type': 'OTM', 'strike_price': np.float64(24650.0), 'option_price': np.float64(108.55), 'instrument_token': np.int64(10386434)}
2025-11-08 12:42:00,923 - INFO - Saved trade: 5, P&L=-952.5
2025-11-08 12:42:01,355 - INFO - Bull pivot (touch) at 2025-09-03 13:20:00: close 24617.05 > range_high 24616.5 and low 24615.0 <= range_high
2025-11-08 12:42:01,361 - INFO - LONG entry signal at 2025-09-03 13:21:00 crossing pivot_high=24616.5 SL=24591.8835 (entry_price=24616.5, pct_stop=0.1)
2025-11-08 12:42:01,381 - INFO - Signal #12: buy at 2025-09-03 13:20:00 close=24612.0 (pending=yes)
2025-11-08 12:42:01,382 - INFO - Processing signal 'buy' at 2025-09-03 13:20:00 price=24612.0 option_data_present=True
2025-11-08 12:42:01,382 - INFO - Opened LONG position at 24612.0 on 2025-09-03 13:20:00
2025-11-08 12:42:01,382 - INFO - process_signal returned: None
2025-11-08 12:42:01,940 - INFO - LONG pct trail move: stop 24591.8835 -> 24593.4146 at 2025-09-03 13:50:00
2025-11-08 12:42:01,947 - INFO - LONG pct trail move: stop 24593.4146 -> 24595.111200000003 at 2025-09-03 13:51:00
2025-11-08 12:42:01,960 - INFO - LONG pct trail move: stop 24595.111200000003 -> 24598.9036 at 2025-09-03 13:53:00
2025-11-08 12:42:02,064 - INFO - LONG pct trail move: stop 24598.9036 -> 24600.0014 at 2025-09-03 13:56:00
2025-11-08 12:42:02,074 - INFO - LONG pct trail move: stop 24600.0014 -> 24600.350700000003 at 2025-09-03 13:57:00
2025-11-08 12:42:02,083 - INFO - LONG pct trail move: stop 24600.350700000003 -> 24604.4425 at 2025-09-03 13:58:00
2025-11-08 12:42:02,092 - INFO - LONG pct trail move: stop 24604.4425 -> 24605.2409 at 2025-09-03 13:59:00
2025-11-08 12:42:02,201 - INFO - LONG pct trail move: stop 24605.2409 -> 24605.7399 at 2025-09-03 14:00:00
2025-11-08 12:42:02,336 - INFO - LONG pct trail move: stop 24605.7399 -> 24610.181 at 2025-09-03 14:07:00
2025-11-08 12:42:02,343 - INFO - LONG pct trail move: stop 24610.181 -> 24610.4804 at 2025-09-03 14:08:00
2025-11-08 12:42:02,350 - INFO - LONG pct trail move: stop 24610.4804 -> 24614.073200000003 at 2025-09-03 14:09:00
2025-11-08 12:42:02,525 - INFO - LONG pct trail move: stop 24614.073200000003 -> 24624.0033 at 2025-09-03 14:10:00
2025-11-08 12:42:02,882 - INFO - LONG pct trail move: stop 24624.0033 -> 24624.7019 at 2025-09-03 14:30:00
2025-11-08 12:42:03,298 - INFO - LONG pct trail move: stop 24624.7019 -> 24628.793700000002 at 2025-09-03 14:31:00
2025-11-08 12:42:03,305 - INFO - LONG pct trail move: stop 24628.793700000002 -> 24630.190899999998 at 2025-09-03 14:32:00
2025-11-08 12:42:03,402 - INFO - LONG pct trail move: stop 24630.190899999998 -> 24630.64 at 2025-09-03 14:35:00
2025-11-08 12:42:03,894 - INFO - LONG pct trail move: stop 24630.64 -> 24635.729799999997 at 2025-09-03 14:53:00
2025-11-08 12:42:03,903 - INFO - LONG pct trail move: stop 24635.729799999997 -> 24635.8296 at 2025-09-03 14:54:00
2025-11-08 12:42:04,146 - INFO - LONG pct trail move: stop 24635.8296 -> 24639.7218 at 2025-09-03 15:00:00
2025-11-08 12:42:04,155 - INFO - LONG pct trail move: stop 24639.7218 -> 24640.969299999997 at 2025-09-03 15:01:00
2025-11-08 12:42:04,164 - INFO - LONG pct trail move: stop 24640.969299999997 -> 24646.757700000002 at 2025-09-03 15:02:00
2025-11-08 12:42:04,172 - INFO - LONG pct trail move: stop 24646.757700000002 -> 24653.743700000003 at 2025-09-03 15:03:00
2025-11-08 12:42:04,181 - INFO - LONG pct trail move: stop 24653.743700000003 -> 24653.8934 at 2025-09-03 15:04:00
2025-11-08 12:42:04,183 - INFO - LONG pct trail move: stop 24653.8934 -> 24654.192799999997 at 2025-09-03 15:05:00
2025-11-08 12:42:04,184 - INFO - Closed LONG position: P&L=2403.75
2025-11-08 12:42:04,189 - INFO - Saved trade: 6, P&L=2403.75
2025-11-08 12:42:04,291 - INFO - LONG pct trail move: stop 24654.192799999997 -> 24656.8375 at 2025-09-03 15:05:00
2025-11-08 12:42:04,301 - INFO - LONG pct trail move: stop 24656.8375 -> 24658.8335 at 2025-09-03 15:06:00
2025-11-08 12:42:04,313 - INFO - LONG pct trail move: stop 24658.8335 -> 24660.9293 at 2025-09-03 15:07:00
2025-11-08 12:42:04,331 - INFO - LONG pct trail move: stop 24660.9293 -> 24664.921299999998 at 2025-09-03 15:09:00
2025-11-08 12:42:04,333 - INFO - LONG pct trail move: stop 24664.921299999998 -> 24667.6159 at 2025-09-03 15:10:00
2025-11-08 12:42:04,392 - INFO - LONG pct trail move: stop 24667.6159 -> 24674.8015 at 2025-09-03 15:10:00
2025-11-08 12:42:04,780 - INFO - LONG pct trail move: stop 24674.8015 -> 24681.2386 at 2025-09-03 15:11:00
2025-11-08 12:42:04,785 - INFO - LONG pct trail move: stop 24681.2386 -> 24682.6857 at 2025-09-03 15:12:00
2025-11-08 12:42:04,790 - INFO - LONG pct trail move: stop 24682.6857 -> 24687.1268 at 2025-09-03 15:13:00
2025-11-08 12:42:05,126 - INFO - New trading day detected: 2025-09-04. Resetting ORB state.
2025-11-08 12:42:05,128 - INFO - New trading day detected: 2025-09-03. Resetting ORB state.
2025-11-08 12:42:23,308 - INFO - New trading day detected: 2025-09-04. Resetting ORB state.
2025-11-08 12:42:25,393 - INFO - ORB range finalized at 2025-09-04 09:29:00: HIGH=24980.75 LOW=24848.15
2025-11-08 12:42:26,285 - INFO - Bear pivot (touch) at 2025-09-04 10:13:00: close 24843.65 < range_low 24848.15 and high 24849.0 >= range_low
2025-11-08 12:42:26,291 - INFO - SHORT entry signal at 2025-09-04 10:14:00 crossing pivot_low=24848.15 SL=24872.99815 (entry_price=24848.15, pct_stop=0.1)
2025-11-08 12:42:26,293 - INFO - Signal #13: sell at 2025-09-04 10:10:00 close=24835.7 (pending=yes)
2025-11-08 12:42:26,294 - INFO - Processing signal 'sell' at 2025-09-04 10:10:00 price=24835.7 option_data_present=True
2025-11-08 12:42:26,294 - INFO - Opened SHORT position at 24835.7 on 2025-09-04 10:10:00
2025-11-08 12:42:26,294 - INFO - process_signal returned: None
2025-11-08 12:42:26,476 - INFO - SHORT stop EXIT (early check) at 2025-09-04 10:22:00 stop=24872.99815
2025-11-08 12:42:26,484 - INFO - Range retouched at 2025-09-04 10:23:00; re-arming breakout logic.
2025-11-08 12:42:26,491 - INFO - Signal #14: buy at 2025-09-04 10:20:00 close=24873.75 (pending=yes)
2025-11-08 12:42:26,492 - INFO - Processing signal 'buy' at 2025-09-04 10:20:00 price=24873.75 option_data_present=True
2025-11-08 12:42:26,492 - INFO - Closed SHORT position: P&L=0.00
2025-11-08 12:42:26,492 - INFO - Opened LONG position at 24873.75 on 2025-09-04 10:20:00
2025-11-08 12:42:26,492 - INFO - process_signal returned: {'trade_id': 7, 'entry_datetime': Timestamp('2025-09-04 10:10:00'), 'exit_datetime': Timestamp('2025-09-04 10:20:00'), 'entry_price': 24848.15, 'exit_price': 24873.75, 'entry_option_price': np.float64(96.1), 'exit_option_price': np.float64(96.1), 'position_type': 'short', 'action': 'closed', 'position_state': 'closed', 'profit_loss': np.float64(0.0), 'lot_size': 75, 'range_high': 24980.75, 'range_low': 24848.15, 'open_range_completed': True, 'pivot_time': Timestamp('2025-09-04 09:29:00'), 'pivot_high': 24980.75, 'pivot_low': 24848.15, 'pivot_direction': None, 'entry_taken': True, 'daily_trade_taken': True, 'trades_taken_today': 1, 'max_trades_per_day': 3, 'in_position': False, 'stop_loss': 24872.99815, 'stop_loss_pct': 0.1, 'trailing_stop_pct': 0.2, 'trailing_anchor': 24830.2, 'target_pct': 0.5, 'target_price': 24723.90925, 'target_locked': False, 'in_entry_window': False, 'require_range_retouch': False, 'require_boundary_touch': True, 'option_symbol': 'NIFTY2590924850PE', 'option_type': 'ATM', 'strike_price': np.float64(24850.0), 'option_price': np.float64(96.1), 'instrument_token': np.int64(10389506)}
2025-11-08 12:42:26,496 - INFO - Saved trade: 7, P&L=0
2025-11-08 12:42:26,591 - INFO - Bear pivot (touch) at 2025-09-04 10:28:00: close 24846.65 < range_low 24848.15 and high 24853.95 >= range_low
2025-11-08 12:42:26,597 - INFO - SHORT entry signal at 2025-09-04 10:29:00 crossing pivot_low=24848.15 SL=24872.99815 (entry_price=24848.15, pct_stop=0.1)
2025-11-08 12:42:26,599 - INFO - Signal #15: sell at 2025-09-04 10:25:00 close=24846.55 (pending=yes)
2025-11-08 12:42:26,600 - INFO - Processing signal 'sell' at 2025-09-04 10:25:00 price=24846.55 option_data_present=True
2025-11-08 12:42:26,600 - INFO - Opened SHORT position at 24846.55 on 2025-09-04 10:25:00
2025-11-08 12:42:26,600 - INFO - process_signal returned: None
2025-11-08 12:42:27,358 - INFO - SHORT pct trail move: stop 24872.99815 -> 24871.4937 at 2025-09-04 10:40:00
2025-11-08 12:42:27,364 - INFO - SHORT pct trail move: stop 24871.4937 -> 24858.1671 at 2025-09-04 10:41:00
2025-11-08 12:42:27,370 - INFO - SHORT pct trail move: stop 24858.1671 -> 24854.3595 at 2025-09-04 10:42:00
2025-11-08 12:42:28,193 - INFO - SHORT pct trail move: stop 24854.3595 -> 24853.708199999997 at 2025-09-04 11:22:00
2025-11-08 12:42:28,201 - INFO - SHORT pct trail move: stop 24853.708199999997 -> 24853.608 at 2025-09-04 11:23:00
2025-11-08 12:42:28,207 - INFO - SHORT pct trail move: stop 24853.608 -> 24849.1491 at 2025-09-04 11:24:00
2025-11-08 12:42:29,245 - INFO - SHORT pct trail move: stop 24849.1491 -> 24848.1972 at 2025-09-04 12:11:00
2025-11-08 12:42:29,253 - INFO - SHORT pct trail move: stop 24848.1972 -> 24841.7844 at 2025-09-04 12:12:00
2025-11-08 12:42:29,260 - INFO - SHORT pct trail move: stop 24841.7844 -> 24837.676199999998 at 2025-09-04 12:13:00
2025-11-08 12:42:29,373 - INFO - SHORT pct trail move: stop 24837.676199999998 -> 24834.670199999997 at 2025-09-04 12:18:00
2025-11-08 12:42:29,379 - INFO - SHORT pct trail move: stop 24834.670199999997 -> 24830.8626 at 2025-09-04 12:19:00
2025-11-08 12:42:29,459 - INFO - SHORT pct trail move: stop 24830.8626 -> 24830.712300000003 at 2025-09-04 12:20:00
2025-11-08 12:42:29,466 - INFO - SHORT pct trail move: stop 24830.712300000003 -> 24824.7003 at 2025-09-04 12:21:00
2025-11-08 12:42:29,543 - INFO - SHORT pct trail move: stop 24824.7003 -> 24821.7444 at 2025-09-04 12:22:00
2025-11-08 12:42:29,549 - INFO - SHORT pct trail move: stop 24821.7444 -> 24818.1873 at 2025-09-04 12:23:00
2025-11-08 12:42:29,637 - INFO - SHORT pct trail move: stop 24818.1873 -> 24817.2354 at 2025-09-04 12:25:00
2025-11-08 12:42:29,998 - INFO - SHORT stop EXIT (early check) at 2025-09-04 12:44:00 stop=24817.2354
2025-11-08 12:42:30,000 - INFO - Signal #16: buy at 2025-09-04 12:40:00 close=24819.35 (pending=yes)
2025-11-08 12:42:30,001 - INFO - Processing signal 'buy' at 2025-09-04 12:40:00 price=24819.35 option_data_present=True
2025-11-08 12:42:30,001 - INFO - PL% threshold reached (-10.41%), auto-closing short position
2025-11-08 12:42:30,001 - INFO - Closed SHORT position: P&L=750.00
2025-11-08 12:42:30,001 - INFO - process_signal returned: {'trade_id': 8, 'entry_datetime': Timestamp('2025-09-04 10:25:00'), 'exit_datetime': Timestamp('2025-09-04 12:40:00'), 'entry_price': 24848.15, 'exit_price': 24819.35, 'entry_option_price': np.float64(96.1), 'exit_option_price': np.float64(106.1), 'position_type': 'short', 'action': 'closed', 'position_state': 'closed', 'profit_loss': np.float64(750.0), 'lot_size': 75, 'range_high': 24980.75, 'range_low': 24848.15, 'open_range_completed': True, 'pivot_time': Timestamp('2025-09-04 10:28:00'), 'pivot_high': 24980.75, 'pivot_low': 24848.15, 'pivot_direction': 'bear', 'entry_taken': True, 'daily_trade_taken': True, 'trades_taken_today': 2, 'max_trades_per_day': 3, 'in_position': False, 'stop_loss': 24817.2354, 'stop_loss_pct': 0.1, 'trailing_stop_pct': 0.2, 'trailing_anchor': 24767.7, 'target_pct': 0.5, 'target_price': 24723.90925, 'target_locked': False, 'in_entry_window': False, 'require_range_retouch': True, 'require_boundary_touch': True, 'option_symbol': 'NIFTY2590924850PE', 'option_type': 'ITM', 'strike_price': np.float64(24850.0), 'option_price': np.float64(106.1), 'instrument_token': np.int64(10389506)}
2025-11-08 12:42:30,005 - INFO - Saved trade: 8, P&L=750.0
2025-11-08 12:42:34,564 - INFO - New trading day detected: 2025-09-05. Resetting ORB state.
2025-11-08 12:42:34,567 - INFO - New trading day detected: 2025-09-04. Resetting ORB state.
2025-11-08 12:42:51,135 - INFO - New trading day detected: 2025-09-05. Resetting ORB state.
2025-11-08 12:42:54,292 - INFO - ORB range finalized at 2025-09-05 09:29:00: HIGH=24831.65 LOW=24781.05
2025-11-08 12:42:54,617 - INFO - Bear pivot (touch) at 2025-09-05 09:40:00: close 24780.2 < range_low 24781.05 and high 24782.9 >= range_low
2025-11-08 12:42:54,623 - INFO - SHORT entry signal at 2025-09-05 09:41:00 crossing pivot_low=24781.05 SL=24805.831049999997 (entry_price=24781.05, pct_stop=0.1)
2025-11-08 12:42:54,644 - INFO - Signal #17: sell at 2025-09-05 09:40:00 close=24778.85 (pending=yes)
2025-11-08 12:42:54,645 - INFO - Processing signal 'sell' at 2025-09-05 09:40:00 price=24778.85 option_data_present=True
2025-11-08 12:42:54,645 - INFO - Opened SHORT position at 24778.85 on 2025-09-05 09:40:00
2025-11-08 12:42:54,645 - INFO - process_signal returned: None
2025-11-08 12:42:55,656 - INFO - SHORT pct trail move: stop 24805.831049999997 -> 24805.6122 at 2025-09-05 10:08:00
2025-11-08 12:42:55,663 - INFO - SHORT pct trail move: stop 24805.6122 -> 24803.3076 at 2025-09-05 10:09:00
2025-11-08 12:42:55,754 - INFO - SHORT pct trail move: stop 24803.3076 -> 24775.101300000002 at 2025-09-05 10:10:00
2025-11-08 12:42:56,213 - INFO - SHORT pct trail move: stop 24775.101300000002 -> 24762.0753 at 2025-09-05 10:11:00
2025-11-08 12:42:56,219 - INFO - SHORT pct trail move: stop 24762.0753 -> 24734.219699999998 at 2025-09-05 10:12:00
2025-11-08 12:42:56,226 - INFO - SHORT pct trail move: stop 24734.219699999998 -> 24728.2077 at 2025-09-05 10:13:00
2025-11-08 12:42:56,232 - INFO - SHORT pct trail move: stop 24728.2077 -> 24724.6506 at 2025-09-05 10:14:00
2025-11-08 12:42:56,753 - INFO - SHORT target reached: stop 24724.6506 -> 24657.14475 at 2025-09-05 10:15:00
2025-11-08 12:42:56,753 - INFO - SHORT stop EXIT (post adjust) at 2025-09-05 10:15:00 stop=24657.14475
2025-11-08 12:42:56,779 - INFO - Signal #18: buy at 2025-09-05 10:15:00 close=24650.45 (pending=yes)
2025-11-08 12:42:56,919 - INFO - Processing signal 'buy' at 2025-09-05 10:15:00 price=24650.45 option_data_present=True
2025-11-08 12:42:56,920 - INFO - PL% threshold reached (-103.84%), auto-closing short position
2025-11-08 12:42:56,920 - INFO - Closed SHORT position: P&L=6900.00
2025-11-08 12:42:56,920 - INFO - process_signal returned: {'trade_id': 9, 'entry_datetime': Timestamp('2025-09-05 09:40:00'), 'exit_datetime': Timestamp('2025-09-05 10:15:00'), 'entry_price': 24781.05, 'exit_price': 24650.45, 'entry_option_price': np.float64(88.6), 'exit_option_price': np.float64(180.6), 'position_type': 'short', 'action': 'closed', 'position_state': 'closed', 'profit_loss': np.float64(6900.0), 'lot_size': 75, 'range_high': 24831.65, 'range_low': 24781.05, 'open_range_completed': True, 'pivot_time': Timestamp('2025-09-05 09:40:00'), 'pivot_high': 24831.65, 'pivot_low': 24781.05, 'pivot_direction': 'bear', 'entry_taken': True, 'daily_trade_taken': True, 'trades_taken_today': 1, 'max_trades_per_day': 3, 'in_position': False, 'stop_loss': 24657.14475, 'stop_loss_pct': 0.1, 'trailing_stop_pct': 0.2, 'trailing_anchor': 24652.05, 'target_pct': 0.5, 'target_price': 24657.14475, 'target_locked': True, 'in_entry_window': False, 'require_range_retouch': True, 'require_boundary_touch': True, 'option_symbol': 'NIFTY2590924800PE', 'option_type': 'ITM', 'strike_price': np.float64(24800.0), 'option_price': np.float64(180.6), 'instrument_token': np.int64(10388994)}
2025-11-08 12:42:56,924 - INFO - Saved trade: 9, P&L=6900.0
2025-11-08 12:43:03,056 - INFO - Range retouched at 2025-09-05 14:00:00; re-arming breakout logic.
2025-11-08 12:43:03,063 - INFO - Bear pivot (touch) at 2025-09-05 14:01:00: close 24780.2 < range_low 24781.05 and high 24790.75 >= range_low
2025-11-08 12:43:03,069 - INFO - SHORT entry signal at 2025-09-05 14:02:00 crossing pivot_low=24781.05 SL=24805.831049999997 (entry_price=24781.05, pct_stop=0.1)
2025-11-08 12:43:03,082 - INFO - Signal #19: sell at 2025-09-05 14:00:00 close=24773.7 (pending=yes)
2025-11-08 12:43:03,083 - INFO - Processing signal 'sell' at 2025-09-05 14:00:00 price=24773.7 option_data_present=True
2025-11-08 12:43:03,083 - INFO - Opened SHORT position at 24773.7 on 2025-09-05 14:00:00
2025-11-08 12:43:03,083 - INFO - process_signal returned: None
2025-11-08 12:43:03,201 - INFO - SHORT pct trail move: stop 24805.831049999997 -> 24800.1513 at 2025-09-05 14:08:00
2025-11-08 12:43:03,320 - INFO - SHORT pct trail move: stop 24800.1513 -> 24796.0932 at 2025-09-05 14:11:00
2025-11-08 12:43:03,326 - INFO - SHORT pct trail move: stop 24796.0932 -> 24795.8928 at 2025-09-05 14:12:00
2025-11-08 12:43:03,341 - INFO - SHORT pct trail move: stop 24795.8928 -> 24794.840699999997 at 2025-09-05 14:14:00
2025-11-08 12:43:03,441 - INFO - SHORT pct trail move: stop 24794.840699999997 -> 24791.2335 at 2025-09-05 14:15:00
2025-11-08 12:43:03,973 - INFO - SHORT pct trail move: stop 24791.2335 -> 24782.466 at 2025-09-05 14:35:00
2025-11-08 12:43:03,979 - INFO - SHORT pct trail move: stop 24782.466 -> 24778.959 at 2025-09-05 14:36:00
2025-11-08 12:43:03,998 - INFO - SHORT pct trail move: stop 24778.959 -> 24772.345800000003 at 2025-09-05 14:39:00
2025-11-08 12:43:04,101 - INFO - SHORT pct trail move: stop 24772.345800000003 -> 24770.1915 at 2025-09-05 14:40:00
2025-11-08 12:43:04,656 - INFO - Closed SHORT position: P&L=0.00
2025-11-08 12:43:04,660 - INFO - Saved trade: 10, P&L=0
2025-11-08 12:43:05,424 - INFO - Backtest finished: signals=19 trades=11
2025-11-08 12:43:05,426 - INFO - BACKTEST SUMMARY:
2025-11-08 12:43:05,426 - INFO - Total Trades: 11
2025-11-08 12:43:05,426 - INFO - Total P&L: 12750.00
2025-11-08 12:43:05,426 - INFO - Winning Trades: 5
2025-11-08 12:43:05,427 - INFO - Losing Trades: 3
2025-11-08 12:43:05,427 - INFO - Win Rate: 45.45%
